# Tom Rexington, Esq. -- FPV arms + Exhibitfy Bates stamp
# Quads preserved. Y-up, metres, camera at origin looking -Z.
mtllib exhibitfy_fpv.mtl

o Stamp_DieBlock
usemtl Rubber_Base
v 0.140737 -0.191916 -0.411971
v 0.123923 -0.193839 -0.418227
v 0.107108 -0.195762 -0.424482
v 0.090294 -0.197685 -0.430737
v 0.073480 -0.199608 -0.436993
v 0.056666 -0.201531 -0.443248
v 0.039852 -0.203455 -0.449503
v 0.026526 -0.205775 -0.452832
v 0.040514 -0.195960 -0.464428
v 0.045128 -0.187212 -0.479519
v 0.049742 -0.178465 -0.494610
v 0.054355 -0.169718 -0.509701
v 0.054867 -0.168748 -0.511375
v 0.071681 -0.166824 -0.505119
v 0.088495 -0.164901 -0.498864
v 0.105309 -0.162978 -0.492609
v 0.122124 -0.161055 -0.486353
v 0.138938 -0.159132 -0.480098
v 0.155752 -0.157209 -0.473843
v 0.169078 -0.154888 -0.470514
v 0.155090 -0.164703 -0.458918
v 0.150476 -0.173451 -0.443827
v 0.145862 -0.182198 -0.428736
v 0.141248 -0.190945 -0.413645
v 0.140737 -0.191916 -0.411971
v 0.141569 -0.190150 -0.407822
v 0.123843 -0.192178 -0.414416
v 0.106118 -0.194205 -0.421011
v 0.088392 -0.196233 -0.427605
v 0.070666 -0.198260 -0.434199
v 0.052940 -0.200288 -0.440794
v 0.035215 -0.202315 -0.447388
v 0.022383 -0.204137 -0.451437
v 0.037369 -0.193758 -0.463580
v 0.042233 -0.184537 -0.479489
v 0.047097 -0.175315 -0.495399
v 0.051961 -0.166094 -0.511308
v 0.052450 -0.165165 -0.512909
v 0.070176 -0.163138 -0.506315
v 0.087902 -0.161110 -0.499721
v 0.105627 -0.159083 -0.493126
v 0.123353 -0.157055 -0.486532
v 0.141079 -0.155028 -0.479937
v 0.158805 -0.153001 -0.473343
v 0.171637 -0.151178 -0.469294
v 0.156650 -0.161557 -0.457151
v 0.151787 -0.170779 -0.441242
v 0.146923 -0.180000 -0.425333
v 0.142059 -0.189222 -0.409423
v 0.141569 -0.190150 -0.407822
v 0.140663 -0.187095 -0.406327
v 0.122938 -0.189122 -0.412922
v 0.105212 -0.191150 -0.419516
v 0.087486 -0.193177 -0.426111
v 0.069761 -0.195204 -0.432705
v 0.052035 -0.197232 -0.439300
v 0.034309 -0.199259 -0.445894
v 0.021477 -0.201082 -0.449943
v 0.036463 -0.190703 -0.462086
v 0.041327 -0.181481 -0.477995
v 0.046191 -0.172259 -0.493904
v 0.051055 -0.163038 -0.509813
v 0.051545 -0.162109 -0.511415
v 0.069271 -0.160082 -0.504821
v 0.086996 -0.158055 -0.498226
v 0.104722 -0.156027 -0.491632
v 0.122448 -0.154000 -0.485037
v 0.140173 -0.151972 -0.478443
v 0.157899 -0.149945 -0.471848
v 0.170731 -0.148123 -0.467799
v 0.155745 -0.158502 -0.455657
v 0.150881 -0.167723 -0.439747
v 0.146017 -0.176945 -0.423838
v 0.141153 -0.186166 -0.407929
v 0.140663 -0.187095 -0.406327
v 0.138247 -0.183512 -0.407862
v 0.121433 -0.185436 -0.414117
v 0.104618 -0.187359 -0.420373
v 0.087804 -0.189282 -0.426628
v 0.070990 -0.191205 -0.432883
v 0.054176 -0.193128 -0.439139
v 0.037362 -0.195051 -0.445394
v 0.024036 -0.197372 -0.448723
v 0.038024 -0.187557 -0.460318
v 0.042638 -0.178809 -0.475409
v 0.047252 -0.170062 -0.490500
v 0.051865 -0.161315 -0.505591
v 0.052377 -0.160344 -0.507265
v 0.069191 -0.158421 -0.501010
v 0.086005 -0.156498 -0.494755
v 0.102819 -0.154575 -0.488499
v 0.119634 -0.152652 -0.482244
v 0.136448 -0.150729 -0.475989
v 0.153262 -0.148805 -0.469733
v 0.166588 -0.146485 -0.466404
v 0.152600 -0.156300 -0.454809
v 0.147986 -0.165047 -0.439718
v 0.143372 -0.173795 -0.424627
v 0.138758 -0.182542 -0.409536
v 0.138247 -0.183512 -0.407862
v 0.097802 -0.180332 -0.461673
v 0.140737 -0.191916 -0.411971
v 0.123923 -0.193839 -0.418227
v 0.107108 -0.195762 -0.424482
v 0.090294 -0.197685 -0.430737
v 0.073480 -0.199608 -0.436993
v 0.056666 -0.201531 -0.443248
v 0.039852 -0.203455 -0.449503
v 0.026526 -0.205775 -0.452832
v 0.040514 -0.195960 -0.464428
v 0.045128 -0.187212 -0.479519
v 0.049742 -0.178465 -0.494610
v 0.054355 -0.169718 -0.509701
v 0.054867 -0.168748 -0.511375
v 0.071681 -0.166824 -0.505119
v 0.088495 -0.164901 -0.498864
v 0.105309 -0.162978 -0.492609
v 0.122124 -0.161055 -0.486353
v 0.138938 -0.159132 -0.480098
v 0.155752 -0.157209 -0.473843
v 0.169078 -0.154888 -0.470514
v 0.155090 -0.164703 -0.458918
v 0.150476 -0.173451 -0.443827
v 0.145862 -0.182198 -0.428736
v 0.141248 -0.190945 -0.413645
v 0.095312 -0.171928 -0.457564
v 0.138247 -0.183512 -0.407862
v 0.121433 -0.185436 -0.414117
v 0.104618 -0.187359 -0.420373
v 0.087804 -0.189282 -0.426628
v 0.070990 -0.191205 -0.432883
v 0.054176 -0.193128 -0.439139
v 0.037362 -0.195051 -0.445394
v 0.024036 -0.197372 -0.448723
v 0.038024 -0.187557 -0.460318
v 0.042638 -0.178809 -0.475409
v 0.047252 -0.170062 -0.490500
v 0.051865 -0.161315 -0.505591
v 0.052377 -0.160344 -0.507265
v 0.069191 -0.158421 -0.501010
v 0.086005 -0.156498 -0.494755
v 0.102819 -0.154575 -0.488499
v 0.119634 -0.152652 -0.482244
v 0.136448 -0.150729 -0.475989
v 0.153262 -0.148805 -0.469733
v 0.166588 -0.146485 -0.466404
v 0.152600 -0.156300 -0.454809
v 0.147986 -0.165047 -0.439718
v 0.143372 -0.173795 -0.424627
v 0.138758 -0.182542 -0.409536
v 0.140161 -0.184583 -0.404512
v 0.122273 -0.186629 -0.411167
v 0.104384 -0.188675 -0.417822
v 0.086496 -0.190721 -0.424477
v 0.068607 -0.192767 -0.431132
v 0.050719 -0.194813 -0.437787
v 0.032830 -0.196860 -0.444442
v 0.020097 -0.198591 -0.448617
v 0.035251 -0.188113 -0.460860
v 0.040160 -0.178807 -0.476916
v 0.045068 -0.169501 -0.492971
v 0.049977 -0.160194 -0.509026
v 0.053278 -0.153935 -0.519825
v 0.068351 -0.157227 -0.503960
v 0.086240 -0.155181 -0.497305
v 0.104128 -0.153135 -0.490650
v 0.122017 -0.151089 -0.483995
v 0.139905 -0.149043 -0.477340
v 0.157793 -0.146997 -0.470685
v 0.170527 -0.145266 -0.466510
v 0.155373 -0.155744 -0.454267
v 0.150464 -0.165050 -0.438212
v 0.145556 -0.174356 -0.422156
v 0.140647 -0.183662 -0.406101
v 0.140161 -0.184583 -0.404512
v 0.141202 -0.182377 -0.399325
v 0.122174 -0.184553 -0.406404
v 0.103146 -0.186730 -0.413483
v 0.084118 -0.188906 -0.420562
v 0.065090 -0.191082 -0.427641
v 0.046062 -0.193259 -0.434720
v 0.027034 -0.195435 -0.441798
v 0.026098 -0.195260 -0.442723
v 0.031320 -0.185361 -0.459801
v 0.036541 -0.175462 -0.476879
v 0.041762 -0.165563 -0.493957
v 0.046983 -0.155664 -0.511035
v 0.050474 -0.149047 -0.522451
v 0.066470 -0.152619 -0.505454
v 0.085498 -0.150443 -0.498376
v 0.104526 -0.148266 -0.491297
v 0.123553 -0.146090 -0.484218
v 0.142581 -0.143914 -0.477139
v 0.161609 -0.141737 -0.470060
v 0.162545 -0.141912 -0.469136
v 0.157324 -0.151811 -0.452058
v 0.152102 -0.161710 -0.434980
v 0.146881 -0.171609 -0.417902
v 0.141660 -0.181508 -0.400824
v 0.141202 -0.182377 -0.399325
v 0.140636 -0.180467 -0.398391
v 0.121608 -0.182643 -0.405470
v 0.102580 -0.184820 -0.412549
v 0.083552 -0.186996 -0.419628
v 0.064524 -0.189173 -0.426707
v 0.045496 -0.191349 -0.433786
v 0.026468 -0.193525 -0.440864
v 0.025532 -0.193351 -0.441789
v 0.030754 -0.183452 -0.458867
v 0.035975 -0.173553 -0.475945
v 0.041196 -0.163653 -0.493023
v 0.046417 -0.153754 -0.510101
v 0.049908 -0.147137 -0.521517
v 0.065904 -0.150709 -0.504520
v 0.084932 -0.148533 -0.497442
v 0.103960 -0.146357 -0.490363
v 0.122988 -0.144180 -0.483284
v 0.142016 -0.142004 -0.476205
v 0.161044 -0.139827 -0.469126
v 0.161979 -0.140002 -0.468202
v 0.156758 -0.149901 -0.451124
v 0.151536 -0.159800 -0.434046
v 0.146315 -0.169699 -0.416968
v 0.141094 -0.179598 -0.399890
v 0.140636 -0.180467 -0.398391
v 0.137615 -0.175989 -0.400309
v 0.119726 -0.178035 -0.406964
v 0.101838 -0.180081 -0.413619
v 0.083949 -0.182127 -0.420274
v 0.066061 -0.184173 -0.426929
v 0.048172 -0.186219 -0.433584
v 0.030284 -0.188265 -0.440239
v 0.017550 -0.189997 -0.444414
v 0.032704 -0.179519 -0.456657
v 0.037613 -0.170213 -0.472713
v 0.042522 -0.160906 -0.488768
v 0.047430 -0.151600 -0.504823
v 0.050732 -0.145341 -0.515622
v 0.065804 -0.148633 -0.499757
v 0.083693 -0.146587 -0.493102
v 0.101581 -0.144541 -0.486447
v 0.119470 -0.142495 -0.479792
v 0.137358 -0.140449 -0.473137
v 0.155247 -0.138403 -0.466482
v 0.167981 -0.136671 -0.462307
v 0.152826 -0.147149 -0.450064
v 0.147918 -0.156456 -0.434009
v 0.143009 -0.165762 -0.417953
v 0.138100 -0.175068 -0.401898
v 0.137615 -0.175989 -0.400309
v 0.095429 -0.171706 -0.457947
v 0.140161 -0.184583 -0.404512
v 0.122273 -0.186629 -0.411167
v 0.104384 -0.188675 -0.417822
v 0.086496 -0.190721 -0.424477
v 0.068607 -0.192767 -0.431132
v 0.050719 -0.194813 -0.437787
v 0.032830 -0.196860 -0.444442
v 0.020097 -0.198591 -0.448617
v 0.035251 -0.188113 -0.460860
v 0.040160 -0.178807 -0.476916
v 0.045068 -0.169501 -0.492971
v 0.049977 -0.160194 -0.509026
v 0.053278 -0.153935 -0.519825
v 0.068351 -0.157227 -0.503960
v 0.086240 -0.155181 -0.497305
v 0.104128 -0.153135 -0.490650
v 0.122017 -0.151089 -0.483995
v 0.139905 -0.149043 -0.477340
v 0.157793 -0.146997 -0.470685
v 0.170527 -0.145266 -0.466510
v 0.155373 -0.155744 -0.454267
v 0.150464 -0.165050 -0.438212
v 0.145556 -0.174356 -0.422156
v 0.140647 -0.183662 -0.406101
v 0.092883 -0.163112 -0.453744
v 0.137615 -0.175989 -0.400309
v 0.119726 -0.178035 -0.406964
v 0.101838 -0.180081 -0.413619
v 0.083949 -0.182127 -0.420274
v 0.066061 -0.184173 -0.426929
v 0.048172 -0.186219 -0.433584
v 0.030284 -0.188265 -0.440239
v 0.017550 -0.189997 -0.444414
v 0.032704 -0.179519 -0.456657
v 0.037613 -0.170213 -0.472713
v 0.042522 -0.160906 -0.488768
v 0.047430 -0.151600 -0.504823
v 0.050732 -0.145341 -0.515622
v 0.065804 -0.148633 -0.499757
v 0.083693 -0.146587 -0.493102
v 0.101581 -0.144541 -0.486447
v 0.119470 -0.142495 -0.479792
v 0.137358 -0.140449 -0.473137
v 0.155247 -0.138403 -0.466482
v 0.167981 -0.136671 -0.462307
v 0.152826 -0.147149 -0.450064
v 0.147918 -0.156456 -0.434009
v 0.143009 -0.165762 -0.417953
v 0.138100 -0.175068 -0.401898
vt 0.000000 0.000000
vt 0.041667 0.000000
vt 0.083333 0.000000
vt 0.125000 0.000000
vt 0.166667 0.000000
vt 0.208333 0.000000
vt 0.250000 0.000000
vt 0.291667 0.000000
vt 0.333333 0.000000
vt 0.375000 0.000000
vt 0.416667 0.000000
vt 0.458333 0.000000
vt 0.500000 0.000000
vt 0.541667 0.000000
vt 0.583333 0.000000
vt 0.625000 0.000000
vt 0.666667 0.000000
vt 0.708333 0.000000
vt 0.750000 0.000000
vt 0.791667 0.000000
vt 0.833333 0.000000
vt 0.875000 0.000000
vt 0.916667 0.000000
vt 0.958333 0.000000
vt 1.000000 0.000000
vt 0.000000 0.318294
vt 0.041667 0.318294
vt 0.083333 0.318294
vt 0.125000 0.318294
vt 0.166667 0.318294
vt 0.208333 0.318294
vt 0.250000 0.318294
vt 0.291667 0.318294
vt 0.333333 0.318294
vt 0.375000 0.318294
vt 0.416667 0.318294
vt 0.458333 0.318294
vt 0.500000 0.318294
vt 0.541667 0.318294
vt 0.583333 0.318294
vt 0.625000 0.318294
vt 0.666667 0.318294
vt 0.708333 0.318294
vt 0.750000 0.318294
vt 0.791667 0.318294
vt 0.833333 0.318294
vt 0.875000 0.318294
vt 0.916667 0.318294
vt 0.958333 0.318294
vt 1.000000 0.318294
vt 0.000000 0.681706
vt 0.041667 0.681706
vt 0.083333 0.681706
vt 0.125000 0.681706
vt 0.166667 0.681706
vt 0.208333 0.681706
vt 0.250000 0.681706
vt 0.291667 0.681706
vt 0.333333 0.681706
vt 0.375000 0.681706
vt 0.416667 0.681706
vt 0.458333 0.681706
vt 0.500000 0.681706
vt 0.541667 0.681706
vt 0.583333 0.681706
vt 0.625000 0.681706
vt 0.666667 0.681706
vt 0.708333 0.681706
vt 0.750000 0.681706
vt 0.791667 0.681706
vt 0.833333 0.681706
vt 0.875000 0.681706
vt 0.916667 0.681706
vt 0.958333 0.681706
vt 1.000000 0.681706
vt 0.000000 1.000000
vt 0.041667 1.000000
vt 0.083333 1.000000
vt 0.125000 1.000000
vt 0.166667 1.000000
vt 0.208333 1.000000
vt 0.250000 1.000000
vt 0.291667 1.000000
vt 0.333333 1.000000
vt 0.375000 1.000000
vt 0.416667 1.000000
vt 0.458333 1.000000
vt 0.500000 1.000000
vt 0.541667 1.000000
vt 0.583333 1.000000
vt 0.625000 1.000000
vt 0.666667 1.000000
vt 0.708333 1.000000
vt 0.750000 1.000000
vt 0.791667 1.000000
vt 0.833333 1.000000
vt 0.875000 1.000000
vt 0.916667 1.000000
vt 0.958333 1.000000
vt 1.000000 1.000000
vt 0.500000 0.500000
vt 0.950000 0.500000
vt 0.934667 0.616469
vt 0.889711 0.725000
vt 0.818198 0.818198
vt 0.725000 0.889711
vt 0.616469 0.934667
vt 0.500000 0.950000
vt 0.383531 0.934667
vt 0.275000 0.889711
vt 0.181802 0.818198
vt 0.110289 0.725000
vt 0.065333 0.616469
vt 0.050000 0.500000
vt 0.065333 0.383531
vt 0.110289 0.275000
vt 0.181802 0.181802
vt 0.275000 0.110289
vt 0.383531 0.065333
vt 0.500000 0.050000
vt 0.616469 0.065333
vt 0.725000 0.110289
vt 0.818198 0.181802
vt 0.889711 0.275000
vt 0.934667 0.383531
vt 0.500000 0.500000
vt 0.950000 0.500000
vt 0.934667 0.616469
vt 0.889711 0.725000
vt 0.818198 0.818198
vt 0.725000 0.889711
vt 0.616469 0.934667
vt 0.500000 0.950000
vt 0.383531 0.934667
vt 0.275000 0.889711
vt 0.181802 0.818198
vt 0.110289 0.725000
vt 0.065333 0.616469
vt 0.050000 0.500000
vt 0.065333 0.383531
vt 0.110289 0.275000
vt 0.181802 0.181802
vt 0.275000 0.110289
vt 0.383531 0.065333
vt 0.500000 0.050000
vt 0.616469 0.065333
vt 0.725000 0.110289
vt 0.818198 0.181802
vt 0.889711 0.275000
vt 0.934667 0.383531
vt 0.000000 0.000000
vt 0.041667 0.000000
vt 0.083333 0.000000
vt 0.125000 0.000000
vt 0.166667 0.000000
vt 0.208333 0.000000
vt 0.250000 0.000000
vt 0.291667 0.000000
vt 0.333333 0.000000
vt 0.375000 0.000000
vt 0.416667 0.000000
vt 0.458333 0.000000
vt 0.500000 0.000000
vt 0.541667 0.000000
vt 0.583333 0.000000
vt 0.625000 0.000000
vt 0.666667 0.000000
vt 0.708333 0.000000
vt 0.750000 0.000000
vt 0.791667 0.000000
vt 0.833333 0.000000
vt 0.875000 0.000000
vt 0.916667 0.000000
vt 0.958333 0.000000
vt 1.000000 0.000000
vt 0.000000 0.388953
vt 0.041667 0.388953
vt 0.083333 0.388953
vt 0.125000 0.388953
vt 0.166667 0.388953
vt 0.208333 0.388953
vt 0.250000 0.388953
vt 0.291667 0.388953
vt 0.333333 0.388953
vt 0.375000 0.388953
vt 0.416667 0.388953
vt 0.458333 0.388953
vt 0.500000 0.388953
vt 0.541667 0.388953
vt 0.583333 0.388953
vt 0.625000 0.388953
vt 0.666667 0.388953
vt 0.708333 0.388953
vt 0.750000 0.388953
vt 0.791667 0.388953
vt 0.833333 0.388953
vt 0.875000 0.388953
vt 0.916667 0.388953
vt 0.958333 0.388953
vt 1.000000 0.388953
vt 0.000000 0.611047
vt 0.041667 0.611047
vt 0.083333 0.611047
vt 0.125000 0.611047
vt 0.166667 0.611047
vt 0.208333 0.611047
vt 0.250000 0.611047
vt 0.291667 0.611047
vt 0.333333 0.611047
vt 0.375000 0.611047
vt 0.416667 0.611047
vt 0.458333 0.611047
vt 0.500000 0.611047
vt 0.541667 0.611047
vt 0.583333 0.611047
vt 0.625000 0.611047
vt 0.666667 0.611047
vt 0.708333 0.611047
vt 0.750000 0.611047
vt 0.791667 0.611047
vt 0.833333 0.611047
vt 0.875000 0.611047
vt 0.916667 0.611047
vt 0.958333 0.611047
vt 1.000000 0.611047
vt 0.000000 1.000000
vt 0.041667 1.000000
vt 0.083333 1.000000
vt 0.125000 1.000000
vt 0.166667 1.000000
vt 0.208333 1.000000
vt 0.250000 1.000000
vt 0.291667 1.000000
vt 0.333333 1.000000
vt 0.375000 1.000000
vt 0.416667 1.000000
vt 0.458333 1.000000
vt 0.500000 1.000000
vt 0.541667 1.000000
vt 0.583333 1.000000
vt 0.625000 1.000000
vt 0.666667 1.000000
vt 0.708333 1.000000
vt 0.750000 1.000000
vt 0.791667 1.000000
vt 0.833333 1.000000
vt 0.875000 1.000000
vt 0.916667 1.000000
vt 0.958333 1.000000
vt 1.000000 1.000000
vt 0.500000 0.500000
vt 0.950000 0.500000
vt 0.934667 0.616469
vt 0.889711 0.725000
vt 0.818198 0.818198
vt 0.725000 0.889711
vt 0.616469 0.934667
vt 0.500000 0.950000
vt 0.383531 0.934667
vt 0.275000 0.889711
vt 0.181802 0.818198
vt 0.110289 0.725000
vt 0.065333 0.616469
vt 0.050000 0.500000
vt 0.065333 0.383531
vt 0.110289 0.275000
vt 0.181802 0.181802
vt 0.275000 0.110289
vt 0.383531 0.065333
vt 0.500000 0.050000
vt 0.616469 0.065333
vt 0.725000 0.110289
vt 0.818198 0.181802
vt 0.889711 0.275000
vt 0.934667 0.383531
vt 0.500000 0.500000
vt 0.950000 0.500000
vt 0.934667 0.616469
vt 0.889711 0.725000
vt 0.818198 0.818198
vt 0.725000 0.889711
vt 0.616469 0.934667
vt 0.500000 0.950000
vt 0.383531 0.934667
vt 0.275000 0.889711
vt 0.181802 0.818198
vt 0.110289 0.725000
vt 0.065333 0.616469
vt 0.050000 0.500000
vt 0.065333 0.383531
vt 0.110289 0.275000
vt 0.181802 0.181802
vt 0.275000 0.110289
vt 0.383531 0.065333
vt 0.500000 0.050000
vt 0.616469 0.065333
vt 0.725000 0.110289
vt 0.818198 0.181802
vt 0.889711 0.275000
vt 0.934667 0.383531
vn -0.048760 0.922607 -0.382647
vn 0.043425 0.916183 -0.398401
vn 0.153775 0.749585 -0.643798
vn 0.053354 0.757186 -0.651017
vn 0.043425 0.916183 -0.398401
vn 0.153775 0.749585 -0.643798
vn 0.043425 0.916183 -0.398401
vn 0.153775 0.749585 -0.643798
vn 0.043425 0.916183 -0.398401
vn 0.153775 0.749585 -0.643798
vn 0.043425 0.916183 -0.398401
vn 0.153775 0.749585 -0.643798
vn 0.038735 0.882221 -0.469239
vn 0.140106 0.717345 -0.682486
vn 0.424272 0.788548 0.445180
vn 0.724012 0.574118 0.382354
vn 0.516435 0.488475 0.703340
vn 0.701628 0.248060 0.667971
vn 0.576601 0.617955 0.534474
vn 0.790205 0.393603 0.469737
vn 0.576601 0.617955 0.534474
vn 0.790205 0.393603 0.469737
vn 0.576601 0.617955 0.534474
vn 0.789773 0.394209 0.469955
vn -0.286162 0.207677 0.935405
vn -0.242269 -0.119641 0.962804
vn -0.359837 0.151636 0.920611
vn -0.327583 -0.163023 0.930652
vn -0.359837 0.151636 0.920611
vn -0.327583 -0.163023 0.930652
vn -0.359837 0.151636 0.920611
vn -0.327583 -0.163023 0.930652
vn -0.359837 0.151636 0.920611
vn -0.327583 -0.163023 0.930652
vn -0.359837 0.151636 0.920611
vn -0.327583 -0.163023 0.930652
vn -0.325128 0.084291 0.941906
vn -0.292874 -0.201787 0.934616
vn -0.817528 0.538602 0.203853
vn -0.968114 0.249669 0.020514
vn -0.819864 0.535531 -0.202557
vn -0.865453 0.304815 -0.397591
vn -0.893013 0.449863 -0.012264
vn -0.964013 0.192959 -0.182882
vn -0.893013 0.449863 -0.012264
vn -0.964013 0.192959 -0.182882
vn -0.893013 0.449863 -0.012264
vn -0.963956 0.193620 -0.182482
vn 0.327583 0.163023 -0.930652
vn 0.242269 0.119641 -0.962804
vn 0.327583 0.163023 -0.930652
vn 0.327583 0.163023 -0.930652
vn 0.327583 0.163023 -0.930652
vn 0.327583 0.163023 -0.930652
vn 0.292874 0.201787 -0.934616
vn 0.968114 -0.249669 -0.020514
vn 0.865453 -0.304815 0.397591
vn 0.964013 -0.192959 0.182882
vn 0.964013 -0.192959 0.182882
vn 0.963956 -0.193620 0.182482
vn -0.053354 -0.757186 0.651017
vn -0.153775 -0.749585 0.643798
vn -0.153775 -0.749585 0.643798
vn -0.153775 -0.749585 0.643798
vn -0.153775 -0.749585 0.643798
vn -0.153775 -0.749585 0.643798
vn -0.140106 -0.717345 0.682486
vn -0.724012 -0.574118 -0.382354
vn -0.701628 -0.248060 -0.667971
vn -0.790205 -0.393603 -0.469737
vn -0.790205 -0.393603 -0.469737
vn -0.789773 -0.394209 -0.469955
vn 0.359837 -0.151636 -0.920611
vn 0.286162 -0.207677 -0.935405
vn 0.359837 -0.151636 -0.920611
vn 0.359837 -0.151636 -0.920611
vn 0.359837 -0.151636 -0.920611
vn 0.359837 -0.151636 -0.920611
vn 0.325128 -0.084291 -0.941906
vn 0.817528 -0.538602 -0.203853
vn 0.819864 -0.535531 0.202557
vn 0.893013 -0.449863 0.012264
vn 0.893013 -0.449863 0.012264
vn 0.893013 -0.449863 0.012264
vn 0.048760 -0.922607 0.382647
vn -0.043425 -0.916183 0.398401
vn -0.043425 -0.916183 0.398401
vn -0.043425 -0.916183 0.398401
vn -0.043425 -0.916183 0.398401
vn -0.043425 -0.916183 0.398401
vn -0.038735 -0.882221 0.469239
vn -0.424272 -0.788548 -0.445180
vn -0.516435 -0.488475 -0.703340
vn -0.576601 -0.617955 -0.534474
vn -0.576601 -0.617955 -0.534474
vn -0.576601 -0.617955 -0.534474
vn -0.257232 0.868100 0.424539
vn -0.257232 0.868100 0.424539
vn -0.257232 0.868100 0.424539
vn -0.257232 0.868100 0.424539
vn -0.257232 0.868100 0.424539
vn -0.257232 0.868100 0.424539
vn -0.257232 0.868100 0.424539
vn -0.257232 0.868100 0.424539
vn -0.257232 0.868100 0.424539
vn -0.257232 0.868100 0.424539
vn -0.257232 0.868100 0.424539
vn -0.257232 0.868100 0.424539
vn -0.257232 0.868100 0.424539
vn -0.257232 0.868100 0.424539
vn -0.257232 0.868100 0.424539
vn -0.257232 0.868100 0.424539
vn -0.257232 0.868100 0.424539
vn -0.257232 0.868100 0.424539
vn -0.257232 0.868100 0.424539
vn -0.257232 0.868100 0.424539
vn -0.257232 0.868100 0.424539
vn -0.257232 0.868100 0.424539
vn -0.257232 0.868100 0.424539
vn -0.257232 0.868100 0.424539
vn -0.257232 0.868100 0.424539
vn 0.257232 -0.868100 -0.424539
vn 0.257232 -0.868100 -0.424539
vn 0.257232 -0.868100 -0.424539
vn 0.257232 -0.868100 -0.424539
vn 0.257232 -0.868100 -0.424539
vn 0.257232 -0.868100 -0.424539
vn 0.257232 -0.868100 -0.424539
vn 0.257232 -0.868100 -0.424539
vn 0.257232 -0.868100 -0.424539
vn 0.257232 -0.868100 -0.424539
vn 0.257232 -0.868100 -0.424539
vn 0.257232 -0.868100 -0.424539
vn 0.257232 -0.868100 -0.424539
vn 0.257232 -0.868100 -0.424539
vn 0.257232 -0.868100 -0.424539
vn 0.257232 -0.868100 -0.424539
vn 0.257232 -0.868100 -0.424539
vn 0.257232 -0.868100 -0.424539
vn 0.257232 -0.868100 -0.424539
vn 0.257232 -0.868100 -0.424539
vn 0.257232 -0.868100 -0.424539
vn 0.257232 -0.868100 -0.424539
vn 0.257232 -0.868100 -0.424539
vn 0.257232 -0.868100 -0.424539
vn 0.257232 -0.868100 -0.424539
vn -0.038305 0.922285 -0.384607
vn 0.043425 0.916183 -0.398401
vn 0.116206 0.817721 -0.563762
vn 0.028737 0.826426 -0.562311
vn 0.043425 0.916183 -0.398401
vn 0.116206 0.817721 -0.563762
vn 0.043425 0.916183 -0.398401
vn 0.116206 0.817721 -0.563762
vn 0.043425 0.916183 -0.398401
vn 0.116206 0.817721 -0.563762
vn 0.043425 0.916183 -0.398401
vn 0.116206 0.817721 -0.563762
vn 0.053444 0.905311 -0.421374
vn 0.119437 0.825655 -0.551387
vn 0.966145 -0.253143 0.049832
vn 0.982671 -0.120346 0.140979
vn 0.881560 0.059510 0.468306
vn 0.902160 0.077030 0.424468
vn 0.576601 0.617955 0.534474
vn 0.723211 0.478198 0.498289
vn 0.576601 0.617955 0.534474
vn 0.723211 0.478198 0.498289
vn 0.576601 0.617955 0.534474
vn 0.723100 0.478325 0.498328
vn -0.302228 0.302452 0.903981
vn -0.283678 0.083835 0.955248
vn -0.563651 0.043597 0.824862
vn -0.563890 -0.140599 0.813794
vn -0.359837 0.151636 0.920611
vn -0.342896 -0.052693 0.937894
vn -0.359837 0.151636 0.920611
vn -0.342896 -0.052693 0.937894
vn -0.359837 0.151636 0.920611
vn -0.342896 -0.052693 0.937894
vn -0.359837 0.151636 0.920611
vn -0.342896 -0.052693 0.937894
vn -0.358657 0.124714 0.925101
vn -0.351946 -0.040991 0.935122
vn -0.736116 -0.523150 -0.429473
vn -0.829671 -0.395993 -0.393491
vn -0.893758 -0.018347 -0.448175
vn -0.909881 -0.050973 -0.411725
vn -0.893013 0.449863 -0.012264
vn -0.949902 0.286830 -0.124157
vn -0.893013 0.449863 -0.012264
vn -0.949902 0.286830 -0.124157
vn -0.893013 0.449863 -0.012264
vn -0.949771 0.287433 -0.123768
vn 0.342896 0.052693 -0.937894
vn 0.271207 0.008144 -0.962487
vn 0.342896 0.052693 -0.937894
vn 0.342896 0.052693 -0.937894
vn 0.342896 0.052693 -0.937894
vn 0.342896 0.052693 -0.937894
vn 0.351946 0.040991 -0.935122
vn 0.829671 0.395993 0.393491
vn 0.909881 0.050973 0.411725
vn 0.949902 -0.286830 0.124157
vn 0.949902 -0.286830 0.124157
vn 0.949871 -0.286973 0.124064
vn -0.000059 -0.873312 0.487161
vn -0.374318 -0.780360 0.500923
vn -0.116206 -0.817721 0.563762
vn -0.116206 -0.817721 0.563762
vn -0.116206 -0.817721 0.563762
vn -0.116206 -0.817721 0.563762
vn -0.119437 -0.825655 0.551387
vn -0.982671 0.120346 -0.140979
vn -0.902160 -0.077030 -0.424468
vn -0.723211 -0.478198 -0.498289
vn -0.723211 -0.478198 -0.498289
vn -0.722744 -0.478732 -0.498455
vn 0.359837 -0.151636 -0.920611
vn 0.294661 -0.201400 -0.934138
vn 0.359837 -0.151636 -0.920611
vn 0.359837 -0.151636 -0.920611
vn 0.359837 -0.151636 -0.920611
vn 0.359837 -0.151636 -0.920611
vn 0.358657 -0.124714 -0.925101
vn 0.736116 0.523150 0.429473
vn 0.893758 0.018347 0.448175
vn 0.893013 -0.449863 0.012264
vn 0.893013 -0.449863 0.012264
vn 0.893013 -0.449863 0.012264
vn 0.070284 -0.954690 0.289184
vn -0.289430 -0.881835 0.372286
vn -0.043425 -0.916183 0.398401
vn -0.043425 -0.916183 0.398401
vn -0.043425 -0.916183 0.398401
vn -0.043425 -0.916183 0.398401
vn -0.053444 -0.905311 0.421374
vn -0.966145 0.253143 -0.049832
vn -0.881560 -0.059510 -0.468306
vn -0.576601 -0.617955 -0.534474
vn -0.576601 -0.617955 -0.534474
vn -0.576601 -0.617955 -0.534474
vn -0.257232 0.868100 0.424539
vn -0.257232 0.868100 0.424539
vn -0.257232 0.868100 0.424539
vn -0.257232 0.868100 0.424539
vn -0.257232 0.868100 0.424539
vn -0.257232 0.868100 0.424539
vn -0.257232 0.868100 0.424539
vn -0.257232 0.868100 0.424539
vn -0.257232 0.868100 0.424539
vn -0.257232 0.868100 0.424539
vn -0.257232 0.868100 0.424539
vn -0.257232 0.868100 0.424539
vn -0.257232 0.868100 0.424539
vn -0.257232 0.868100 0.424539
vn -0.257232 0.868100 0.424539
vn -0.257232 0.868100 0.424539
vn -0.257232 0.868100 0.424539
vn -0.257232 0.868100 0.424539
vn -0.257232 0.868100 0.424539
vn -0.257232 0.868100 0.424539
vn -0.257232 0.868100 0.424539
vn -0.257232 0.868100 0.424539
vn -0.257232 0.868100 0.424539
vn -0.257232 0.868100 0.424539
vn -0.257232 0.868100 0.424539
vn 0.257232 -0.868100 -0.424539
vn 0.257232 -0.868100 -0.424539
vn 0.257232 -0.868100 -0.424539
vn 0.257232 -0.868100 -0.424539
vn 0.257232 -0.868100 -0.424539
vn 0.257232 -0.868100 -0.424539
vn 0.257232 -0.868100 -0.424539
vn 0.257232 -0.868100 -0.424539
vn 0.257232 -0.868100 -0.424539
vn 0.257232 -0.868100 -0.424539
vn 0.257232 -0.868100 -0.424539
vn 0.257232 -0.868100 -0.424539
vn 0.257232 -0.868100 -0.424539
vn 0.257232 -0.868100 -0.424539
vn 0.257232 -0.868100 -0.424539
vn 0.257232 -0.868100 -0.424539
vn 0.257232 -0.868100 -0.424539
vn 0.257232 -0.868100 -0.424539
vn 0.257232 -0.868100 -0.424539
vn 0.257232 -0.868100 -0.424539
vn 0.257232 -0.868100 -0.424539
vn 0.257232 -0.868100 -0.424539
vn 0.257232 -0.868100 -0.424539
vn 0.257232 -0.868100 -0.424539
vn 0.257232 -0.868100 -0.424539
f 1/1/1 2/2/2 27/27/3 26/26/4
f 2/2/2 3/3/5 28/28/6 27/27/3
f 3/3/5 4/4/7 29/29/8 28/28/6
f 4/4/7 5/5/9 30/30/10 29/29/8
f 5/5/9 6/6/11 31/31/12 30/30/10
f 6/6/11 7/7/13 32/32/14 31/31/12
f 7/7/13 8/8/15 33/33/16 32/32/14
f 8/8/15 9/9/17 34/34/18 33/33/16
f 9/9/17 10/10/19 35/35/20 34/34/18
f 10/10/19 11/11/21 36/36/22 35/35/20
f 11/11/21 12/12/23 37/37/24 36/36/22
f 12/12/23 13/13/25 38/38/26 37/37/24
f 13/13/25 14/14/27 39/39/28 38/38/26
f 14/14/27 15/15/29 40/40/30 39/39/28
f 15/15/29 16/16/31 41/41/32 40/40/30
f 16/16/31 17/17/33 42/42/34 41/41/32
f 17/17/33 18/18/35 43/43/36 42/42/34
f 18/18/35 19/19/37 44/44/38 43/43/36
f 19/19/37 20/20/39 45/45/40 44/44/38
f 20/20/39 21/21/41 46/46/42 45/45/40
f 21/21/41 22/22/43 47/47/44 46/46/42
f 22/22/43 23/23/45 48/48/46 47/47/44
f 23/23/45 24/24/47 49/49/48 48/48/46
f 24/24/47 25/25/1 50/50/4 49/49/48
f 26/26/4 27/27/3 52/52/49 51/51/50
f 27/27/3 28/28/6 53/53/51 52/52/49
f 28/28/6 29/29/8 54/54/52 53/53/51
f 29/29/8 30/30/10 55/55/53 54/54/52
f 30/30/10 31/31/12 56/56/54 55/55/53
f 31/31/12 32/32/14 57/57/55 56/56/54
f 32/32/14 33/33/16 58/58/56 57/57/55
f 33/33/16 34/34/18 59/59/57 58/58/56
f 34/34/18 35/35/20 60/60/58 59/59/57
f 35/35/20 36/36/22 61/61/59 60/60/58
f 36/36/22 37/37/24 62/62/60 61/61/59
f 37/37/24 38/38/26 63/63/61 62/62/60
f 38/38/26 39/39/28 64/64/62 63/63/61
f 39/39/28 40/40/30 65/65/63 64/64/62
f 40/40/30 41/41/32 66/66/64 65/65/63
f 41/41/32 42/42/34 67/67/65 66/66/64
f 42/42/34 43/43/36 68/68/66 67/67/65
f 43/43/36 44/44/38 69/69/67 68/68/66
f 44/44/38 45/45/40 70/70/68 69/69/67
f 45/45/40 46/46/42 71/71/69 70/70/68
f 46/46/42 47/47/44 72/72/70 71/71/69
f 47/47/44 48/48/46 73/73/71 72/72/70
f 48/48/46 49/49/48 74/74/72 73/73/71
f 49/49/48 50/50/4 75/75/50 74/74/72
f 51/51/50 52/52/49 77/77/73 76/76/74
f 52/52/49 53/53/51 78/78/75 77/77/73
f 53/53/51 54/54/52 79/79/76 78/78/75
f 54/54/52 55/55/53 80/80/77 79/79/76
f 55/55/53 56/56/54 81/81/78 80/80/77
f 56/56/54 57/57/55 82/82/79 81/81/78
f 57/57/55 58/58/56 83/83/80 82/82/79
f 58/58/56 59/59/57 84/84/81 83/83/80
f 59/59/57 60/60/58 85/85/82 84/84/81
f 60/60/58 61/61/59 86/86/83 85/85/82
f 61/61/59 62/62/60 87/87/84 86/86/83
f 62/62/60 63/63/61 88/88/85 87/87/84
f 63/63/61 64/64/62 89/89/86 88/88/85
f 64/64/62 65/65/63 90/90/87 89/89/86
f 65/65/63 66/66/64 91/91/88 90/90/87
f 66/66/64 67/67/65 92/92/89 91/91/88
f 67/67/65 68/68/66 93/93/90 92/92/89
f 68/68/66 69/69/67 94/94/91 93/93/90
f 69/69/67 70/70/68 95/95/92 94/94/91
f 70/70/68 71/71/69 96/96/93 95/95/92
f 71/71/69 72/72/70 97/97/94 96/96/93
f 72/72/70 73/73/71 98/98/95 97/97/94
f 73/73/71 74/74/72 99/99/96 98/98/95
f 74/74/72 75/75/50 100/100/74 99/99/96
f 101/101/97 103/103/98 102/102/99
f 101/101/97 104/104/100 103/103/98
f 101/101/97 105/105/101 104/104/100
f 101/101/97 106/106/102 105/105/101
f 101/101/97 107/107/103 106/106/102
f 101/101/97 108/108/104 107/107/103
f 101/101/97 109/109/105 108/108/104
f 101/101/97 110/110/106 109/109/105
f 101/101/97 111/111/107 110/110/106
f 101/101/97 112/112/108 111/111/107
f 101/101/97 113/113/109 112/112/108
f 101/101/97 114/114/110 113/113/109
f 101/101/97 115/115/111 114/114/110
f 101/101/97 116/116/112 115/115/111
f 101/101/97 117/117/113 116/116/112
f 101/101/97 118/118/114 117/117/113
f 101/101/97 119/119/115 118/118/114
f 101/101/97 120/120/116 119/119/115
f 101/101/97 121/121/117 120/120/116
f 101/101/97 122/122/118 121/121/117
f 101/101/97 123/123/119 122/122/118
f 101/101/97 124/124/120 123/123/119
f 101/101/97 125/125/121 124/124/120
f 101/101/97 102/102/99 125/125/121
f 126/126/122 127/127/123 128/128/124
f 126/126/122 128/128/124 129/129/125
f 126/126/122 129/129/125 130/130/126
f 126/126/122 130/130/126 131/131/127
f 126/126/122 131/131/127 132/132/128
f 126/126/122 132/132/128 133/133/129
f 126/126/122 133/133/129 134/134/130
f 126/126/122 134/134/130 135/135/131
f 126/126/122 135/135/131 136/136/132
f 126/126/122 136/136/132 137/137/133
f 126/126/122 137/137/133 138/138/134
f 126/126/122 138/138/134 139/139/135
f 126/126/122 139/139/135 140/140/136
f 126/126/122 140/140/136 141/141/137
f 126/126/122 141/141/137 142/142/138
f 126/126/122 142/142/138 143/143/139
f 126/126/122 143/143/139 144/144/140
f 126/126/122 144/144/140 145/145/141
f 126/126/122 145/145/141 146/146/142
f 126/126/122 146/146/142 147/147/143
f 126/126/122 147/147/143 148/148/144
f 126/126/122 148/148/144 149/149/145
f 126/126/122 149/149/145 150/150/146
f 126/126/122 150/150/146 127/127/123
f 151/151/147 152/152/148 177/177/149 176/176/150
f 152/152/148 153/153/151 178/178/152 177/177/149
f 153/153/151 154/154/153 179/179/154 178/178/152
f 154/154/153 155/155/155 180/180/156 179/179/154
f 155/155/155 156/156/157 181/181/158 180/180/156
f 156/156/157 157/157/159 182/182/160 181/181/158
f 157/157/159 158/158/161 183/183/162 182/182/160
f 158/158/161 159/159/163 184/184/164 183/183/162
f 159/159/163 160/160/165 185/185/166 184/184/164
f 160/160/165 161/161/167 186/186/168 185/185/166
f 161/161/167 162/162/169 187/187/170 186/186/168
f 162/162/169 163/163/171 188/188/172 187/187/170
f 163/163/171 164/164/173 189/189/174 188/188/172
f 164/164/173 165/165/175 190/190/176 189/189/174
f 165/165/175 166/166/177 191/191/178 190/190/176
f 166/166/177 167/167/179 192/192/180 191/191/178
f 167/167/179 168/168/181 193/193/182 192/192/180
f 168/168/181 169/169/183 194/194/184 193/193/182
f 169/169/183 170/170/185 195/195/186 194/194/184
f 170/170/185 171/171/187 196/196/188 195/195/186
f 171/171/187 172/172/189 197/197/190 196/196/188
f 172/172/189 173/173/191 198/198/192 197/197/190
f 173/173/191 174/174/193 199/199/194 198/198/192
f 174/174/193 175/175/147 200/200/150 199/199/194
f 176/176/150 177/177/149 202/202/195 201/201/196
f 177/177/149 178/178/152 203/203/197 202/202/195
f 178/178/152 179/179/154 204/204/198 203/203/197
f 179/179/154 180/180/156 205/205/199 204/204/198
f 180/180/156 181/181/158 206/206/200 205/205/199
f 181/181/158 182/182/160 207/207/201 206/206/200
f 182/182/160 183/183/162 208/208/202 207/207/201
f 183/183/162 184/184/164 209/209/203 208/208/202
f 184/184/164 185/185/166 210/210/204 209/209/203
f 185/185/166 186/186/168 211/211/205 210/210/204
f 186/186/168 187/187/170 212/212/206 211/211/205
f 187/187/170 188/188/172 213/213/207 212/212/206
f 188/188/172 189/189/174 214/214/208 213/213/207
f 189/189/174 190/190/176 215/215/209 214/214/208
f 190/190/176 191/191/178 216/216/210 215/215/209
f 191/191/178 192/192/180 217/217/211 216/216/210
f 192/192/180 193/193/182 218/218/212 217/217/211
f 193/193/182 194/194/184 219/219/213 218/218/212
f 194/194/184 195/195/186 220/220/214 219/219/213
f 195/195/186 196/196/188 221/221/215 220/220/214
f 196/196/188 197/197/190 222/222/216 221/221/215
f 197/197/190 198/198/192 223/223/217 222/222/216
f 198/198/192 199/199/194 224/224/218 223/223/217
f 199/199/194 200/200/150 225/225/196 224/224/218
f 201/201/196 202/202/195 227/227/219 226/226/220
f 202/202/195 203/203/197 228/228/221 227/227/219
f 203/203/197 204/204/198 229/229/222 228/228/221
f 204/204/198 205/205/199 230/230/223 229/229/222
f 205/205/199 206/206/200 231/231/224 230/230/223
f 206/206/200 207/207/201 232/232/225 231/231/224
f 207/207/201 208/208/202 233/233/226 232/232/225
f 208/208/202 209/209/203 234/234/227 233/233/226
f 209/209/203 210/210/204 235/235/228 234/234/227
f 210/210/204 211/211/205 236/236/229 235/235/228
f 211/211/205 212/212/206 237/237/230 236/236/229
f 212/212/206 213/213/207 238/238/231 237/237/230
f 213/213/207 214/214/208 239/239/232 238/238/231
f 214/214/208 215/215/209 240/240/233 239/239/232
f 215/215/209 216/216/210 241/241/234 240/240/233
f 216/216/210 217/217/211 242/242/235 241/241/234
f 217/217/211 218/218/212 243/243/236 242/242/235
f 218/218/212 219/219/213 244/244/237 243/243/236
f 219/219/213 220/220/214 245/245/238 244/244/237
f 220/220/214 221/221/215 246/246/239 245/245/238
f 221/221/215 222/222/216 247/247/240 246/246/239
f 222/222/216 223/223/217 248/248/241 247/247/240
f 223/223/217 224/224/218 249/249/242 248/248/241
f 224/224/218 225/225/196 250/250/220 249/249/242
f 251/251/243 253/253/244 252/252/245
f 251/251/243 254/254/246 253/253/244
f 251/251/243 255/255/247 254/254/246
f 251/251/243 256/256/248 255/255/247
f 251/251/243 257/257/249 256/256/248
f 251/251/243 258/258/250 257/257/249
f 251/251/243 259/259/251 258/258/250
f 251/251/243 260/260/252 259/259/251
f 251/251/243 261/261/253 260/260/252
f 251/251/243 262/262/254 261/261/253
f 251/251/243 263/263/255 262/262/254
f 251/251/243 264/264/256 263/263/255
f 251/251/243 265/265/257 264/264/256
f 251/251/243 266/266/258 265/265/257
f 251/251/243 267/267/259 266/266/258
f 251/251/243 268/268/260 267/267/259
f 251/251/243 269/269/261 268/268/260
f 251/251/243 270/270/262 269/269/261
f 251/251/243 271/271/263 270/270/262
f 251/251/243 272/272/264 271/271/263
f 251/251/243 273/273/265 272/272/264
f 251/251/243 274/274/266 273/273/265
f 251/251/243 275/275/267 274/274/266
f 251/251/243 252/252/245 275/275/267
f 276/276/268 277/277/269 278/278/270
f 276/276/268 278/278/270 279/279/271
f 276/276/268 279/279/271 280/280/272
f 276/276/268 280/280/272 281/281/273
f 276/276/268 281/281/273 282/282/274
f 276/276/268 282/282/274 283/283/275
f 276/276/268 283/283/275 284/284/276
f 276/276/268 284/284/276 285/285/277
f 276/276/268 285/285/277 286/286/278
f 276/276/268 286/286/278 287/287/279
f 276/276/268 287/287/279 288/288/280
f 276/276/268 288/288/280 289/289/281
f 276/276/268 289/289/281 290/290/282
f 276/276/268 290/290/282 291/291/283
f 276/276/268 291/291/283 292/292/284
f 276/276/268 292/292/284 293/293/285
f 276/276/268 293/293/285 294/294/286
f 276/276/268 294/294/286 295/295/287
f 276/276/268 295/295/287 296/296/288
f 276/276/268 296/296/288 297/297/289
f 276/276/268 297/297/289 298/298/290
f 276/276/268 298/298/290 299/299/291
f 276/276/268 299/299/291 300/300/292
f 276/276/268 300/300/292 277/277/269

o Stamp_SolePlate
usemtl Steel_Cast
v 0.140109 -0.177384 -0.395944
v 0.120821 -0.179591 -0.403120
v 0.101533 -0.181797 -0.410296
v 0.082244 -0.184003 -0.417472
v 0.062956 -0.186209 -0.424648
v 0.043667 -0.188415 -0.431823
v 0.024379 -0.190621 -0.438999
v 0.023798 -0.190279 -0.440052
v 0.029091 -0.180244 -0.457364
v 0.034384 -0.170210 -0.474675
v 0.039677 -0.160175 -0.491987
v 0.044969 -0.150141 -0.509299
v 0.048503 -0.143441 -0.520857
v 0.064710 -0.147078 -0.503601
v 0.083998 -0.144872 -0.496425
v 0.103286 -0.142665 -0.489250
v 0.122575 -0.140459 -0.482074
v 0.141863 -0.138253 -0.474898
v 0.161152 -0.136047 -0.467722
v 0.161732 -0.136389 -0.466670
v 0.156440 -0.146424 -0.449358
v 0.151147 -0.156459 -0.432046
v 0.145854 -0.166493 -0.414734
v 0.140561 -0.176528 -0.397422
v 0.140109 -0.177384 -0.395944
v 0.141061 -0.175367 -0.391202
v 0.120730 -0.177692 -0.398765
v 0.100400 -0.180018 -0.406328
v 0.080070 -0.182343 -0.413892
v 0.059740 -0.184669 -0.421455
v 0.039409 -0.186994 -0.429019
v 0.015801 -0.195535 -0.425858
v 0.019918 -0.188305 -0.438148
v 0.025497 -0.177728 -0.456395
v 0.031075 -0.167152 -0.474642
v 0.036654 -0.156575 -0.492888
v 0.042232 -0.145999 -0.511135
v 0.042659 -0.145190 -0.512531
v 0.062989 -0.142864 -0.504968
v 0.083320 -0.140539 -0.497404
v 0.103650 -0.138214 -0.489841
v 0.123980 -0.135888 -0.482277
v 0.144310 -0.133563 -0.474714
v 0.167919 -0.125022 -0.477874
v 0.163802 -0.132252 -0.465585
v 0.158223 -0.142829 -0.447338
v 0.152644 -0.153405 -0.429091
v 0.147066 -0.163982 -0.410844
v 0.141487 -0.174558 -0.392597
v 0.141061 -0.175367 -0.391202
v 0.140438 -0.173266 -0.390174
v 0.120108 -0.175592 -0.397738
v 0.099778 -0.177917 -0.405301
v 0.079447 -0.180242 -0.412864
v 0.059117 -0.182568 -0.420428
v 0.038787 -0.184893 -0.427991
v 0.015178 -0.193434 -0.424831
v 0.019296 -0.186204 -0.437120
v 0.024874 -0.175628 -0.455367
v 0.030453 -0.165051 -0.473614
v 0.036031 -0.154475 -0.491861
v 0.041610 -0.143898 -0.510108
v 0.042037 -0.143089 -0.511504
v 0.062367 -0.140764 -0.503940
v 0.082697 -0.138438 -0.496377
v 0.103027 -0.136113 -0.488813
v 0.123358 -0.133788 -0.481250
v 0.143688 -0.131462 -0.473686
v 0.167297 -0.122921 -0.476847
v 0.163179 -0.130151 -0.464557
v 0.157601 -0.140728 -0.446310
v 0.152022 -0.151304 -0.428064
v 0.146443 -0.161881 -0.409817
v 0.140865 -0.172457 -0.391570
v 0.140438 -0.173266 -0.390174
v 0.137676 -0.169172 -0.391928
v 0.118388 -0.171378 -0.399104
v 0.099099 -0.173585 -0.406280
v 0.079811 -0.175791 -0.413456
v 0.060522 -0.177997 -0.420631
v 0.041234 -0.180203 -0.427807
v 0.021945 -0.182409 -0.434983
v 0.021365 -0.182067 -0.436036
v 0.026658 -0.172032 -0.453347
v 0.031950 -0.161998 -0.470659
v 0.037243 -0.151963 -0.487971
v 0.042536 -0.141928 -0.505283
v 0.046070 -0.135229 -0.516841
v 0.062276 -0.138865 -0.499585
v 0.081565 -0.136659 -0.492409
v 0.100853 -0.134453 -0.485233
v 0.120141 -0.132247 -0.478058
v 0.139430 -0.130041 -0.470882
v 0.158718 -0.127835 -0.463706
v 0.159299 -0.128177 -0.462653
v 0.154006 -0.138212 -0.445342
v 0.148713 -0.148246 -0.428030
v 0.143421 -0.158281 -0.410718
v 0.138128 -0.168315 -0.393406
v 0.137676 -0.169172 -0.391928
v 0.092894 -0.163091 -0.453781
v 0.140109 -0.177384 -0.395944
v 0.120821 -0.179591 -0.403120
v 0.101533 -0.181797 -0.410296
v 0.082244 -0.184003 -0.417472
v 0.062956 -0.186209 -0.424648
v 0.043667 -0.188415 -0.431823
v 0.024379 -0.190621 -0.438999
v 0.023798 -0.190279 -0.440052
v 0.029091 -0.180244 -0.457364
v 0.034384 -0.170210 -0.474675
v 0.039677 -0.160175 -0.491987
v 0.044969 -0.150141 -0.509299
v 0.048503 -0.143441 -0.520857
v 0.064710 -0.147078 -0.503601
v 0.083998 -0.144872 -0.496425
v 0.103286 -0.142665 -0.489250
v 0.122575 -0.140459 -0.482074
v 0.141863 -0.138253 -0.474898
v 0.161152 -0.136047 -0.467722
v 0.161732 -0.136389 -0.466670
v 0.156440 -0.146424 -0.449358
v 0.151147 -0.156459 -0.432046
v 0.145854 -0.166493 -0.414734
v 0.140561 -0.176528 -0.397422
v 0.090460 -0.154878 -0.449764
v 0.137676 -0.169172 -0.391928
v 0.118388 -0.171378 -0.399104
v 0.099099 -0.173585 -0.406280
v 0.079811 -0.175791 -0.413456
v 0.060522 -0.177997 -0.420631
v 0.041234 -0.180203 -0.427807
v 0.021945 -0.182409 -0.434983
v 0.021365 -0.182067 -0.436036
v 0.026658 -0.172032 -0.453347
v 0.031950 -0.161998 -0.470659
v 0.037243 -0.151963 -0.487971
v 0.042536 -0.141928 -0.505283
v 0.046070 -0.135229 -0.516841
v 0.062276 -0.138865 -0.499585
v 0.081565 -0.136659 -0.492409
v 0.100853 -0.134453 -0.485233
v 0.120141 -0.132247 -0.478058
v 0.139430 -0.130041 -0.470882
v 0.158718 -0.127835 -0.463706
v 0.159299 -0.128177 -0.462653
v 0.154006 -0.138212 -0.445342
v 0.148713 -0.148246 -0.428030
v 0.143421 -0.158281 -0.410718
v 0.138128 -0.168315 -0.393406
vt 0.000000 0.000000
vt 0.041667 0.000000
vt 0.083333 0.000000
vt 0.125000 0.000000
vt 0.166667 0.000000
vt 0.208333 0.000000
vt 0.250000 0.000000
vt 0.291667 0.000000
vt 0.333333 0.000000
vt 0.375000 0.000000
vt 0.416667 0.000000
vt 0.458333 0.000000
vt 0.500000 0.000000
vt 0.541667 0.000000
vt 0.583333 0.000000
vt 0.625000 0.000000
vt 0.666667 0.000000
vt 0.708333 0.000000
vt 0.750000 0.000000
vt 0.791667 0.000000
vt 0.833333 0.000000
vt 0.875000 0.000000
vt 0.916667 0.000000
vt 0.958333 0.000000
vt 1.000000 0.000000
vt 0.000000 0.373460
vt 0.041667 0.373460
vt 0.083333 0.373460
vt 0.125000 0.373460
vt 0.166667 0.373460
vt 0.208333 0.373460
vt 0.250000 0.373460
vt 0.291667 0.373460
vt 0.333333 0.373460
vt 0.375000 0.373460
vt 0.416667 0.373460
vt 0.458333 0.373460
vt 0.500000 0.373460
vt 0.541667 0.373460
vt 0.583333 0.373460
vt 0.625000 0.373460
vt 0.666667 0.373460
vt 0.708333 0.373460
vt 0.750000 0.373460
vt 0.791667 0.373460
vt 0.833333 0.373460
vt 0.875000 0.373460
vt 0.916667 0.373460
vt 0.958333 0.373460
vt 1.000000 0.373460
vt 0.000000 0.626540
vt 0.041667 0.626540
vt 0.083333 0.626540
vt 0.125000 0.626540
vt 0.166667 0.626540
vt 0.208333 0.626540
vt 0.250000 0.626540
vt 0.291667 0.626540
vt 0.333333 0.626540
vt 0.375000 0.626540
vt 0.416667 0.626540
vt 0.458333 0.626540
vt 0.500000 0.626540
vt 0.541667 0.626540
vt 0.583333 0.626540
vt 0.625000 0.626540
vt 0.666667 0.626540
vt 0.708333 0.626540
vt 0.750000 0.626540
vt 0.791667 0.626540
vt 0.833333 0.626540
vt 0.875000 0.626540
vt 0.916667 0.626540
vt 0.958333 0.626540
vt 1.000000 0.626540
vt 0.000000 1.000000
vt 0.041667 1.000000
vt 0.083333 1.000000
vt 0.125000 1.000000
vt 0.166667 1.000000
vt 0.208333 1.000000
vt 0.250000 1.000000
vt 0.291667 1.000000
vt 0.333333 1.000000
vt 0.375000 1.000000
vt 0.416667 1.000000
vt 0.458333 1.000000
vt 0.500000 1.000000
vt 0.541667 1.000000
vt 0.583333 1.000000
vt 0.625000 1.000000
vt 0.666667 1.000000
vt 0.708333 1.000000
vt 0.750000 1.000000
vt 0.791667 1.000000
vt 0.833333 1.000000
vt 0.875000 1.000000
vt 0.916667 1.000000
vt 0.958333 1.000000
vt 1.000000 1.000000
vt 0.500000 0.500000
vt 0.950000 0.500000
vt 0.934667 0.616469
vt 0.889711 0.725000
vt 0.818198 0.818198
vt 0.725000 0.889711
vt 0.616469 0.934667
vt 0.500000 0.950000
vt 0.383531 0.934667
vt 0.275000 0.889711
vt 0.181802 0.818198
vt 0.110289 0.725000
vt 0.065333 0.616469
vt 0.050000 0.500000
vt 0.065333 0.383531
vt 0.110289 0.275000
vt 0.181802 0.181802
vt 0.275000 0.110289
vt 0.383531 0.065333
vt 0.500000 0.050000
vt 0.616469 0.065333
vt 0.725000 0.110289
vt 0.818198 0.181802
vt 0.889711 0.275000
vt 0.934667 0.383531
vt 0.500000 0.500000
vt 0.950000 0.500000
vt 0.934667 0.616469
vt 0.889711 0.725000
vt 0.818198 0.818198
vt 0.725000 0.889711
vt 0.616469 0.934667
vt 0.500000 0.950000
vt 0.383531 0.934667
vt 0.275000 0.889711
vt 0.181802 0.818198
vt 0.110289 0.725000
vt 0.065333 0.616469
vt 0.050000 0.500000
vt 0.065333 0.383531
vt 0.110289 0.275000
vt 0.181802 0.181802
vt 0.275000 0.110289
vt 0.383531 0.065333
vt 0.500000 0.050000
vt 0.616469 0.065333
vt 0.725000 0.110289
vt 0.818198 0.181802
vt 0.889711 0.275000
vt 0.934667 0.383531
vn -0.027825 0.921858 -0.386527
vn 0.043425 0.916183 -0.398401
vn 0.125568 0.801931 -0.584072
vn 0.049108 0.809699 -0.584788
vn 0.043425 0.916183 -0.398401
vn 0.125568 0.801931 -0.584072
vn 0.043425 0.916183 -0.398401
vn 0.125568 0.801931 -0.584072
vn 0.043425 0.916183 -0.398401
vn 0.125568 0.801931 -0.584072
vn -0.152830 0.980174 -0.126106
vn -0.126660 0.914500 -0.384249
vn -0.128538 0.985445 0.111245
vn -0.041219 0.996359 -0.074626
vn 0.545853 0.646249 0.533298
vn 0.741819 0.456691 0.491058
vn 0.576601 0.617955 0.534474
vn 0.740502 0.457972 0.491852
vn 0.576601 0.617955 0.534474
vn 0.740502 0.457972 0.491852
vn 0.576601 0.617955 0.534474
vn 0.740502 0.457972 0.491852
vn 0.576601 0.617955 0.534474
vn 0.717938 0.484174 0.500140
vn 0.024279 -0.917726 0.396471
vn -0.051930 -0.804500 0.591678
vn -0.337774 -0.627697 0.701359
vn -0.305965 -0.572528 0.760656
vn -0.359837 0.151636 0.920611
vn -0.339531 -0.079853 0.937199
vn -0.359837 0.151636 0.920611
vn -0.339531 -0.079853 0.937199
vn -0.359837 0.151636 0.920611
vn -0.339531 -0.079853 0.937199
vn -0.277605 0.472445 0.836500
vn -0.214600 0.237175 0.947468
vn -0.352876 0.639218 0.683286
vn -0.392918 0.468753 0.791130
vn -0.878713 0.477080 0.016059
vn -0.954862 0.262282 -0.139449
vn -0.893013 0.449863 -0.012264
vn -0.954465 0.264105 -0.138724
vn -0.893013 0.449863 -0.012264
vn -0.954465 0.264105 -0.138724
vn -0.893013 0.449863 -0.012264
vn -0.954465 0.264105 -0.138724
vn -0.893013 0.449863 -0.012264
vn -0.954369 0.264628 -0.138392
vn 0.339531 0.079853 -0.937199
vn 0.276503 0.042294 -0.960082
vn 0.339531 0.079853 -0.937199
vn 0.339531 0.079853 -0.937199
vn 0.339531 0.079853 -0.937199
vn 0.214600 -0.237175 -0.947468
vn 0.392918 -0.468753 -0.791130
vn 0.954862 -0.262282 0.139449
vn 0.954465 -0.264105 0.138724
vn 0.954465 -0.264105 0.138724
vn 0.954465 -0.264105 0.138724
vn 0.948400 -0.293581 0.119785
vn -0.275125 -0.051270 0.960041
vn -0.355034 -0.406930 0.841641
vn -0.125568 -0.801931 0.584072
vn -0.125568 -0.801931 0.584072
vn -0.125568 -0.801931 0.584072
vn 0.126660 -0.914500 0.384249
vn 0.041219 -0.996359 0.074626
vn -0.741819 -0.456691 -0.491058
vn -0.740502 -0.457972 -0.491852
vn -0.740502 -0.457972 -0.491852
vn -0.740502 -0.457972 -0.491852
vn -0.740112 -0.458440 -0.492003
vn 0.359837 -0.151636 -0.920611
vn 0.303144 -0.195088 -0.932762
vn 0.359837 -0.151636 -0.920611
vn 0.359837 -0.151636 -0.920611
vn 0.359837 -0.151636 -0.920611
vn 0.277605 -0.472445 -0.836500
vn 0.352876 -0.639218 -0.683286
vn 0.878713 -0.477080 -0.016059
vn 0.893013 -0.449863 0.012264
vn 0.893013 -0.449863 0.012264
vn 0.893013 -0.449863 0.012264
vn 0.893013 -0.449863 0.012264
vn -0.302204 0.184078 0.935301
vn -0.420224 -0.349447 0.837436
vn -0.043425 -0.916183 0.398401
vn -0.043425 -0.916183 0.398401
vn -0.043425 -0.916183 0.398401
vn 0.152830 -0.980174 0.126106
vn 0.128538 -0.985445 -0.111245
vn -0.545853 -0.646249 -0.533298
vn -0.576601 -0.617955 -0.534474
vn -0.576601 -0.617955 -0.534474
vn -0.576601 -0.617955 -0.534474
vn -0.576601 -0.617955 -0.534474
vn -0.257232 0.868100 0.424539
vn -0.257232 0.868100 0.424539
vn -0.257232 0.868100 0.424539
vn -0.257232 0.868100 0.424539
vn -0.257232 0.868100 0.424539
vn -0.257232 0.868100 0.424539
vn -0.257232 0.868100 0.424539
vn -0.257232 0.868100 0.424539
vn -0.257232 0.868100 0.424539
vn -0.257232 0.868100 0.424539
vn -0.257232 0.868100 0.424539
vn -0.257232 0.868100 0.424539
vn -0.257232 0.868100 0.424539
vn -0.257232 0.868100 0.424539
vn -0.257232 0.868100 0.424539
vn -0.257232 0.868100 0.424539
vn -0.257232 0.868100 0.424539
vn -0.257232 0.868100 0.424539
vn -0.257232 0.868100 0.424539
vn -0.257232 0.868100 0.424539
vn -0.257232 0.868100 0.424539
vn -0.257232 0.868100 0.424539
vn -0.257232 0.868100 0.424539
vn -0.257232 0.868100 0.424539
vn -0.257232 0.868100 0.424539
vn 0.257232 -0.868100 -0.424539
vn 0.257232 -0.868100 -0.424539
vn 0.257232 -0.868100 -0.424539
vn 0.257232 -0.868100 -0.424539
vn 0.257232 -0.868100 -0.424539
vn 0.257232 -0.868100 -0.424539
vn 0.257232 -0.868100 -0.424539
vn 0.257232 -0.868100 -0.424539
vn 0.257232 -0.868100 -0.424539
vn 0.257232 -0.868100 -0.424539
vn 0.257232 -0.868100 -0.424539
vn 0.257232 -0.868100 -0.424539
vn 0.257232 -0.868100 -0.424539
vn 0.257232 -0.868100 -0.424539
vn 0.257232 -0.868100 -0.424539
vn 0.257232 -0.868100 -0.424539
vn 0.257232 -0.868100 -0.424539
vn 0.257232 -0.868100 -0.424539
vn 0.257232 -0.868100 -0.424539
vn 0.257232 -0.868100 -0.424539
vn 0.257232 -0.868100 -0.424539
vn 0.257232 -0.868100 -0.424539
vn 0.257232 -0.868100 -0.424539
vn 0.257232 -0.868100 -0.424539
vn 0.257232 -0.868100 -0.424539
f 301/301/293 302/302/294 327/327/295 326/326/296
f 302/302/294 303/303/297 328/328/298 327/327/295
f 303/303/297 304/304/299 329/329/300 328/328/298
f 304/304/299 305/305/301 330/330/302 329/329/300
f 305/305/301 306/306/303 331/331/304 330/330/302
f 306/306/303 307/307/305 332/332/306 331/331/304
f 307/307/305 308/308/307 333/333/308 332/332/306
f 308/308/307 309/309/309 334/334/310 333/333/308
f 309/309/309 310/310/311 335/335/312 334/334/310
f 310/310/311 311/311/313 336/336/314 335/335/312
f 311/311/313 312/312/315 337/337/316 336/336/314
f 312/312/315 313/313/317 338/338/318 337/337/316
f 313/313/317 314/314/319 339/339/320 338/338/318
f 314/314/319 315/315/321 340/340/322 339/339/320
f 315/315/321 316/316/323 341/341/324 340/340/322
f 316/316/323 317/317/325 342/342/326 341/341/324
f 317/317/325 318/318/327 343/343/328 342/342/326
f 318/318/327 319/319/329 344/344/330 343/343/328
f 319/319/329 320/320/331 345/345/332 344/344/330
f 320/320/331 321/321/333 346/346/334 345/345/332
f 321/321/333 322/322/335 347/347/336 346/346/334
f 322/322/335 323/323/337 348/348/338 347/347/336
f 323/323/337 324/324/339 349/349/340 348/348/338
f 324/324/339 325/325/293 350/350/296 349/349/340
f 326/326/296 327/327/295 352/352/341 351/351/342
f 327/327/295 328/328/298 353/353/343 352/352/341
f 328/328/298 329/329/300 354/354/344 353/353/343
f 329/329/300 330/330/302 355/355/345 354/354/344
f 330/330/302 331/331/304 356/356/346 355/355/345
f 331/331/304 332/332/306 357/357/347 356/356/346
f 332/332/306 333/333/308 358/358/348 357/357/347
f 333/333/308 334/334/310 359/359/349 358/358/348
f 334/334/310 335/335/312 360/360/350 359/359/349
f 335/335/312 336/336/314 361/361/351 360/360/350
f 336/336/314 337/337/316 362/362/352 361/361/351
f 337/337/316 338/338/318 363/363/353 362/362/352
f 338/338/318 339/339/320 364/364/354 363/363/353
f 339/339/320 340/340/322 365/365/355 364/364/354
f 340/340/322 341/341/324 366/366/356 365/365/355
f 341/341/324 342/342/326 367/367/357 366/366/356
f 342/342/326 343/343/328 368/368/358 367/367/357
f 343/343/328 344/344/330 369/369/359 368/368/358
f 344/344/330 345/345/332 370/370/360 369/369/359
f 345/345/332 346/346/334 371/371/361 370/370/360
f 346/346/334 347/347/336 372/372/362 371/371/361
f 347/347/336 348/348/338 373/373/363 372/372/362
f 348/348/338 349/349/340 374/374/364 373/373/363
f 349/349/340 350/350/296 375/375/342 374/374/364
f 351/351/342 352/352/341 377/377/365 376/376/366
f 352/352/341 353/353/343 378/378/367 377/377/365
f 353/353/343 354/354/344 379/379/368 378/378/367
f 354/354/344 355/355/345 380/380/369 379/379/368
f 355/355/345 356/356/346 381/381/370 380/380/369
f 356/356/346 357/357/347 382/382/371 381/381/370
f 357/357/347 358/358/348 383/383/372 382/382/371
f 358/358/348 359/359/349 384/384/373 383/383/372
f 359/359/349 360/360/350 385/385/374 384/384/373
f 360/360/350 361/361/351 386/386/375 385/385/374
f 361/361/351 362/362/352 387/387/376 386/386/375
f 362/362/352 363/363/353 388/388/377 387/387/376
f 363/363/353 364/364/354 389/389/378 388/388/377
f 364/364/354 365/365/355 390/390/379 389/389/378
f 365/365/355 366/366/356 391/391/380 390/390/379
f 366/366/356 367/367/357 392/392/381 391/391/380
f 367/367/357 368/368/358 393/393/382 392/392/381
f 368/368/358 369/369/359 394/394/383 393/393/382
f 369/369/359 370/370/360 395/395/384 394/394/383
f 370/370/360 371/371/361 396/396/385 395/395/384
f 371/371/361 372/372/362 397/397/386 396/396/385
f 372/372/362 373/373/363 398/398/387 397/397/386
f 373/373/363 374/374/364 399/399/388 398/398/387
f 374/374/364 375/375/342 400/400/366 399/399/388
f 401/401/389 403/403/390 402/402/391
f 401/401/389 404/404/392 403/403/390
f 401/401/389 405/405/393 404/404/392
f 401/401/389 406/406/394 405/405/393
f 401/401/389 407/407/395 406/406/394
f 401/401/389 408/408/396 407/407/395
f 401/401/389 409/409/397 408/408/396
f 401/401/389 410/410/398 409/409/397
f 401/401/389 411/411/399 410/410/398
f 401/401/389 412/412/400 411/411/399
f 401/401/389 413/413/401 412/412/400
f 401/401/389 414/414/402 413/413/401
f 401/401/389 415/415/403 414/414/402
f 401/401/389 416/416/404 415/415/403
f 401/401/389 417/417/405 416/416/404
f 401/401/389 418/418/406 417/417/405
f 401/401/389 419/419/407 418/418/406
f 401/401/389 420/420/408 419/419/407
f 401/401/389 421/421/409 420/420/408
f 401/401/389 422/422/410 421/421/409
f 401/401/389 423/423/411 422/422/410
f 401/401/389 424/424/412 423/423/411
f 401/401/389 425/425/413 424/424/412
f 401/401/389 402/402/391 425/425/413
f 426/426/414 427/427/415 428/428/416
f 426/426/414 428/428/416 429/429/417
f 426/426/414 429/429/417 430/430/418
f 426/426/414 430/430/418 431/431/419
f 426/426/414 431/431/419 432/432/420
f 426/426/414 432/432/420 433/433/421
f 426/426/414 433/433/421 434/434/422
f 426/426/414 434/434/422 435/435/423
f 426/426/414 435/435/423 436/436/424
f 426/426/414 436/436/424 437/437/425
f 426/426/414 437/437/425 438/438/426
f 426/426/414 438/438/426 439/439/427
f 426/426/414 439/439/427 440/440/428
f 426/426/414 440/440/428 441/441/429
f 426/426/414 441/441/429 442/442/430
f 426/426/414 442/442/430 443/443/431
f 426/426/414 443/443/431 444/444/432
f 426/426/414 444/444/432 445/445/433
f 426/426/414 445/445/433 446/446/434
f 426/426/414 446/446/434 447/447/435
f 426/426/414 447/447/435 448/448/436
f 426/426/414 448/448/436 449/449/437
f 426/426/414 449/449/437 450/450/438
f 426/426/414 450/450/438 427/427/415

o Stamp_DieFace
usemtl Stamp_Die_Face
v 0.048414 -0.165136 -0.524484
v 0.110088 -0.158082 -0.501539
v 0.171763 -0.151028 -0.478594
v 0.036325 -0.188054 -0.484945
v 0.098000 -0.181000 -0.462000
v 0.159675 -0.173946 -0.439055
v 0.024237 -0.210972 -0.445406
v 0.085912 -0.203918 -0.422461
v 0.147586 -0.196864 -0.399516
vt 0.000000 0.000000
vt 0.500000 0.000000
vt 1.000000 0.000000
vt 0.000000 0.500000
vt 0.500000 0.500000
vt 1.000000 0.500000
vt 0.000000 1.000000
vt 0.500000 1.000000
vt 1.000000 1.000000
vn 0.257232 -0.868100 -0.424539
vn 0.257232 -0.868100 -0.424539
vn 0.257232 -0.868100 -0.424539
vn 0.257232 -0.868100 -0.424539
vn 0.257232 -0.868100 -0.424539
vn 0.257232 -0.868100 -0.424539
vn 0.257232 -0.868100 -0.424539
vn 0.257232 -0.868100 -0.424539
vn 0.257232 -0.868100 -0.424539
f 451/451/439 452/452/440 455/455/441 454/454/442
f 452/452/440 453/453/443 456/456/444 455/455/441
f 454/454/442 455/455/441 458/458/445 457/457/446
f 455/455/441 456/456/444 459/459/447 458/458/445

o Stamp_Base
usemtl Housing_Black
v 0.134891 -0.167615 -0.396801
v 0.117165 -0.169642 -0.403395
v 0.099440 -0.171669 -0.409990
v 0.081714 -0.173697 -0.416584
v 0.063988 -0.175724 -0.423178
v 0.046263 -0.177752 -0.429773
v 0.028537 -0.179779 -0.436367
v 0.015705 -0.181601 -0.440416
v 0.030691 -0.171222 -0.452559
v 0.035555 -0.162001 -0.468468
v 0.040419 -0.152779 -0.484377
v 0.045283 -0.143558 -0.500287
v 0.045773 -0.142629 -0.501888
v 0.063498 -0.140602 -0.495294
v 0.081224 -0.138574 -0.488699
v 0.098950 -0.136547 -0.482105
v 0.116675 -0.134520 -0.475511
v 0.134401 -0.132492 -0.468916
v 0.152127 -0.130465 -0.462322
v 0.164959 -0.128642 -0.458273
v 0.149973 -0.139021 -0.446130
v 0.145109 -0.148243 -0.430221
v 0.140245 -0.157465 -0.414312
v 0.135381 -0.166686 -0.398402
v 0.134891 -0.167615 -0.396801
v 0.136674 -0.163832 -0.387908
v 0.116995 -0.166083 -0.395229
v 0.097316 -0.168334 -0.402550
v 0.077637 -0.170585 -0.409872
v 0.057958 -0.172836 -0.417193
v 0.038279 -0.175086 -0.424514
v 0.018600 -0.177337 -0.431835
v 0.018552 -0.176743 -0.433080
v 0.023952 -0.166505 -0.450742
v 0.029351 -0.156267 -0.468405
v 0.034751 -0.146029 -0.486067
v 0.040151 -0.135792 -0.503730
v 0.040594 -0.134953 -0.505177
v 0.060273 -0.132702 -0.497856
v 0.079952 -0.130451 -0.490535
v 0.099631 -0.128200 -0.483213
v 0.119310 -0.125949 -0.475892
v 0.138989 -0.123698 -0.468571
v 0.158668 -0.121448 -0.461250
v 0.158717 -0.122042 -0.460005
v 0.153317 -0.132280 -0.442343
v 0.147917 -0.142518 -0.424680
v 0.142517 -0.152755 -0.407018
v 0.137117 -0.162993 -0.389355
v 0.136674 -0.163832 -0.387908
v 0.133845 -0.154283 -0.383238
v 0.114166 -0.156534 -0.390559
v 0.094487 -0.158785 -0.397880
v 0.074808 -0.161036 -0.405202
v 0.055129 -0.163286 -0.412523
v 0.035449 -0.165537 -0.419844
v 0.015770 -0.167788 -0.427165
v 0.015722 -0.167194 -0.428410
v 0.021122 -0.156956 -0.446073
v 0.026522 -0.146718 -0.463735
v 0.031922 -0.136480 -0.481397
v 0.037322 -0.126243 -0.499060
v 0.037764 -0.125404 -0.500507
v 0.057443 -0.123153 -0.493186
v 0.077123 -0.120902 -0.485865
v 0.096802 -0.118651 -0.478544
v 0.116481 -0.116400 -0.471222
v 0.136160 -0.114149 -0.463901
v 0.155839 -0.111899 -0.456580
v 0.155887 -0.112493 -0.455335
v 0.150487 -0.122731 -0.437673
v 0.145087 -0.132969 -0.420010
v 0.139687 -0.143206 -0.402348
v 0.134287 -0.153444 -0.384685
v 0.133845 -0.154283 -0.383238
v 0.131015 -0.144734 -0.378568
v 0.111336 -0.146985 -0.385889
v 0.091657 -0.149236 -0.393211
v 0.071978 -0.151487 -0.400532
v 0.052299 -0.153737 -0.407853
v 0.032620 -0.155988 -0.415174
v 0.012941 -0.158239 -0.422495
v 0.012892 -0.157645 -0.423740
v 0.018292 -0.147407 -0.441403
v 0.023692 -0.137169 -0.459065
v 0.029092 -0.126931 -0.476727
v 0.034492 -0.116693 -0.494390
v 0.034935 -0.115855 -0.495837
v 0.054614 -0.113604 -0.488516
v 0.074293 -0.111353 -0.481195
v 0.093972 -0.109102 -0.473874
v 0.113651 -0.106851 -0.466552
v 0.133330 -0.104600 -0.459231
v 0.153009 -0.102349 -0.451910
v 0.153058 -0.102944 -0.450665
v 0.147658 -0.113182 -0.433003
v 0.142258 -0.123419 -0.415340
v 0.136858 -0.133657 -0.397678
v 0.131458 -0.143895 -0.380015
v 0.131015 -0.144734 -0.378568
v 0.128186 -0.135185 -0.373898
v 0.108507 -0.137436 -0.381219
v 0.088828 -0.139687 -0.388541
v 0.069149 -0.141937 -0.395862
v 0.049469 -0.144188 -0.403183
v 0.029790 -0.146439 -0.410504
v 0.010111 -0.148690 -0.417825
v 0.010063 -0.148095 -0.419070
v 0.015463 -0.137858 -0.436733
v 0.020863 -0.127620 -0.454395
v 0.026263 -0.117382 -0.472058
v 0.031663 -0.107144 -0.489720
v 0.032105 -0.106305 -0.491167
v 0.051784 -0.104055 -0.483846
v 0.071463 -0.101804 -0.476525
v 0.091142 -0.099553 -0.469204
v 0.110822 -0.097302 -0.461883
v 0.130501 -0.095051 -0.454561
v 0.150180 -0.092800 -0.447240
v 0.150228 -0.093395 -0.445995
v 0.144828 -0.103633 -0.428333
v 0.139428 -0.113870 -0.410670
v 0.134028 -0.124108 -0.393008
v 0.128628 -0.134346 -0.375346
v 0.128186 -0.135185 -0.373898
v 0.123007 -0.127508 -0.377187
v 0.105281 -0.129536 -0.383781
v 0.087556 -0.131563 -0.390376
v 0.069830 -0.133591 -0.396970
v 0.052104 -0.135618 -0.403565
v 0.034379 -0.137645 -0.410159
v 0.016653 -0.139673 -0.416754
v 0.003821 -0.141495 -0.420803
v 0.018807 -0.131116 -0.432945
v 0.023671 -0.121895 -0.448855
v 0.028535 -0.112673 -0.464764
v 0.033399 -0.103451 -0.480673
v 0.033888 -0.102523 -0.482275
v 0.051614 -0.100496 -0.475680
v 0.069340 -0.098468 -0.469086
v 0.087066 -0.096441 -0.462491
v 0.104791 -0.094413 -0.455897
v 0.122517 -0.092386 -0.449302
v 0.140243 -0.090358 -0.442708
v 0.153075 -0.088536 -0.438659
v 0.138089 -0.098915 -0.426516
v 0.133225 -0.108137 -0.410607
v 0.128361 -0.117358 -0.394698
v 0.123497 -0.126580 -0.378789
v 0.123007 -0.127508 -0.377187
v 0.090332 -0.155122 -0.449344
v 0.134891 -0.167615 -0.396801
v 0.117165 -0.169642 -0.403395
v 0.099440 -0.171669 -0.409990
v 0.081714 -0.173697 -0.416584
v 0.063988 -0.175724 -0.423178
v 0.046263 -0.177752 -0.429773
v 0.028537 -0.179779 -0.436367
v 0.015705 -0.181601 -0.440416
v 0.030691 -0.171222 -0.452559
v 0.035555 -0.162001 -0.468468
v 0.040419 -0.152779 -0.484377
v 0.045283 -0.143558 -0.500287
v 0.045773 -0.142629 -0.501888
v 0.063498 -0.140602 -0.495294
v 0.081224 -0.138574 -0.488699
v 0.098950 -0.136547 -0.482105
v 0.116675 -0.134520 -0.475511
v 0.134401 -0.132492 -0.468916
v 0.152127 -0.130465 -0.462322
v 0.164959 -0.128642 -0.458273
v 0.149973 -0.139021 -0.446130
v 0.145109 -0.148243 -0.430221
v 0.140245 -0.157465 -0.414312
v 0.135381 -0.166686 -0.398402
v 0.078448 -0.115016 -0.429731
v 0.123007 -0.127508 -0.377187
v 0.105281 -0.129536 -0.383781
v 0.087556 -0.131563 -0.390376
v 0.069830 -0.133591 -0.396970
v 0.052104 -0.135618 -0.403565
v 0.034379 -0.137645 -0.410159
v 0.016653 -0.139673 -0.416754
v 0.003821 -0.141495 -0.420803
v 0.018807 -0.131116 -0.432945
v 0.023671 -0.121895 -0.448855
v 0.028535 -0.112673 -0.464764
v 0.033399 -0.103451 -0.480673
v 0.033888 -0.102523 -0.482275
v 0.051614 -0.100496 -0.475680
v 0.069340 -0.098468 -0.469086
v 0.087066 -0.096441 -0.462491
v 0.104791 -0.094413 -0.455897
v 0.122517 -0.092386 -0.449302
v 0.140243 -0.090358 -0.442708
v 0.153075 -0.088536 -0.438659
v 0.138089 -0.098915 -0.426516
v 0.133225 -0.108137 -0.410607
v 0.128361 -0.117358 -0.394698
v 0.123497 -0.126580 -0.378789
vt 0.000000 0.000000
vt 0.041667 0.000000
vt 0.083333 0.000000
vt 0.125000 0.000000
vt 0.166667 0.000000
vt 0.208333 0.000000
vt 0.250000 0.000000
vt 0.291667 0.000000
vt 0.333333 0.000000
vt 0.375000 0.000000
vt 0.416667 0.000000
vt 0.458333 0.000000
vt 0.500000 0.000000
vt 0.541667 0.000000
vt 0.583333 0.000000
vt 0.625000 0.000000
vt 0.666667 0.000000
vt 0.708333 0.000000
vt 0.750000 0.000000
vt 0.791667 0.000000
vt 0.833333 0.000000
vt 0.875000 0.000000
vt 0.916667 0.000000
vt 0.958333 0.000000
vt 1.000000 0.000000
vt 0.000000 0.142956
vt 0.041667 0.142956
vt 0.083333 0.142956
vt 0.125000 0.142956
vt 0.166667 0.142956
vt 0.208333 0.142956
vt 0.250000 0.142956
vt 0.291667 0.142956
vt 0.333333 0.142956
vt 0.375000 0.142956
vt 0.416667 0.142956
vt 0.458333 0.142956
vt 0.500000 0.142956
vt 0.541667 0.142956
vt 0.583333 0.142956
vt 0.625000 0.142956
vt 0.666667 0.142956
vt 0.708333 0.142956
vt 0.750000 0.142956
vt 0.791667 0.142956
vt 0.833333 0.142956
vt 0.875000 0.142956
vt 0.916667 0.142956
vt 0.958333 0.142956
vt 1.000000 0.142956
vt 0.000000 0.380985
vt 0.041667 0.380985
vt 0.083333 0.380985
vt 0.125000 0.380985
vt 0.166667 0.380985
vt 0.208333 0.380985
vt 0.250000 0.380985
vt 0.291667 0.380985
vt 0.333333 0.380985
vt 0.375000 0.380985
vt 0.416667 0.380985
vt 0.458333 0.380985
vt 0.500000 0.380985
vt 0.541667 0.380985
vt 0.583333 0.380985
vt 0.625000 0.380985
vt 0.666667 0.380985
vt 0.708333 0.380985
vt 0.750000 0.380985
vt 0.791667 0.380985
vt 0.833333 0.380985
vt 0.875000 0.380985
vt 0.916667 0.380985
vt 0.958333 0.380985
vt 1.000000 0.380985
vt 0.000000 0.619015
vt 0.041667 0.619015
vt 0.083333 0.619015
vt 0.125000 0.619015
vt 0.166667 0.619015
vt 0.208333 0.619015
vt 0.250000 0.619015
vt 0.291667 0.619015
vt 0.333333 0.619015
vt 0.375000 0.619015
vt 0.416667 0.619015
vt 0.458333 0.619015
vt 0.500000 0.619015
vt 0.541667 0.619015
vt 0.583333 0.619015
vt 0.625000 0.619015
vt 0.666667 0.619015
vt 0.708333 0.619015
vt 0.750000 0.619015
vt 0.791667 0.619015
vt 0.833333 0.619015
vt 0.875000 0.619015
vt 0.916667 0.619015
vt 0.958333 0.619015
vt 1.000000 0.619015
vt 0.000000 0.857044
vt 0.041667 0.857044
vt 0.083333 0.857044
vt 0.125000 0.857044
vt 0.166667 0.857044
vt 0.208333 0.857044
vt 0.250000 0.857044
vt 0.291667 0.857044
vt 0.333333 0.857044
vt 0.375000 0.857044
vt 0.416667 0.857044
vt 0.458333 0.857044
vt 0.500000 0.857044
vt 0.541667 0.857044
vt 0.583333 0.857044
vt 0.625000 0.857044
vt 0.666667 0.857044
vt 0.708333 0.857044
vt 0.750000 0.857044
vt 0.791667 0.857044
vt 0.833333 0.857044
vt 0.875000 0.857044
vt 0.916667 0.857044
vt 0.958333 0.857044
vt 1.000000 0.857044
vt 0.000000 1.000000
vt 0.041667 1.000000
vt 0.083333 1.000000
vt 0.125000 1.000000
vt 0.166667 1.000000
vt 0.208333 1.000000
vt 0.250000 1.000000
vt 0.291667 1.000000
vt 0.333333 1.000000
vt 0.375000 1.000000
vt 0.416667 1.000000
vt 0.458333 1.000000
vt 0.500000 1.000000
vt 0.541667 1.000000
vt 0.583333 1.000000
vt 0.625000 1.000000
vt 0.666667 1.000000
vt 0.708333 1.000000
vt 0.750000 1.000000
vt 0.791667 1.000000
vt 0.833333 1.000000
vt 0.875000 1.000000
vt 0.916667 1.000000
vt 0.958333 1.000000
vt 1.000000 1.000000
vt 0.500000 0.500000
vt 0.950000 0.500000
vt 0.934667 0.616469
vt 0.889711 0.725000
vt 0.818198 0.818198
vt 0.725000 0.889711
vt 0.616469 0.934667
vt 0.500000 0.950000
vt 0.383531 0.934667
vt 0.275000 0.889711
vt 0.181802 0.818198
vt 0.110289 0.725000
vt 0.065333 0.616469
vt 0.050000 0.500000
vt 0.065333 0.383531
vt 0.110289 0.275000
vt 0.181802 0.181802
vt 0.275000 0.110289
vt 0.383531 0.065333
vt 0.500000 0.050000
vt 0.616469 0.065333
vt 0.725000 0.110289
vt 0.818198 0.181802
vt 0.889711 0.275000
vt 0.934667 0.383531
vt 0.500000 0.500000
vt 0.950000 0.500000
vt 0.934667 0.616469
vt 0.889711 0.725000
vt 0.818198 0.818198
vt 0.725000 0.889711
vt 0.616469 0.934667
vt 0.500000 0.950000
vt 0.383531 0.934667
vt 0.275000 0.889711
vt 0.181802 0.818198
vt 0.110289 0.725000
vt 0.065333 0.616469
vt 0.050000 0.500000
vt 0.065333 0.383531
vt 0.110289 0.275000
vt 0.181802 0.181802
vt 0.275000 0.110289
vt 0.383531 0.065333
vt 0.500000 0.050000
vt 0.616469 0.065333
vt 0.725000 0.110289
vt 0.818198 0.181802
vt 0.889711 0.275000
vt 0.934667 0.383531
vn -0.036308 0.922212 -0.384976
vn 0.043425 0.916183 -0.398401
vn 0.175930 0.703044 -0.689042
vn 0.092246 0.708460 -0.699697
vn 0.043425 0.916183 -0.398401
vn 0.175930 0.703044 -0.689042
vn 0.043425 0.916183 -0.398401
vn 0.175930 0.703044 -0.689042
vn 0.043425 0.916183 -0.398401
vn 0.175930 0.703044 -0.689042
vn 0.043425 0.916183 -0.398401
vn 0.175930 0.703044 -0.689042
vn 0.059926 0.906999 -0.416847
vn 0.200306 0.728694 -0.654892
vn 0.921321 0.221628 0.319451
vn 0.932339 0.153260 0.327499
vn 0.766380 0.306590 0.564504
vn 0.881480 0.184480 0.434695
vn 0.576601 0.617955 0.534474
vn 0.826522 0.339140 0.449271
vn 0.576601 0.617955 0.534474
vn 0.826522 0.339140 0.449271
vn 0.576601 0.617955 0.534474
vn 0.825837 0.340241 0.449700
vn -0.296281 0.200199 0.933883
vn -0.243621 -0.197605 0.949527
vn -0.359837 0.151636 0.920611
vn -0.316139 -0.229872 0.920443
vn -0.359837 0.151636 0.920611
vn -0.316139 -0.229872 0.920443
vn -0.359837 0.151636 0.920611
vn -0.316139 -0.229872 0.920443
vn -0.359837 0.151636 0.920611
vn -0.316139 -0.229872 0.920443
vn -0.359837 0.151636 0.920611
vn -0.316139 -0.229872 0.920443
vn -0.366024 0.126012 0.922034
vn -0.356203 -0.202578 0.912185
vn -0.968148 -0.063597 -0.242167
vn -0.948932 -0.097262 -0.300113
vn -0.925178 0.229318 -0.302422
vn -0.942160 0.020300 -0.334549
vn -0.893013 0.449863 -0.012264
vn -0.966731 0.134031 -0.217870
vn -0.893013 0.449863 -0.012264
vn -0.966731 0.134031 -0.217870
vn -0.893013 0.449863 -0.012264
vn -0.966721 0.135212 -0.217183
vn 0.255714 0.484810 -0.836403
vn 0.178754 0.474485 -0.861923
vn 0.255714 0.484810 -0.836403
vn 0.255714 0.484810 -0.836403
vn 0.255714 0.484810 -0.836403
vn 0.255714 0.484810 -0.836403
vn 0.312140 0.490413 -0.813673
vn 0.936454 0.115500 0.331232
vn 0.931902 0.106589 0.346694
vn 0.931902 0.106589 0.346694
vn 0.931902 0.106589 0.346694
vn 0.931902 0.106589 0.346694
vn -0.178754 -0.474485 0.861923
vn -0.255714 -0.484810 0.836403
vn -0.255714 -0.484810 0.836403
vn -0.255714 -0.484810 0.836403
vn -0.255714 -0.484810 0.836403
vn -0.255714 -0.484810 0.836403
vn -0.312140 -0.490413 0.813673
vn -0.936454 -0.115500 -0.331232
vn -0.931902 -0.106589 -0.346694
vn -0.931902 -0.106589 -0.346694
vn -0.931902 -0.106589 -0.346694
vn -0.931902 -0.106589 -0.346694
vn 0.255714 0.484810 -0.836403
vn 0.178754 0.474485 -0.861923
vn 0.255714 0.484810 -0.836403
vn 0.255714 0.484810 -0.836403
vn 0.255714 0.484810 -0.836403
vn 0.255714 0.484810 -0.836403
vn 0.312140 0.490413 -0.813673
vn 0.936454 0.115500 0.331232
vn 0.931902 0.106589 0.346694
vn 0.931902 0.106589 0.346694
vn 0.931902 0.106589 0.346694
vn 0.931902 0.106589 0.346694
vn -0.178754 -0.474485 0.861923
vn -0.255714 -0.484810 0.836403
vn -0.255714 -0.484810 0.836403
vn -0.255714 -0.484810 0.836403
vn -0.255714 -0.484810 0.836403
vn -0.255714 -0.484810 0.836403
vn -0.312140 -0.490413 0.813673
vn -0.936454 -0.115500 -0.331232
vn -0.931902 -0.106589 -0.346694
vn -0.931902 -0.106589 -0.346694
vn -0.931902 -0.106589 -0.346694
vn -0.931902 -0.106589 -0.346694
vn 0.316139 0.229872 -0.920443
vn 0.243621 0.197605 -0.949527
vn 0.316139 0.229872 -0.920443
vn 0.316139 0.229872 -0.920443
vn 0.316139 0.229872 -0.920443
vn 0.316139 0.229872 -0.920443
vn 0.356203 0.202578 -0.912185
vn 0.948932 0.097262 0.300113
vn 0.942160 -0.020300 0.334549
vn 0.966731 -0.134031 0.217870
vn 0.966731 -0.134031 0.217870
vn 0.966721 -0.135212 0.217183
vn -0.092246 -0.708460 0.699697
vn -0.175930 -0.703044 0.689042
vn -0.175930 -0.703044 0.689042
vn -0.175930 -0.703044 0.689042
vn -0.175930 -0.703044 0.689042
vn -0.175930 -0.703044 0.689042
vn -0.200306 -0.728694 0.654892
vn -0.932339 -0.153260 -0.327499
vn -0.881480 -0.184480 -0.434695
vn -0.826522 -0.339140 -0.449271
vn -0.826522 -0.339140 -0.449271
vn -0.825837 -0.340241 -0.449700
vn 0.359837 -0.151636 -0.920611
vn 0.296281 -0.200199 -0.933883
vn 0.359837 -0.151636 -0.920611
vn 0.359837 -0.151636 -0.920611
vn 0.359837 -0.151636 -0.920611
vn 0.359837 -0.151636 -0.920611
vn 0.366024 -0.126012 -0.922034
vn 0.968148 0.063597 0.242167
vn 0.925178 -0.229318 0.302422
vn 0.893013 -0.449863 0.012264
vn 0.893013 -0.449863 0.012264
vn 0.893013 -0.449863 0.012264
vn 0.036308 -0.922212 0.384976
vn -0.043425 -0.916183 0.398401
vn -0.043425 -0.916183 0.398401
vn -0.043425 -0.916183 0.398401
vn -0.043425 -0.916183 0.398401
vn -0.043425 -0.916183 0.398401
vn -0.059926 -0.906999 0.416847
vn -0.921321 -0.221628 -0.319451
vn -0.766380 -0.306590 -0.564504
vn -0.576601 -0.617955 -0.534474
vn -0.576601 -0.617955 -0.534474
vn -0.576601 -0.617955 -0.534474
vn -0.257232 0.868100 0.424539
vn -0.257232 0.868100 0.424539
vn -0.257232 0.868100 0.424539
vn -0.257232 0.868100 0.424539
vn -0.257232 0.868100 0.424539
vn -0.257232 0.868100 0.424539
vn -0.257232 0.868100 0.424539
vn -0.257232 0.868100 0.424539
vn -0.257232 0.868100 0.424539
vn -0.257232 0.868100 0.424539
vn -0.257232 0.868100 0.424539
vn -0.257232 0.868100 0.424539
vn -0.257232 0.868100 0.424539
vn -0.257232 0.868100 0.424539
vn -0.257232 0.868100 0.424539
vn -0.257232 0.868100 0.424539
vn -0.257232 0.868100 0.424539
vn -0.257232 0.868100 0.424539
vn -0.257232 0.868100 0.424539
vn -0.257232 0.868100 0.424539
vn -0.257232 0.868100 0.424539
vn -0.257232 0.868100 0.424539
vn -0.257232 0.868100 0.424539
vn -0.257232 0.868100 0.424539
vn -0.257232 0.868100 0.424539
vn 0.257232 -0.868100 -0.424539
vn 0.257232 -0.868100 -0.424539
vn 0.257232 -0.868100 -0.424539
vn 0.257232 -0.868100 -0.424539
vn 0.257232 -0.868100 -0.424539
vn 0.257232 -0.868100 -0.424539
vn 0.257232 -0.868100 -0.424539
vn 0.257232 -0.868100 -0.424539
vn 0.257232 -0.868100 -0.424539
vn 0.257232 -0.868100 -0.424539
vn 0.257232 -0.868100 -0.424539
vn 0.257232 -0.868100 -0.424539
vn 0.257232 -0.868100 -0.424539
vn 0.257232 -0.868100 -0.424539
vn 0.257232 -0.868100 -0.424539
vn 0.257232 -0.868100 -0.424539
vn 0.257232 -0.868100 -0.424539
vn 0.257232 -0.868100 -0.424539
vn 0.257232 -0.868100 -0.424539
vn 0.257232 -0.868100 -0.424539
vn 0.257232 -0.868100 -0.424539
vn 0.257232 -0.868100 -0.424539
vn 0.257232 -0.868100 -0.424539
vn 0.257232 -0.868100 -0.424539
vn 0.257232 -0.868100 -0.424539
f 460/460/448 461/461/449 486/486/450 485/485/451
f 461/461/449 462/462/452 487/487/453 486/486/450
f 462/462/452 463/463/454 488/488/455 487/487/453
f 463/463/454 464/464/456 489/489/457 488/488/455
f 464/464/456 465/465/458 490/490/459 489/489/457
f 465/465/458 466/466/460 491/491/461 490/490/459
f 466/466/460 467/467/462 492/492/463 491/491/461
f 467/467/462 468/468/464 493/493/465 492/492/463
f 468/468/464 469/469/466 494/494/467 493/493/465
f 469/469/466 470/470/468 495/495/469 494/494/467
f 470/470/468 471/471/470 496/496/471 495/495/469
f 471/471/470 472/472/472 497/497/473 496/496/471
f 472/472/472 473/473/474 498/498/475 497/497/473
f 473/473/474 474/474/476 499/499/477 498/498/475
f 474/474/476 475/475/478 500/500/479 499/499/477
f 475/475/478 476/476/480 501/501/481 500/500/479
f 476/476/480 477/477/482 502/502/483 501/501/481
f 477/477/482 478/478/484 503/503/485 502/502/483
f 478/478/484 479/479/486 504/504/487 503/503/485
f 479/479/486 480/480/488 505/505/489 504/504/487
f 480/480/488 481/481/490 506/506/491 505/505/489
f 481/481/490 482/482/492 507/507/493 506/506/491
f 482/482/492 483/483/494 508/508/495 507/507/493
f 483/483/494 484/484/448 509/509/451 508/508/495
f 485/485/451 486/486/450 511/511/496 510/510/497
f 486/486/450 487/487/453 512/512/498 511/511/496
f 487/487/453 488/488/455 513/513/499 512/512/498
f 488/488/455 489/489/457 514/514/500 513/513/499
f 489/489/457 490/490/459 515/515/501 514/514/500
f 490/490/459 491/491/461 516/516/502 515/515/501
f 491/491/461 492/492/463 517/517/503 516/516/502
f 492/492/463 493/493/465 518/518/504 517/517/503
f 493/493/465 494/494/467 519/519/505 518/518/504
f 494/494/467 495/495/469 520/520/506 519/519/505
f 495/495/469 496/496/471 521/521/507 520/520/506
f 496/496/471 497/497/473 522/522/508 521/521/507
f 497/497/473 498/498/475 523/523/509 522/522/508
f 498/498/475 499/499/477 524/524/510 523/523/509
f 499/499/477 500/500/479 525/525/511 524/524/510
f 500/500/479 501/501/481 526/526/512 525/525/511
f 501/501/481 502/502/483 527/527/513 526/526/512
f 502/502/483 503/503/485 528/528/514 527/527/513
f 503/503/485 504/504/487 529/529/515 528/528/514
f 504/504/487 505/505/489 530/530/516 529/529/515
f 505/505/489 506/506/491 531/531/517 530/530/516
f 506/506/491 507/507/493 532/532/518 531/531/517
f 507/507/493 508/508/495 533/533/519 532/532/518
f 508/508/495 509/509/451 534/534/497 533/533/519
f 510/510/497 511/511/496 536/536/520 535/535/521
f 511/511/496 512/512/498 537/537/522 536/536/520
f 512/512/498 513/513/499 538/538/523 537/537/522
f 513/513/499 514/514/500 539/539/524 538/538/523
f 514/514/500 515/515/501 540/540/525 539/539/524
f 515/515/501 516/516/502 541/541/526 540/540/525
f 516/516/502 517/517/503 542/542/527 541/541/526
f 517/517/503 518/518/504 543/543/528 542/542/527
f 518/518/504 519/519/505 544/544/529 543/543/528
f 519/519/505 520/520/506 545/545/530 544/544/529
f 520/520/506 521/521/507 546/546/531 545/545/530
f 521/521/507 522/522/508 547/547/532 546/546/531
f 522/522/508 523/523/509 548/548/533 547/547/532
f 523/523/509 524/524/510 549/549/534 548/548/533
f 524/524/510 525/525/511 550/550/535 549/549/534
f 525/525/511 526/526/512 551/551/536 550/550/535
f 526/526/512 527/527/513 552/552/537 551/551/536
f 527/527/513 528/528/514 553/553/538 552/552/537
f 528/528/514 529/529/515 554/554/539 553/553/538
f 529/529/515 530/530/516 555/555/540 554/554/539
f 530/530/516 531/531/517 556/556/541 555/555/540
f 531/531/517 532/532/518 557/557/542 556/556/541
f 532/532/518 533/533/519 558/558/543 557/557/542
f 533/533/519 534/534/497 559/559/521 558/558/543
f 535/535/521 536/536/520 561/561/544 560/560/545
f 536/536/520 537/537/522 562/562/546 561/561/544
f 537/537/522 538/538/523 563/563/547 562/562/546
f 538/538/523 539/539/524 564/564/548 563/563/547
f 539/539/524 540/540/525 565/565/549 564/564/548
f 540/540/525 541/541/526 566/566/550 565/565/549
f 541/541/526 542/542/527 567/567/551 566/566/550
f 542/542/527 543/543/528 568/568/552 567/567/551
f 543/543/528 544/544/529 569/569/553 568/568/552
f 544/544/529 545/545/530 570/570/554 569/569/553
f 545/545/530 546/546/531 571/571/555 570/570/554
f 546/546/531 547/547/532 572/572/556 571/571/555
f 547/547/532 548/548/533 573/573/557 572/572/556
f 548/548/533 549/549/534 574/574/558 573/573/557
f 549/549/534 550/550/535 575/575/559 574/574/558
f 550/550/535 551/551/536 576/576/560 575/575/559
f 551/551/536 552/552/537 577/577/561 576/576/560
f 552/552/537 553/553/538 578/578/562 577/577/561
f 553/553/538 554/554/539 579/579/563 578/578/562
f 554/554/539 555/555/540 580/580/564 579/579/563
f 555/555/540 556/556/541 581/581/565 580/580/564
f 556/556/541 557/557/542 582/582/566 581/581/565
f 557/557/542 558/558/543 583/583/567 582/582/566
f 558/558/543 559/559/521 584/584/545 583/583/567
f 560/560/545 561/561/544 586/586/568 585/585/569
f 561/561/544 562/562/546 587/587/570 586/586/568
f 562/562/546 563/563/547 588/588/571 587/587/570
f 563/563/547 564/564/548 589/589/572 588/588/571
f 564/564/548 565/565/549 590/590/573 589/589/572
f 565/565/549 566/566/550 591/591/574 590/590/573
f 566/566/550 567/567/551 592/592/575 591/591/574
f 567/567/551 568/568/552 593/593/576 592/592/575
f 568/568/552 569/569/553 594/594/577 593/593/576
f 569/569/553 570/570/554 595/595/578 594/594/577
f 570/570/554 571/571/555 596/596/579 595/595/578
f 571/571/555 572/572/556 597/597/580 596/596/579
f 572/572/556 573/573/557 598/598/581 597/597/580
f 573/573/557 574/574/558 599/599/582 598/598/581
f 574/574/558 575/575/559 600/600/583 599/599/582
f 575/575/559 576/576/560 601/601/584 600/600/583
f 576/576/560 577/577/561 602/602/585 601/601/584
f 577/577/561 578/578/562 603/603/586 602/602/585
f 578/578/562 579/579/563 604/604/587 603/603/586
f 579/579/563 580/580/564 605/605/588 604/604/587
f 580/580/564 581/581/565 606/606/589 605/605/588
f 581/581/565 582/582/566 607/607/590 606/606/589
f 582/582/566 583/583/567 608/608/591 607/607/590
f 583/583/567 584/584/545 609/609/569 608/608/591
f 610/610/592 612/612/593 611/611/594
f 610/610/592 613/613/595 612/612/593
f 610/610/592 614/614/596 613/613/595
f 610/610/592 615/615/597 614/614/596
f 610/610/592 616/616/598 615/615/597
f 610/610/592 617/617/599 616/616/598
f 610/610/592 618/618/600 617/617/599
f 610/610/592 619/619/601 618/618/600
f 610/610/592 620/620/602 619/619/601
f 610/610/592 621/621/603 620/620/602
f 610/610/592 622/622/604 621/621/603
f 610/610/592 623/623/605 622/622/604
f 610/610/592 624/624/606 623/623/605
f 610/610/592 625/625/607 624/624/606
f 610/610/592 626/626/608 625/625/607
f 610/610/592 627/627/609 626/626/608
f 610/610/592 628/628/610 627/627/609
f 610/610/592 629/629/611 628/628/610
f 610/610/592 630/630/612 629/629/611
f 610/610/592 631/631/613 630/630/612
f 610/610/592 632/632/614 631/631/613
f 610/610/592 633/633/615 632/632/614
f 610/610/592 634/634/616 633/633/615
f 610/610/592 611/611/594 634/634/616
f 635/635/617 636/636/618 637/637/619
f 635/635/617 637/637/619 638/638/620
f 635/635/617 638/638/620 639/639/621
f 635/635/617 639/639/621 640/640/622
f 635/635/617 640/640/622 641/641/623
f 635/635/617 641/641/623 642/642/624
f 635/635/617 642/642/624 643/643/625
f 635/635/617 643/643/625 644/644/626
f 635/635/617 644/644/626 645/645/627
f 635/635/617 645/645/627 646/646/628
f 635/635/617 646/646/628 647/647/629
f 635/635/617 647/647/629 648/648/630
f 635/635/617 648/648/630 649/649/631
f 635/635/617 649/649/631 650/650/632
f 635/635/617 650/650/632 651/651/633
f 635/635/617 651/651/633 652/652/634
f 635/635/617 652/652/634 653/653/635
f 635/635/617 653/653/635 654/654/636
f 635/635/617 654/654/636 655/655/637
f 635/635/617 655/655/637 656/656/638
f 635/635/617 656/656/638 657/657/639
f 635/635/617 657/657/639 658/658/640
f 635/635/617 658/658/640 659/659/641
f 635/635/617 659/659/641 636/636/618

o Stamp_Collar
usemtl Accent_Exhibitfy_Orange
v 0.127838 -0.136773 -0.377469
v 0.108904 -0.138938 -0.384513
v 0.089971 -0.141104 -0.391557
v 0.071038 -0.143270 -0.398600
v 0.052105 -0.145435 -0.405644
v 0.033172 -0.147601 -0.412688
v 0.014238 -0.149766 -0.419731
v 0.012637 -0.149894 -0.420440
v 0.017832 -0.140045 -0.437433
v 0.023027 -0.130195 -0.454426
v 0.028222 -0.120345 -0.471419
v 0.033418 -0.110495 -0.488412
v 0.036899 -0.103895 -0.499799
v 0.052830 -0.107422 -0.482934
v 0.071763 -0.105256 -0.475891
v 0.090696 -0.103091 -0.468847
v 0.109629 -0.100925 -0.461803
v 0.128563 -0.098760 -0.454759
v 0.147496 -0.096594 -0.447716
v 0.149098 -0.096466 -0.447007
v 0.143902 -0.106316 -0.430014
v 0.138707 -0.116165 -0.413021
v 0.133512 -0.126015 -0.396029
v 0.128316 -0.135865 -0.379036
v 0.127838 -0.136773 -0.377469
v 0.128878 -0.134566 -0.372282
v 0.108805 -0.136862 -0.379750
v 0.088732 -0.139158 -0.387217
v 0.068660 -0.141454 -0.394685
v 0.048587 -0.143750 -0.402152
v 0.028514 -0.146046 -0.409620
v 0.008442 -0.148342 -0.417088
v 0.008392 -0.147735 -0.418357
v 0.013900 -0.137293 -0.436373
v 0.019408 -0.126850 -0.454389
v 0.024916 -0.116408 -0.472404
v 0.030424 -0.105965 -0.490420
v 0.034095 -0.099006 -0.502426
v 0.050948 -0.102814 -0.484429
v 0.071021 -0.100518 -0.476961
v 0.091094 -0.098222 -0.469493
v 0.111166 -0.095926 -0.462026
v 0.131239 -0.093630 -0.454558
v 0.151312 -0.091334 -0.447091
v 0.151361 -0.091941 -0.445821
v 0.145853 -0.102383 -0.427805
v 0.140345 -0.112826 -0.409789
v 0.134837 -0.123268 -0.391774
v 0.129329 -0.133711 -0.373758
v 0.128878 -0.134566 -0.372282
v 0.128170 -0.132179 -0.371114
v 0.108098 -0.134475 -0.378582
v 0.088025 -0.136771 -0.386050
v 0.067952 -0.139067 -0.393517
v 0.047880 -0.141363 -0.400985
v 0.027807 -0.143659 -0.408452
v 0.007734 -0.145954 -0.415920
v 0.007685 -0.145348 -0.417190
v 0.013193 -0.134906 -0.435206
v 0.018701 -0.124463 -0.453221
v 0.024209 -0.114020 -0.471237
v 0.029717 -0.103578 -0.489253
v 0.033387 -0.096619 -0.501258
v 0.050241 -0.100426 -0.483261
v 0.070314 -0.098130 -0.475794
v 0.090386 -0.095835 -0.468326
v 0.110459 -0.093539 -0.460858
v 0.130532 -0.091243 -0.453391
v 0.150604 -0.088947 -0.445923
v 0.150654 -0.089553 -0.444653
v 0.145146 -0.099996 -0.426638
v 0.139638 -0.110438 -0.408622
v 0.134130 -0.120881 -0.390606
v 0.128622 -0.131324 -0.372591
v 0.128170 -0.132179 -0.371114
v 0.125149 -0.127701 -0.373033
v 0.106216 -0.129867 -0.380076
v 0.087283 -0.132032 -0.387120
v 0.068350 -0.134198 -0.394164
v 0.049417 -0.136363 -0.401208
v 0.030483 -0.138529 -0.408251
v 0.011550 -0.140694 -0.415295
v 0.009948 -0.140823 -0.416003
v 0.015144 -0.130973 -0.432996
v 0.020339 -0.121123 -0.449989
v 0.025534 -0.111273 -0.466982
v 0.030730 -0.101424 -0.483975
v 0.034211 -0.094823 -0.495362
v 0.050142 -0.098350 -0.478498
v 0.069075 -0.096185 -0.471454
v 0.088008 -0.094019 -0.464410
v 0.106941 -0.091854 -0.457367
v 0.125874 -0.089688 -0.450323
v 0.144808 -0.087523 -0.443279
v 0.146409 -0.087394 -0.442571
v 0.141214 -0.097244 -0.425578
v 0.136019 -0.107094 -0.408585
v 0.130824 -0.116944 -0.391592
v 0.125628 -0.126793 -0.374599
v 0.125149 -0.127701 -0.373033
v 0.080992 -0.122943 -0.434133
v 0.127838 -0.136773 -0.377469
v 0.108904 -0.138938 -0.384513
v 0.089971 -0.141104 -0.391557
v 0.071038 -0.143270 -0.398600
v 0.052105 -0.145435 -0.405644
v 0.033172 -0.147601 -0.412688
v 0.014238 -0.149766 -0.419731
v 0.012637 -0.149894 -0.420440
v 0.017832 -0.140045 -0.437433
v 0.023027 -0.130195 -0.454426
v 0.028222 -0.120345 -0.471419
v 0.033418 -0.110495 -0.488412
v 0.036899 -0.103895 -0.499799
v 0.052830 -0.107422 -0.482934
v 0.071763 -0.105256 -0.475891
v 0.090696 -0.103091 -0.468847
v 0.109629 -0.100925 -0.461803
v 0.128563 -0.098760 -0.454759
v 0.147496 -0.096594 -0.447716
v 0.149098 -0.096466 -0.447007
v 0.143902 -0.106316 -0.430014
v 0.138707 -0.116165 -0.413021
v 0.133512 -0.126015 -0.396029
v 0.128316 -0.135865 -0.379036
v 0.078304 -0.113871 -0.429696
v 0.125149 -0.127701 -0.373033
v 0.106216 -0.129867 -0.380076
v 0.087283 -0.132032 -0.387120
v 0.068350 -0.134198 -0.394164
v 0.049417 -0.136363 -0.401208
v 0.030483 -0.138529 -0.408251
v 0.011550 -0.140694 -0.415295
v 0.009948 -0.140823 -0.416003
v 0.015144 -0.130973 -0.432996
v 0.020339 -0.121123 -0.449989
v 0.025534 -0.111273 -0.466982
v 0.030730 -0.101424 -0.483975
v 0.034211 -0.094823 -0.495362
v 0.050142 -0.098350 -0.478498
v 0.069075 -0.096185 -0.471454
v 0.088008 -0.094019 -0.464410
v 0.106941 -0.091854 -0.457367
v 0.125874 -0.089688 -0.450323
v 0.144808 -0.087523 -0.443279
v 0.146409 -0.087394 -0.442571
v 0.141214 -0.097244 -0.425578
v 0.136019 -0.107094 -0.408585
v 0.130824 -0.116944 -0.391592
v 0.125628 -0.126793 -0.374599
vt 0.000000 0.000000
vt 0.041667 0.000000
vt 0.083333 0.000000
vt 0.125000 0.000000
vt 0.166667 0.000000
vt 0.208333 0.000000
vt 0.250000 0.000000
vt 0.291667 0.000000
vt 0.333333 0.000000
vt 0.375000 0.000000
vt 0.416667 0.000000
vt 0.458333 0.000000
vt 0.500000 0.000000
vt 0.541667 0.000000
vt 0.583333 0.000000
vt 0.625000 0.000000
vt 0.666667 0.000000
vt 0.708333 0.000000
vt 0.750000 0.000000
vt 0.791667 0.000000
vt 0.833333 0.000000
vt 0.875000 0.000000
vt 0.916667 0.000000
vt 0.958333 0.000000
vt 1.000000 0.000000
vt 0.000000 0.368492
vt 0.041667 0.368492
vt 0.083333 0.368492
vt 0.125000 0.368492
vt 0.166667 0.368492
vt 0.208333 0.368492
vt 0.250000 0.368492
vt 0.291667 0.368492
vt 0.333333 0.368492
vt 0.375000 0.368492
vt 0.416667 0.368492
vt 0.458333 0.368492
vt 0.500000 0.368492
vt 0.541667 0.368492
vt 0.583333 0.368492
vt 0.625000 0.368492
vt 0.666667 0.368492
vt 0.708333 0.368492
vt 0.750000 0.368492
vt 0.791667 0.368492
vt 0.833333 0.368492
vt 0.875000 0.368492
vt 0.916667 0.368492
vt 0.958333 0.368492
vt 1.000000 0.368492
vt 0.000000 0.631508
vt 0.041667 0.631508
vt 0.083333 0.631508
vt 0.125000 0.631508
vt 0.166667 0.631508
vt 0.208333 0.631508
vt 0.250000 0.631508
vt 0.291667 0.631508
vt 0.333333 0.631508
vt 0.375000 0.631508
vt 0.416667 0.631508
vt 0.458333 0.631508
vt 0.500000 0.631508
vt 0.541667 0.631508
vt 0.583333 0.631508
vt 0.625000 0.631508
vt 0.666667 0.631508
vt 0.708333 0.631508
vt 0.750000 0.631508
vt 0.791667 0.631508
vt 0.833333 0.631508
vt 0.875000 0.631508
vt 0.916667 0.631508
vt 0.958333 0.631508
vt 1.000000 0.631508
vt 0.000000 1.000000
vt 0.041667 1.000000
vt 0.083333 1.000000
vt 0.125000 1.000000
vt 0.166667 1.000000
vt 0.208333 1.000000
vt 0.250000 1.000000
vt 0.291667 1.000000
vt 0.333333 1.000000
vt 0.375000 1.000000
vt 0.416667 1.000000
vt 0.458333 1.000000
vt 0.500000 1.000000
vt 0.541667 1.000000
vt 0.583333 1.000000
vt 0.625000 1.000000
vt 0.666667 1.000000
vt 0.708333 1.000000
vt 0.750000 1.000000
vt 0.791667 1.000000
vt 0.833333 1.000000
vt 0.875000 1.000000
vt 0.916667 1.000000
vt 0.958333 1.000000
vt 1.000000 1.000000
vt 0.500000 0.500000
vt 0.950000 0.500000
vt 0.934667 0.616469
vt 0.889711 0.725000
vt 0.818198 0.818198
vt 0.725000 0.889711
vt 0.616469 0.934667
vt 0.500000 0.950000
vt 0.383531 0.934667
vt 0.275000 0.889711
vt 0.181802 0.818198
vt 0.110289 0.725000
vt 0.065333 0.616469
vt 0.050000 0.500000
vt 0.065333 0.383531
vt 0.110289 0.275000
vt 0.181802 0.181802
vt 0.275000 0.110289
vt 0.383531 0.065333
vt 0.500000 0.050000
vt 0.616469 0.065333
vt 0.725000 0.110289
vt 0.818198 0.181802
vt 0.889711 0.275000
vt 0.934667 0.383531
vt 0.500000 0.500000
vt 0.950000 0.500000
vt 0.934667 0.616469
vt 0.889711 0.725000
vt 0.818198 0.818198
vt 0.725000 0.889711
vt 0.616469 0.934667
vt 0.500000 0.950000
vt 0.383531 0.934667
vt 0.275000 0.889711
vt 0.181802 0.818198
vt 0.110289 0.725000
vt 0.065333 0.616469
vt 0.050000 0.500000
vt 0.065333 0.383531
vt 0.110289 0.275000
vt 0.181802 0.181802
vt 0.275000 0.110289
vt 0.383531 0.065333
vt 0.500000 0.050000
vt 0.616469 0.065333
vt 0.725000 0.110289
vt 0.818198 0.181802
vt 0.889711 0.275000
vt 0.934667 0.383531
vn -0.032997 0.922082 -0.385585
vn 0.043425 0.916183 -0.398401
vn 0.127765 0.798113 -0.588805
vn 0.045693 0.806231 -0.589833
vn 0.043425 0.916183 -0.398401
vn 0.127765 0.798113 -0.588805
vn 0.043425 0.916183 -0.398401
vn 0.127765 0.798113 -0.588805
vn 0.043425 0.916183 -0.398401
vn 0.127765 0.798113 -0.588805
vn 0.043425 0.916183 -0.398401
vn 0.127765 0.798113 -0.588805
vn 0.062276 0.924198 -0.376801
vn 0.159903 0.811391 -0.562207
vn 0.568425 0.650130 0.504206
vn 0.744283 0.478854 0.465555
vn 0.576601 0.617955 0.534474
vn 0.744505 0.453145 0.490277
vn 0.576601 0.617955 0.534474
vn 0.744505 0.453145 0.490277
vn 0.576601 0.617955 0.534474
vn 0.744505 0.453145 0.490277
vn 0.576601 0.617955 0.534474
vn 0.744399 0.453274 0.490320
vn -0.306224 0.300166 0.903398
vn -0.283597 0.042319 0.958009
vn -0.564993 0.042554 0.823998
vn -0.563493 -0.170108 0.808418
vn -0.359837 0.151636 0.920611
vn -0.338699 -0.086259 0.936932
vn -0.359837 0.151636 0.920611
vn -0.338699 -0.086259 0.936932
vn -0.359837 0.151636 0.920611
vn -0.338699 -0.086259 0.936932
vn -0.359837 0.151636 0.920611
vn -0.338699 -0.086259 0.936932
vn -0.384491 0.163203 0.908588
vn -0.378323 -0.074273 0.922689
vn -0.893678 0.447524 0.032594
vn -0.961328 0.253625 -0.107341
vn -0.893013 0.449863 -0.012264
vn -0.955439 0.258709 -0.142150
vn -0.893013 0.449863 -0.012264
vn -0.955439 0.258709 -0.142150
vn -0.893013 0.449863 -0.012264
vn -0.955439 0.258709 -0.142150
vn -0.893013 0.449863 -0.012264
vn -0.955332 0.259315 -0.141766
vn 0.338699 0.086259 -0.936932
vn 0.270889 0.046246 -0.961499
vn 0.338699 0.086259 -0.936932
vn 0.338699 0.086259 -0.936932
vn 0.338699 0.086259 -0.936932
vn 0.338699 0.086259 -0.936932
vn 0.378323 0.074273 -0.922689
vn 0.961328 -0.253625 0.107341
vn 0.955439 -0.258709 0.142150
vn 0.955439 -0.258709 0.142150
vn 0.955439 -0.258709 0.142150
vn 0.955413 -0.258852 0.142059
vn -0.017928 -0.854254 0.519546
vn -0.388327 -0.761254 0.519321
vn -0.127765 -0.798113 0.588805
vn -0.127765 -0.798113 0.588805
vn -0.127765 -0.798113 0.588805
vn -0.127765 -0.798113 0.588805
vn -0.159903 -0.811391 0.562207
vn -0.744283 -0.478854 -0.465555
vn -0.744505 -0.453145 -0.490277
vn -0.744505 -0.453145 -0.490277
vn -0.744505 -0.453145 -0.490277
vn -0.744057 -0.453688 -0.490455
vn 0.359837 -0.151636 -0.920611
vn 0.298962 -0.198205 -0.933454
vn 0.359837 -0.151636 -0.920611
vn 0.359837 -0.151636 -0.920611
vn 0.359837 -0.151636 -0.920611
vn 0.359837 -0.151636 -0.920611
vn 0.384491 -0.163203 -0.908588
vn 0.893678 -0.447524 -0.032594
vn 0.893013 -0.449863 0.012264
vn 0.893013 -0.449863 0.012264
vn 0.893013 -0.449863 0.012264
vn 0.893013 -0.449863 0.012264
vn 0.065669 -0.954885 0.289623
vn -0.291249 -0.881269 0.372208
vn -0.043425 -0.916183 0.398401
vn -0.043425 -0.916183 0.398401
vn -0.043425 -0.916183 0.398401
vn -0.043425 -0.916183 0.398401
vn -0.062276 -0.924198 0.376801
vn -0.568425 -0.650130 -0.504206
vn -0.576601 -0.617955 -0.534474
vn -0.576601 -0.617955 -0.534474
vn -0.576601 -0.617955 -0.534474
vn -0.576601 -0.617955 -0.534474
vn -0.257232 0.868100 0.424539
vn -0.257232 0.868100 0.424539
vn -0.257232 0.868100 0.424539
vn -0.257232 0.868100 0.424539
vn -0.257232 0.868100 0.424539
vn -0.257232 0.868100 0.424539
vn -0.257232 0.868100 0.424539
vn -0.257232 0.868100 0.424539
vn -0.257232 0.868100 0.424539
vn -0.257232 0.868100 0.424539
vn -0.257232 0.868100 0.424539
vn -0.257232 0.868100 0.424539
vn -0.257232 0.868100 0.424539
vn -0.257232 0.868100 0.424539
vn -0.257232 0.868100 0.424539
vn -0.257232 0.868100 0.424539
vn -0.257232 0.868100 0.424539
vn -0.257232 0.868100 0.424539
vn -0.257232 0.868100 0.424539
vn -0.257232 0.868100 0.424539
vn -0.257232 0.868100 0.424539
vn -0.257232 0.868100 0.424539
vn -0.257232 0.868100 0.424539
vn -0.257232 0.868100 0.424539
vn -0.257232 0.868100 0.424539
vn 0.257232 -0.868100 -0.424539
vn 0.257232 -0.868100 -0.424539
vn 0.257232 -0.868100 -0.424539
vn 0.257232 -0.868100 -0.424539
vn 0.257232 -0.868100 -0.424539
vn 0.257232 -0.868100 -0.424539
vn 0.257232 -0.868100 -0.424539
vn 0.257232 -0.868100 -0.424539
vn 0.257232 -0.868100 -0.424539
vn 0.257232 -0.868100 -0.424539
vn 0.257232 -0.868100 -0.424539
vn 0.257232 -0.868100 -0.424539
vn 0.257232 -0.868100 -0.424539
vn 0.257232 -0.868100 -0.424539
vn 0.257232 -0.868100 -0.424539
vn 0.257232 -0.868100 -0.424539
vn 0.257232 -0.868100 -0.424539
vn 0.257232 -0.868100 -0.424539
vn 0.257232 -0.868100 -0.424539
vn 0.257232 -0.868100 -0.424539
vn 0.257232 -0.868100 -0.424539
vn 0.257232 -0.868100 -0.424539
vn 0.257232 -0.868100 -0.424539
vn 0.257232 -0.868100 -0.424539
vn 0.257232 -0.868100 -0.424539
f 660/660/642 661/661/643 686/686/644 685/685/645
f 661/661/643 662/662/646 687/687/647 686/686/644
f 662/662/646 663/663/648 688/688/649 687/687/647
f 663/663/648 664/664/650 689/689/651 688/688/649
f 664/664/650 665/665/652 690/690/653 689/689/651
f 665/665/652 666/666/654 691/691/655 690/690/653
f 666/666/654 667/667/656 692/692/657 691/691/655
f 667/667/656 668/668/658 693/693/659 692/692/657
f 668/668/658 669/669/660 694/694/661 693/693/659
f 669/669/660 670/670/662 695/695/663 694/694/661
f 670/670/662 671/671/664 696/696/665 695/695/663
f 671/671/664 672/672/666 697/697/667 696/696/665
f 672/672/666 673/673/668 698/698/669 697/697/667
f 673/673/668 674/674/670 699/699/671 698/698/669
f 674/674/670 675/675/672 700/700/673 699/699/671
f 675/675/672 676/676/674 701/701/675 700/700/673
f 676/676/674 677/677/676 702/702/677 701/701/675
f 677/677/676 678/678/678 703/703/679 702/702/677
f 678/678/678 679/679/680 704/704/681 703/703/679
f 679/679/680 680/680/682 705/705/683 704/704/681
f 680/680/682 681/681/684 706/706/685 705/705/683
f 681/681/684 682/682/686 707/707/687 706/706/685
f 682/682/686 683/683/688 708/708/689 707/707/687
f 683/683/688 684/684/642 709/709/645 708/708/689
f 685/685/645 686/686/644 711/711/690 710/710/691
f 686/686/644 687/687/647 712/712/692 711/711/690
f 687/687/647 688/688/649 713/713/693 712/712/692
f 688/688/649 689/689/651 714/714/694 713/713/693
f 689/689/651 690/690/653 715/715/695 714/714/694
f 690/690/653 691/691/655 716/716/696 715/715/695
f 691/691/655 692/692/657 717/717/697 716/716/696
f 692/692/657 693/693/659 718/718/698 717/717/697
f 693/693/659 694/694/661 719/719/699 718/718/698
f 694/694/661 695/695/663 720/720/700 719/719/699
f 695/695/663 696/696/665 721/721/701 720/720/700
f 696/696/665 697/697/667 722/722/702 721/721/701
f 697/697/667 698/698/669 723/723/703 722/722/702
f 698/698/669 699/699/671 724/724/704 723/723/703
f 699/699/671 700/700/673 725/725/705 724/724/704
f 700/700/673 701/701/675 726/726/706 725/725/705
f 701/701/675 702/702/677 727/727/707 726/726/706
f 702/702/677 703/703/679 728/728/708 727/727/707
f 703/703/679 704/704/681 729/729/709 728/728/708
f 704/704/681 705/705/683 730/730/710 729/729/709
f 705/705/683 706/706/685 731/731/711 730/730/710
f 706/706/685 707/707/687 732/732/712 731/731/711
f 707/707/687 708/708/689 733/733/713 732/732/712
f 708/708/689 709/709/645 734/734/691 733/733/713
f 710/710/691 711/711/690 736/736/714 735/735/715
f 711/711/690 712/712/692 737/737/716 736/736/714
f 712/712/692 713/713/693 738/738/717 737/737/716
f 713/713/693 714/714/694 739/739/718 738/738/717
f 714/714/694 715/715/695 740/740/719 739/739/718
f 715/715/695 716/716/696 741/741/720 740/740/719
f 716/716/696 717/717/697 742/742/721 741/741/720
f 717/717/697 718/718/698 743/743/722 742/742/721
f 718/718/698 719/719/699 744/744/723 743/743/722
f 719/719/699 720/720/700 745/745/724 744/744/723
f 720/720/700 721/721/701 746/746/725 745/745/724
f 721/721/701 722/722/702 747/747/726 746/746/725
f 722/722/702 723/723/703 748/748/727 747/747/726
f 723/723/703 724/724/704 749/749/728 748/748/727
f 724/724/704 725/725/705 750/750/729 749/749/728
f 725/725/705 726/726/706 751/751/730 750/750/729
f 726/726/706 727/727/707 752/752/731 751/751/730
f 727/727/707 728/728/708 753/753/732 752/752/731
f 728/728/708 729/729/709 754/754/733 753/753/732
f 729/729/709 730/730/710 755/755/734 754/754/733
f 730/730/710 731/731/711 756/756/735 755/755/734
f 731/731/711 732/732/712 757/757/736 756/756/735
f 732/732/712 733/733/713 758/758/737 757/757/736
f 733/733/713 734/734/691 759/759/715 758/758/737
f 760/760/738 762/762/739 761/761/740
f 760/760/738 763/763/741 762/762/739
f 760/760/738 764/764/742 763/763/741
f 760/760/738 765/765/743 764/764/742
f 760/760/738 766/766/744 765/765/743
f 760/760/738 767/767/745 766/766/744
f 760/760/738 768/768/746 767/767/745
f 760/760/738 769/769/747 768/768/746
f 760/760/738 770/770/748 769/769/747
f 760/760/738 771/771/749 770/770/748
f 760/760/738 772/772/750 771/771/749
f 760/760/738 773/773/751 772/772/750
f 760/760/738 774/774/752 773/773/751
f 760/760/738 775/775/753 774/774/752
f 760/760/738 776/776/754 775/775/753
f 760/760/738 777/777/755 776/776/754
f 760/760/738 778/778/756 777/777/755
f 760/760/738 779/779/757 778/778/756
f 760/760/738 780/780/758 779/779/757
f 760/760/738 781/781/759 780/780/758
f 760/760/738 782/782/760 781/781/759
f 760/760/738 783/783/761 782/782/760
f 760/760/738 784/784/762 783/783/761
f 760/760/738 761/761/740 784/784/762
f 785/785/763 786/786/764 787/787/765
f 785/785/763 787/787/765 788/788/766
f 785/785/763 788/788/766 789/789/767
f 785/785/763 789/789/767 790/790/768
f 785/785/763 790/790/768 791/791/769
f 785/785/763 791/791/769 792/792/770
f 785/785/763 792/792/770 793/793/771
f 785/785/763 793/793/771 794/794/772
f 785/785/763 794/794/772 795/795/773
f 785/785/763 795/795/773 796/796/774
f 785/785/763 796/796/774 797/797/775
f 785/785/763 797/797/775 798/798/776
f 785/785/763 798/798/776 799/799/777
f 785/785/763 799/799/777 800/800/778
f 785/785/763 800/800/778 801/801/779
f 785/785/763 801/801/779 802/802/780
f 785/785/763 802/802/780 803/803/781
f 785/785/763 803/803/781 804/804/782
f 785/785/763 804/804/782 805/805/783
f 785/785/763 805/805/783 806/806/784
f 785/785/763 806/806/784 807/807/785
f 785/785/763 807/807/785 808/808/786
f 785/785/763 808/808/786 809/809/787
f 785/785/763 809/809/787 786/786/764

o Stamp_SidePlates
usemtl Housing_Black
v 0.022691 -0.139769 -0.412899
v 0.021286 -0.138158 -0.417043
v 0.023085 -0.134749 -0.422925
v 0.024883 -0.131340 -0.428807
v 0.026681 -0.127930 -0.434689
v 0.028479 -0.124521 -0.440571
v 0.030278 -0.121112 -0.446453
v 0.032076 -0.117702 -0.452334
v 0.033874 -0.114293 -0.458216
v 0.035672 -0.110884 -0.464098
v 0.037471 -0.107474 -0.469980
v 0.039269 -0.104065 -0.475862
v 0.041014 -0.100756 -0.481571
v 0.042326 -0.102543 -0.477123
v 0.040528 -0.105952 -0.471241
v 0.038729 -0.109361 -0.465359
v 0.036931 -0.112771 -0.459477
v 0.035133 -0.116180 -0.453595
v 0.033335 -0.119589 -0.447713
v 0.031536 -0.122999 -0.441831
v 0.029738 -0.126408 -0.435949
v 0.027940 -0.129817 -0.430067
v 0.026141 -0.133227 -0.424186
v 0.024343 -0.136636 -0.418304
v 0.022691 -0.139769 -0.412899
v 0.023880 -0.137247 -0.406970
v 0.016024 -0.138146 -0.409893
v 0.016447 -0.135669 -0.414701
v 0.018603 -0.131582 -0.421752
v 0.020759 -0.127495 -0.428803
v 0.022914 -0.123408 -0.435853
v 0.025070 -0.119322 -0.442904
v 0.027225 -0.115235 -0.449955
v 0.029381 -0.111148 -0.457005
v 0.031537 -0.107061 -0.464056
v 0.033692 -0.102974 -0.471107
v 0.035848 -0.098887 -0.478157
v 0.037809 -0.095169 -0.484573
v 0.045325 -0.094916 -0.480537
v 0.044901 -0.097393 -0.475729
v 0.042745 -0.101480 -0.468678
v 0.040590 -0.105566 -0.461627
v 0.038434 -0.109653 -0.454577
v 0.036279 -0.113740 -0.447526
v 0.034123 -0.117827 -0.440475
v 0.031967 -0.121914 -0.433424
v 0.029812 -0.126001 -0.426374
v 0.027656 -0.130087 -0.419323
v 0.025501 -0.134174 -0.412272
v 0.023880 -0.137247 -0.406970
v 0.009321 -0.088117 -0.382944
v 0.001466 -0.089016 -0.385866
v 0.001889 -0.086539 -0.390674
v 0.004045 -0.082452 -0.397725
v 0.006201 -0.078365 -0.404776
v 0.008356 -0.074278 -0.411826
v 0.010512 -0.070192 -0.418877
v 0.012667 -0.066105 -0.425928
v 0.014823 -0.062018 -0.432979
v 0.016979 -0.057931 -0.440029
v 0.019134 -0.053844 -0.447080
v 0.021290 -0.049757 -0.454131
v 0.023251 -0.046039 -0.460546
v 0.030767 -0.045786 -0.456510
v 0.030343 -0.048263 -0.451702
v 0.028187 -0.052349 -0.444651
v 0.026032 -0.056436 -0.437600
v 0.023876 -0.060523 -0.430550
v 0.021721 -0.064610 -0.423499
v 0.019565 -0.068697 -0.416448
v 0.017409 -0.072784 -0.409398
v 0.015254 -0.076870 -0.402347
v 0.013098 -0.080957 -0.395296
v 0.010942 -0.085044 -0.388246
v 0.009321 -0.088117 -0.382944
v -0.005237 -0.038987 -0.358917
v -0.013092 -0.039886 -0.361839
v -0.012669 -0.037409 -0.366648
v -0.010513 -0.033322 -0.373698
v -0.008357 -0.029235 -0.380749
v -0.006202 -0.025148 -0.387800
v -0.004046 -0.021061 -0.394850
v -0.001891 -0.016975 -0.401901
v 0.000265 -0.012888 -0.408952
v 0.002421 -0.008801 -0.416002
v 0.004576 -0.004714 -0.423053
v 0.006732 -0.000627 -0.430104
v 0.008693 0.003091 -0.436519
v 0.016209 0.003345 -0.432483
v 0.015785 0.000868 -0.427675
v 0.013629 -0.003219 -0.420624
v 0.011474 -0.007306 -0.413574
v 0.009318 -0.011393 -0.406523
v 0.007162 -0.015480 -0.399472
v 0.005007 -0.019567 -0.392422
v 0.002851 -0.023653 -0.385371
v 0.000696 -0.027740 -0.378320
v -0.001460 -0.031827 -0.371269
v -0.003616 -0.035914 -0.364219
v -0.005237 -0.038987 -0.358917
v -0.008689 -0.033869 -0.361109
v -0.010094 -0.032259 -0.365254
v -0.008295 -0.028849 -0.371136
v -0.006497 -0.025440 -0.377017
v -0.004699 -0.022031 -0.382899
v -0.002900 -0.018621 -0.388781
v -0.001102 -0.015212 -0.394663
v 0.000696 -0.011803 -0.400545
v 0.002494 -0.008393 -0.406427
v 0.004293 -0.004984 -0.412309
v 0.006091 -0.001575 -0.418191
v 0.007889 0.001835 -0.424073
v 0.009634 0.005144 -0.429781
v 0.010946 0.003357 -0.425333
v 0.009148 -0.000052 -0.419451
v 0.007350 -0.003462 -0.413569
v 0.005551 -0.006871 -0.407687
v 0.003753 -0.010280 -0.401806
v 0.001955 -0.013690 -0.395924
v 0.000156 -0.017099 -0.390042
v -0.001642 -0.020508 -0.384160
v -0.003440 -0.023918 -0.378278
v -0.005238 -0.027327 -0.372396
v -0.007037 -0.030737 -0.366514
v -0.008689 -0.033869 -0.361109
v 0.031810 -0.120343 -0.447095
v 0.022691 -0.139769 -0.412899
v 0.021286 -0.138158 -0.417043
v 0.023085 -0.134749 -0.422925
v 0.024883 -0.131340 -0.428807
v 0.026681 -0.127930 -0.434689
v 0.028479 -0.124521 -0.440571
v 0.030278 -0.121112 -0.446453
v 0.032076 -0.117702 -0.452334
v 0.033874 -0.114293 -0.458216
v 0.035672 -0.110884 -0.464098
v 0.037471 -0.107474 -0.469980
v 0.039269 -0.104065 -0.475862
v 0.041014 -0.100756 -0.481571
v 0.042326 -0.102543 -0.477123
v 0.040528 -0.105952 -0.471241
v 0.038729 -0.109361 -0.465359
v 0.036931 -0.112771 -0.459477
v 0.035133 -0.116180 -0.453595
v 0.033335 -0.119589 -0.447713
v 0.031536 -0.122999 -0.441831
v 0.029738 -0.126408 -0.435949
v 0.027940 -0.129817 -0.430067
v 0.026141 -0.133227 -0.424186
v 0.024343 -0.136636 -0.418304
v 0.000430 -0.014444 -0.395306
v -0.008689 -0.033869 -0.361109
v -0.010094 -0.032259 -0.365254
v -0.008295 -0.028849 -0.371136
v -0.006497 -0.025440 -0.377017
v -0.004699 -0.022031 -0.382899
v -0.002900 -0.018621 -0.388781
v -0.001102 -0.015212 -0.394663
v 0.000696 -0.011803 -0.400545
v 0.002494 -0.008393 -0.406427
v 0.004293 -0.004984 -0.412309
v 0.006091 -0.001575 -0.418191
v 0.007889 0.001835 -0.424073
v 0.009634 0.005144 -0.429781
v 0.010946 0.003357 -0.425333
v 0.009148 -0.000052 -0.419451
v 0.007350 -0.003462 -0.413569
v 0.005551 -0.006871 -0.407687
v 0.003753 -0.010280 -0.401806
v 0.001955 -0.013690 -0.395924
v 0.000156 -0.017099 -0.390042
v -0.001642 -0.020508 -0.384160
v -0.003440 -0.023918 -0.378278
v -0.005238 -0.027327 -0.372396
v -0.007037 -0.030737 -0.366514
v 0.115974 -0.129099 -0.378195
v 0.114570 -0.127489 -0.382339
v 0.116368 -0.124079 -0.388221
v 0.118166 -0.120670 -0.394103
v 0.119964 -0.117261 -0.399985
v 0.121763 -0.113851 -0.405867
v 0.123561 -0.110442 -0.411749
v 0.125359 -0.107033 -0.417630
v 0.127158 -0.103623 -0.423512
v 0.128956 -0.100214 -0.429394
v 0.130754 -0.096805 -0.435276
v 0.132552 -0.093395 -0.441158
v 0.134298 -0.090086 -0.446867
v 0.135609 -0.091873 -0.442418
v 0.133811 -0.095282 -0.436537
v 0.132013 -0.098692 -0.430655
v 0.130214 -0.102101 -0.424773
v 0.128416 -0.105510 -0.418891
v 0.126618 -0.108920 -0.413009
v 0.124820 -0.112329 -0.407127
v 0.123021 -0.115738 -0.401245
v 0.121223 -0.119148 -0.395363
v 0.119425 -0.122557 -0.389481
v 0.117627 -0.125967 -0.383600
v 0.115974 -0.129099 -0.378195
v 0.117163 -0.126578 -0.372266
v 0.109307 -0.127476 -0.375189
v 0.109731 -0.124999 -0.379997
v 0.111886 -0.120913 -0.387048
v 0.114042 -0.116826 -0.394098
v 0.116198 -0.112739 -0.401149
v 0.118353 -0.108652 -0.408200
v 0.120509 -0.104565 -0.415251
v 0.122665 -0.100478 -0.422301
v 0.124820 -0.096392 -0.429352
v 0.126976 -0.092305 -0.436403
v 0.129131 -0.088218 -0.443453
v 0.131093 -0.084499 -0.449869
v 0.138608 -0.084246 -0.445833
v 0.138184 -0.086723 -0.441025
v 0.136029 -0.090810 -0.433974
v 0.133873 -0.094897 -0.426923
v 0.131718 -0.098984 -0.419872
v 0.129562 -0.103070 -0.412822
v 0.127406 -0.107157 -0.405771
v 0.125251 -0.111244 -0.398720
v 0.123095 -0.115331 -0.391670
v 0.120940 -0.119418 -0.384619
v 0.118784 -0.123505 -0.377568
v 0.117163 -0.126578 -0.372266
v 0.102605 -0.077448 -0.348239
v 0.094749 -0.078346 -0.351162
v 0.095173 -0.075869 -0.355970
v 0.097328 -0.071782 -0.363021
v 0.099484 -0.067696 -0.370072
v 0.101640 -0.063609 -0.377122
v 0.103795 -0.059522 -0.384173
v 0.105951 -0.055435 -0.391224
v 0.108106 -0.051348 -0.398274
v 0.110262 -0.047261 -0.405325
v 0.112418 -0.043175 -0.412376
v 0.114573 -0.039088 -0.419427
v 0.116535 -0.035369 -0.425842
v 0.124050 -0.035116 -0.421806
v 0.123626 -0.037593 -0.416998
v 0.121471 -0.041680 -0.409947
v 0.119315 -0.045767 -0.402896
v 0.117160 -0.049853 -0.395846
v 0.115004 -0.053940 -0.388795
v 0.112848 -0.058027 -0.381744
v 0.110693 -0.062114 -0.374694
v 0.108537 -0.066201 -0.367643
v 0.106381 -0.070288 -0.360592
v 0.104226 -0.074375 -0.353541
v 0.102605 -0.077448 -0.348239
v 0.088047 -0.028318 -0.324213
v 0.080191 -0.029216 -0.327135
v 0.080615 -0.026739 -0.331944
v 0.082770 -0.022652 -0.338994
v 0.084926 -0.018565 -0.346045
v 0.087082 -0.014479 -0.353096
v 0.089237 -0.010392 -0.360146
v 0.091393 -0.006305 -0.367197
v 0.093548 -0.002218 -0.374248
v 0.095704 0.001869 -0.381298
v 0.097860 0.005956 -0.388349
v 0.100015 0.010042 -0.395400
v 0.101977 0.013761 -0.401815
v 0.109492 0.014014 -0.397779
v 0.109068 0.011537 -0.392971
v 0.106913 0.007450 -0.385920
v 0.104757 0.003364 -0.378870
v 0.102602 -0.000723 -0.371819
v 0.100446 -0.004810 -0.364768
v 0.098290 -0.008897 -0.357717
v 0.096135 -0.012984 -0.350667
v 0.093979 -0.017071 -0.343616
v 0.091823 -0.021158 -0.336565
v 0.089668 -0.025244 -0.329515
v 0.088047 -0.028318 -0.324213
v 0.084594 -0.023200 -0.326405
v 0.083190 -0.021589 -0.330550
v 0.084988 -0.018180 -0.336431
v 0.086786 -0.014771 -0.342313
v 0.088585 -0.011361 -0.348195
v 0.090383 -0.007952 -0.354077
v 0.092181 -0.004542 -0.359959
v 0.093980 -0.001133 -0.365841
v 0.095778 0.002276 -0.371723
v 0.097576 0.005686 -0.377605
v 0.099374 0.009095 -0.383487
v 0.101173 0.012504 -0.389368
v 0.102918 0.015813 -0.395077
v 0.104230 0.014027 -0.390629
v 0.102431 0.010617 -0.384747
v 0.100633 0.007208 -0.378865
v 0.098835 0.003799 -0.372983
v 0.097036 0.000389 -0.367101
v 0.095238 -0.003020 -0.361220
v 0.093440 -0.006430 -0.355338
v 0.091642 -0.009839 -0.349456
v 0.089843 -0.013248 -0.343574
v 0.088045 -0.016658 -0.337692
v 0.086247 -0.020067 -0.331810
v 0.084594 -0.023200 -0.326405
v 0.125093 -0.109674 -0.412391
v 0.115974 -0.129099 -0.378195
v 0.114570 -0.127489 -0.382339
v 0.116368 -0.124079 -0.388221
v 0.118166 -0.120670 -0.394103
v 0.119964 -0.117261 -0.399985
v 0.121763 -0.113851 -0.405867
v 0.123561 -0.110442 -0.411749
v 0.125359 -0.107033 -0.417630
v 0.127158 -0.103623 -0.423512
v 0.128956 -0.100214 -0.429394
v 0.130754 -0.096805 -0.435276
v 0.132552 -0.093395 -0.441158
v 0.134298 -0.090086 -0.446867
v 0.135609 -0.091873 -0.442418
v 0.133811 -0.095282 -0.436537
v 0.132013 -0.098692 -0.430655
v 0.130214 -0.102101 -0.424773
v 0.128416 -0.105510 -0.418891
v 0.126618 -0.108920 -0.413009
v 0.124820 -0.112329 -0.407127
v 0.123021 -0.115738 -0.401245
v 0.121223 -0.119148 -0.395363
v 0.119425 -0.122557 -0.389481
v 0.117627 -0.125967 -0.383600
v 0.093714 -0.003774 -0.360602
v 0.084594 -0.023200 -0.326405
v 0.083190 -0.021589 -0.330550
v 0.084988 -0.018180 -0.336431
v 0.086786 -0.014771 -0.342313
v 0.088585 -0.011361 -0.348195
v 0.090383 -0.007952 -0.354077
v 0.092181 -0.004542 -0.359959
v 0.093980 -0.001133 -0.365841
v 0.095778 0.002276 -0.371723
v 0.097576 0.005686 -0.377605
v 0.099374 0.009095 -0.383487
v 0.101173 0.012504 -0.389368
v 0.102918 0.015813 -0.395077
v 0.104230 0.014027 -0.390629
v 0.102431 0.010617 -0.384747
v 0.100633 0.007208 -0.378865
v 0.098835 0.003799 -0.372983
v 0.097036 0.000389 -0.367101
v 0.095238 -0.003020 -0.361220
v 0.093440 -0.006430 -0.355338
v 0.091642 -0.009839 -0.349456
v 0.089843 -0.013248 -0.343574
v 0.088045 -0.016658 -0.337692
v 0.086247 -0.020067 -0.331810
v 0.130307 -0.091881 -0.445615
v 0.122985 -0.092718 -0.448339
v 0.115663 -0.093556 -0.451063
v 0.108340 -0.094393 -0.453787
v 0.101018 -0.095231 -0.456512
v 0.093696 -0.096068 -0.459236
v 0.086374 -0.096906 -0.461960
v 0.079051 -0.097743 -0.464684
v 0.071729 -0.098581 -0.467408
v 0.064407 -0.099418 -0.470132
v 0.057084 -0.100256 -0.472856
v 0.049762 -0.101093 -0.475580
v 0.046652 -0.100111 -0.479473
v 0.053882 -0.099450 -0.476445
v 0.061204 -0.098612 -0.473721
v 0.068526 -0.097774 -0.470997
v 0.075849 -0.096937 -0.468273
v 0.083171 -0.096099 -0.465549
v 0.090493 -0.095262 -0.462825
v 0.097816 -0.094424 -0.460101
v 0.105138 -0.093587 -0.457377
v 0.112460 -0.092749 -0.454653
v 0.119782 -0.091912 -0.451928
v 0.127105 -0.091074 -0.449204
v 0.130307 -0.091881 -0.445615
v 0.131496 -0.089359 -0.439687
v 0.122872 -0.090346 -0.442895
v 0.114247 -0.091332 -0.446104
v 0.105623 -0.092319 -0.449313
v 0.096998 -0.093305 -0.452521
v 0.088373 -0.094291 -0.455730
v 0.079749 -0.095278 -0.458938
v 0.071124 -0.096264 -0.462147
v 0.062500 -0.097251 -0.465355
v 0.053875 -0.098237 -0.468564
v 0.045251 -0.099224 -0.471773
v 0.041275 -0.098643 -0.475370
v 0.043107 -0.095169 -0.481362
v 0.051732 -0.094183 -0.478153
v 0.060356 -0.093196 -0.474945
v 0.068981 -0.092210 -0.471736
v 0.077605 -0.091223 -0.468528
v 0.086230 -0.090237 -0.465319
v 0.094854 -0.089251 -0.462110
v 0.103479 -0.088264 -0.458902
v 0.112103 -0.087278 -0.455693
v 0.120728 -0.086291 -0.452485
v 0.129353 -0.085305 -0.449276
v 0.133328 -0.085886 -0.445679
v 0.131496 -0.089359 -0.439687
v 0.116938 -0.040229 -0.415660
v 0.108314 -0.041215 -0.418869
v 0.099689 -0.042202 -0.422077
v 0.091064 -0.043188 -0.425286
v 0.082440 -0.044175 -0.428494
v 0.073815 -0.045161 -0.431703
v 0.065191 -0.046148 -0.434912
v 0.056566 -0.047134 -0.438120
v 0.047942 -0.048121 -0.441329
v 0.039317 -0.049107 -0.444537
v 0.030693 -0.050094 -0.447746
v 0.026717 -0.049512 -0.451343
v 0.028549 -0.046039 -0.457335
v 0.037173 -0.045053 -0.454127
v 0.045798 -0.044066 -0.450918
v 0.054423 -0.043080 -0.447709
v 0.063047 -0.042093 -0.444501
v 0.071672 -0.041107 -0.441292
v 0.080296 -0.040120 -0.438084
v 0.088921 -0.039134 -0.434875
v 0.097545 -0.038148 -0.431667
v 0.106170 -0.037161 -0.428458
v 0.114794 -0.036175 -0.425249
v 0.118770 -0.036756 -0.421652
v 0.116938 -0.040229 -0.415660
v 0.102380 0.008901 -0.391633
v 0.093756 0.007915 -0.394842
v 0.085131 0.006928 -0.398050
v 0.076506 0.005942 -0.401259
v 0.067882 0.004955 -0.404468
v 0.059257 0.003969 -0.407676
v 0.050633 0.002982 -0.410885
v 0.042008 0.001996 -0.414093
v 0.033384 0.001009 -0.417302
v 0.024759 0.000023 -0.420510
v 0.016135 -0.000963 -0.423719
v 0.012159 -0.000382 -0.427316
v 0.013991 0.003091 -0.433308
v 0.022615 0.004077 -0.430100
v 0.031240 0.005064 -0.426891
v 0.039865 0.006050 -0.423683
v 0.048489 0.007037 -0.420474
v 0.057114 0.008023 -0.417265
v 0.065738 0.009010 -0.414057
v 0.074363 0.009996 -0.410848
v 0.082987 0.010983 -0.407640
v 0.091612 0.011969 -0.404431
v 0.100236 0.012956 -0.401223
v 0.104212 0.012374 -0.397625
v 0.102380 0.008901 -0.391633
v 0.098928 0.014019 -0.393826
v 0.091605 0.013181 -0.396550
v 0.084283 0.012344 -0.399274
v 0.076961 0.011506 -0.401998
v 0.069638 0.010669 -0.404722
v 0.062316 0.009831 -0.407446
v 0.054994 0.008994 -0.410170
v 0.047672 0.008156 -0.412894
v 0.040349 0.007319 -0.415618
v 0.033027 0.006481 -0.418343
v 0.025705 0.005644 -0.421067
v 0.018382 0.004806 -0.423791
v 0.015273 0.005789 -0.427684
v 0.022502 0.006450 -0.424656
v 0.029824 0.007288 -0.421932
v 0.037147 0.008125 -0.419208
v 0.044469 0.008963 -0.416484
v 0.051791 0.009800 -0.413760
v 0.059113 0.010638 -0.411035
v 0.066436 0.011475 -0.408311
v 0.073758 0.012313 -0.405587
v 0.081080 0.013150 -0.402863
v 0.088403 0.013988 -0.400139
v 0.095725 0.014825 -0.397415
v 0.098928 0.014019 -0.393826
v 0.088437 -0.096077 -0.462405
v 0.130307 -0.091881 -0.445615
v 0.122985 -0.092718 -0.448339
v 0.115663 -0.093556 -0.451063
v 0.108340 -0.094393 -0.453787
v 0.101018 -0.095231 -0.456512
v 0.093696 -0.096068 -0.459236
v 0.086374 -0.096906 -0.461960
v 0.079051 -0.097743 -0.464684
v 0.071729 -0.098581 -0.467408
v 0.064407 -0.099418 -0.470132
v 0.057084 -0.100256 -0.472856
v 0.049762 -0.101093 -0.475580
v 0.046652 -0.100111 -0.479473
v 0.053882 -0.099450 -0.476445
v 0.061204 -0.098612 -0.473721
v 0.068526 -0.097774 -0.470997
v 0.075849 -0.096937 -0.468273
v 0.083171 -0.096099 -0.465549
v 0.090493 -0.095262 -0.462825
v 0.097816 -0.094424 -0.460101
v 0.105138 -0.093587 -0.457377
v 0.112460 -0.092749 -0.454653
v 0.119782 -0.091912 -0.451928
v 0.127105 -0.091074 -0.449204
v 0.057058 0.009823 -0.410616
v 0.098928 0.014019 -0.393826
v 0.091605 0.013181 -0.396550
v 0.084283 0.012344 -0.399274
v 0.076961 0.011506 -0.401998
v 0.069638 0.010669 -0.404722
v 0.062316 0.009831 -0.407446
v 0.054994 0.008994 -0.410170
v 0.047672 0.008156 -0.412894
v 0.040349 0.007319 -0.415618
v 0.033027 0.006481 -0.418343
v 0.025705 0.005644 -0.421067
v 0.018382 0.004806 -0.423791
v 0.015273 0.005789 -0.427684
v 0.022502 0.006450 -0.424656
v 0.029824 0.007288 -0.421932
v 0.037147 0.008125 -0.419208
v 0.044469 0.008963 -0.416484
v 0.051791 0.009800 -0.413760
v 0.059113 0.010638 -0.411035
v 0.066436 0.011475 -0.408311
v 0.073758 0.012313 -0.405587
v 0.081080 0.013150 -0.402863
v 0.088403 0.013988 -0.400139
v 0.095725 0.014825 -0.397415
v 0.090275 -0.062041 -0.347182
v 0.082952 -0.062879 -0.349906
v 0.075630 -0.063716 -0.352631
v 0.068308 -0.064554 -0.355355
v 0.060985 -0.065391 -0.358079
v 0.053663 -0.066229 -0.360803
v 0.046341 -0.067066 -0.363527
v 0.039018 -0.067904 -0.366251
v 0.031696 -0.068741 -0.368975
v 0.024374 -0.069579 -0.371699
v 0.017052 -0.070416 -0.374423
v 0.009729 -0.071254 -0.377147
v 0.006619 -0.070272 -0.381040
v 0.013849 -0.069610 -0.378013
v 0.021171 -0.068772 -0.375288
v 0.028494 -0.067935 -0.372564
v 0.035816 -0.067097 -0.369840
v 0.043138 -0.066260 -0.367116
v 0.050460 -0.065422 -0.364392
v 0.057783 -0.064585 -0.361668
v 0.065105 -0.063747 -0.358944
v 0.072427 -0.062910 -0.356220
v 0.079750 -0.062072 -0.353496
v 0.087072 -0.061235 -0.350772
v 0.090275 -0.062041 -0.347182
v 0.091463 -0.059520 -0.341254
v 0.082839 -0.060506 -0.344463
v 0.074214 -0.061493 -0.347671
v 0.065590 -0.062479 -0.350880
v 0.056965 -0.063465 -0.354088
v 0.048341 -0.064452 -0.357297
v 0.039716 -0.065438 -0.360505
v 0.031091 -0.066425 -0.363714
v 0.022467 -0.067411 -0.366923
v 0.013842 -0.068398 -0.370131
v 0.005218 -0.069384 -0.373340
v 0.001242 -0.068803 -0.376937
v 0.003074 -0.065330 -0.382929
v 0.011699 -0.064343 -0.379721
v 0.020323 -0.063357 -0.376512
v 0.028948 -0.062370 -0.373303
v 0.037572 -0.061384 -0.370095
v 0.046197 -0.060398 -0.366886
v 0.054821 -0.059411 -0.363678
v 0.063446 -0.058425 -0.360469
v 0.072071 -0.057438 -0.357260
v 0.080695 -0.056452 -0.354052
v 0.089320 -0.055465 -0.350843
v 0.093295 -0.056046 -0.347246
v 0.091463 -0.059520 -0.341254
v 0.086936 -0.044241 -0.333782
v 0.078312 -0.045227 -0.336991
v 0.069687 -0.046214 -0.340199
v 0.061062 -0.047200 -0.343408
v 0.052438 -0.048187 -0.346616
v 0.043813 -0.049173 -0.349825
v 0.035189 -0.050160 -0.353034
v 0.026564 -0.051146 -0.356242
v 0.017940 -0.052133 -0.359451
v 0.009315 -0.053119 -0.362659
v 0.000691 -0.054106 -0.365868
v -0.003285 -0.053524 -0.369465
v -0.001453 -0.050051 -0.375457
v 0.007171 -0.049065 -0.372249
v 0.015796 -0.048078 -0.369040
v 0.024421 -0.047092 -0.365831
v 0.033045 -0.046105 -0.362623
v 0.041670 -0.045119 -0.359414
v 0.050294 -0.044132 -0.356206
v 0.058919 -0.043146 -0.352997
v 0.067543 -0.042160 -0.349789
v 0.076168 -0.041173 -0.346580
v 0.084792 -0.040187 -0.343371
v 0.088768 -0.040768 -0.339774
v 0.086936 -0.044241 -0.333782
v 0.082409 -0.028962 -0.326310
v 0.073784 -0.029949 -0.329519
v 0.065160 -0.030935 -0.332727
v 0.056535 -0.031922 -0.335936
v 0.047911 -0.032908 -0.339144
v 0.039286 -0.033895 -0.342353
v 0.030661 -0.034881 -0.345562
v 0.022037 -0.035868 -0.348770
v 0.013412 -0.036854 -0.351979
v 0.004788 -0.037841 -0.355187
v -0.003837 -0.038827 -0.358396
v -0.007812 -0.038246 -0.361993
v -0.005980 -0.034773 -0.367985
v 0.002644 -0.033786 -0.364777
v 0.011269 -0.032800 -0.361568
v 0.019893 -0.031813 -0.358360
v 0.028518 -0.030827 -0.355151
v 0.037142 -0.029840 -0.351942
v 0.045767 -0.028854 -0.348734
v 0.054391 -0.027867 -0.345525
v 0.063016 -0.026881 -0.342317
v 0.071641 -0.025895 -0.339108
v 0.080265 -0.024908 -0.335900
v 0.084241 -0.025489 -0.332302
v 0.082409 -0.028962 -0.326310
v 0.078956 -0.023845 -0.328503
v 0.071634 -0.024682 -0.331227
v 0.064312 -0.025520 -0.333951
v 0.056989 -0.026357 -0.336675
v 0.049667 -0.027195 -0.339399
v 0.042345 -0.028032 -0.342123
v 0.035023 -0.028870 -0.344847
v 0.027700 -0.029707 -0.347571
v 0.020378 -0.030545 -0.350295
v 0.013056 -0.031382 -0.353020
v 0.005733 -0.032220 -0.355744
v -0.001589 -0.033057 -0.358468
v -0.004699 -0.032075 -0.362361
v 0.002531 -0.031414 -0.359333
v 0.009853 -0.030576 -0.356609
v 0.017175 -0.029739 -0.353885
v 0.024498 -0.028901 -0.351161
v 0.031820 -0.028064 -0.348436
v 0.039142 -0.027226 -0.345712
v 0.046464 -0.026389 -0.342988
v 0.053787 -0.025551 -0.340264
v 0.061109 -0.024713 -0.337540
v 0.068431 -0.023876 -0.334816
v 0.075754 -0.023038 -0.332092
v 0.078956 -0.023845 -0.328503
v 0.048404 -0.066237 -0.363972
v 0.090275 -0.062041 -0.347182
v 0.082952 -0.062879 -0.349906
v 0.075630 -0.063716 -0.352631
v 0.068308 -0.064554 -0.355355
v 0.060985 -0.065391 -0.358079
v 0.053663 -0.066229 -0.360803
v 0.046341 -0.067066 -0.363527
v 0.039018 -0.067904 -0.366251
v 0.031696 -0.068741 -0.368975
v 0.024374 -0.069579 -0.371699
v 0.017052 -0.070416 -0.374423
v 0.009729 -0.071254 -0.377147
v 0.006619 -0.070272 -0.381040
v 0.013849 -0.069610 -0.378013
v 0.021171 -0.068772 -0.375288
v 0.028494 -0.067935 -0.372564
v 0.035816 -0.067097 -0.369840
v 0.043138 -0.066260 -0.367116
v 0.050460 -0.065422 -0.364392
v 0.057783 -0.064585 -0.361668
v 0.065105 -0.063747 -0.358944
v 0.072427 -0.062910 -0.356220
v 0.079750 -0.062072 -0.353496
v 0.087072 -0.061235 -0.350772
v 0.037086 -0.028041 -0.345292
v 0.078956 -0.023845 -0.328503
v 0.071634 -0.024682 -0.331227
v 0.064312 -0.025520 -0.333951
v 0.056989 -0.026357 -0.336675
v 0.049667 -0.027195 -0.339399
v 0.042345 -0.028032 -0.342123
v 0.035023 -0.028870 -0.344847
v 0.027700 -0.029707 -0.347571
v 0.020378 -0.030545 -0.350295
v 0.013056 -0.031382 -0.353020
v 0.005733 -0.032220 -0.355744
v -0.001589 -0.033057 -0.358468
v -0.004699 -0.032075 -0.362361
v 0.002531 -0.031414 -0.359333
v 0.009853 -0.030576 -0.356609
v 0.017175 -0.029739 -0.353885
v 0.024498 -0.028901 -0.351161
v 0.031820 -0.028064 -0.348436
v 0.039142 -0.027226 -0.345712
v 0.046464 -0.026389 -0.342988
v 0.053787 -0.025551 -0.340264
v 0.061109 -0.024713 -0.337540
v 0.068431 -0.023876 -0.334816
v 0.075754 -0.023038 -0.332092
v 0.110336 -0.129744 -0.380292
v 0.103014 -0.130582 -0.383016
v 0.095691 -0.131419 -0.385740
v 0.088369 -0.132257 -0.388464
v 0.081047 -0.133094 -0.391188
v 0.073725 -0.133932 -0.393913
v 0.066402 -0.134769 -0.396637
v 0.059080 -0.135607 -0.399361
v 0.051758 -0.136444 -0.402085
v 0.044435 -0.137282 -0.404809
v 0.037113 -0.138119 -0.407533
v 0.029791 -0.138957 -0.410257
v 0.026681 -0.137975 -0.414150
v 0.033910 -0.137313 -0.411122
v 0.041233 -0.136476 -0.408398
v 0.048555 -0.135638 -0.405674
v 0.055877 -0.134801 -0.402950
v 0.063200 -0.133963 -0.400226
v 0.070522 -0.133126 -0.397502
v 0.077844 -0.132288 -0.394778
v 0.085167 -0.131451 -0.392054
v 0.092489 -0.130613 -0.389330
v 0.099811 -0.129776 -0.386605
v 0.107133 -0.128938 -0.383881
v 0.110336 -0.129744 -0.380292
v 0.111525 -0.127223 -0.374364
v 0.102900 -0.128209 -0.377572
v 0.094276 -0.129196 -0.380781
v 0.085651 -0.130182 -0.383989
v 0.077027 -0.131169 -0.387198
v 0.068402 -0.132155 -0.390407
v 0.059778 -0.133142 -0.393615
v 0.051153 -0.134128 -0.396824
v 0.042528 -0.135114 -0.400032
v 0.033904 -0.136101 -0.403241
v 0.025279 -0.137087 -0.406450
v 0.021304 -0.136506 -0.410047
v 0.023136 -0.133033 -0.416039
v 0.031760 -0.132047 -0.412830
v 0.040385 -0.131060 -0.409622
v 0.049009 -0.130074 -0.406413
v 0.057634 -0.129087 -0.403205
v 0.066258 -0.128101 -0.399996
v 0.074883 -0.127114 -0.396787
v 0.083508 -0.126128 -0.393579
v 0.092132 -0.125141 -0.390370
v 0.100757 -0.124155 -0.387162
v 0.109381 -0.123168 -0.383953
v 0.113357 -0.123750 -0.380356
v 0.111525 -0.127223 -0.374364
v 0.112968 -0.132093 -0.376745
v 0.104343 -0.133079 -0.379954
v 0.095719 -0.134066 -0.383163
v 0.087094 -0.135052 -0.386371
v 0.078470 -0.136039 -0.389580
v 0.069845 -0.137025 -0.392788
v 0.061221 -0.138012 -0.395997
v 0.052596 -0.138998 -0.399205
v 0.043972 -0.139984 -0.402414
v 0.035347 -0.140971 -0.405623
v 0.026722 -0.141957 -0.408831
v 0.022747 -0.141376 -0.412429
v 0.024579 -0.137903 -0.418421
v 0.033203 -0.136917 -0.415212
v 0.041828 -0.135930 -0.412003
v 0.050452 -0.134944 -0.408795
v 0.059077 -0.133957 -0.405586
v 0.067702 -0.132971 -0.402378
v 0.076326 -0.131984 -0.399169
v 0.084951 -0.130998 -0.395960
v 0.093575 -0.130011 -0.392752
v 0.102200 -0.129025 -0.389543
v 0.110824 -0.128038 -0.386335
v 0.114800 -0.128620 -0.382737
v 0.112968 -0.132093 -0.376745
v 0.109516 -0.126975 -0.378938
v 0.102193 -0.127813 -0.381662
v 0.094871 -0.128650 -0.384386
v 0.087549 -0.129488 -0.387110
v 0.080226 -0.130325 -0.389834
v 0.072904 -0.131163 -0.392558
v 0.065582 -0.132000 -0.395282
v 0.058259 -0.132838 -0.398007
v 0.050937 -0.133675 -0.400731
v 0.043615 -0.134513 -0.403455
v 0.036293 -0.135350 -0.406179
v 0.028970 -0.136188 -0.408903
v 0.025860 -0.135205 -0.412796
v 0.033090 -0.134544 -0.409768
v 0.040412 -0.133706 -0.407044
v 0.047735 -0.132869 -0.404320
v 0.055057 -0.132031 -0.401596
v 0.062379 -0.131194 -0.398872
v 0.069701 -0.130356 -0.396148
v 0.077024 -0.129519 -0.393423
v 0.084346 -0.128681 -0.390699
v 0.091668 -0.127844 -0.387975
v 0.098991 -0.127006 -0.385251
v 0.106313 -0.126169 -0.382527
v 0.109516 -0.126975 -0.378938
v 0.068466 -0.133940 -0.397082
v 0.110336 -0.129744 -0.380292
v 0.103014 -0.130582 -0.383016
v 0.095691 -0.131419 -0.385740
v 0.088369 -0.132257 -0.388464
v 0.081047 -0.133094 -0.391188
v 0.073725 -0.133932 -0.393913
v 0.066402 -0.134769 -0.396637
v 0.059080 -0.135607 -0.399361
v 0.051758 -0.136444 -0.402085
v 0.044435 -0.137282 -0.404809
v 0.037113 -0.138119 -0.407533
v 0.029791 -0.138957 -0.410257
v 0.026681 -0.137975 -0.414150
v 0.033910 -0.137313 -0.411122
v 0.041233 -0.136476 -0.408398
v 0.048555 -0.135638 -0.405674
v 0.055877 -0.134801 -0.402950
v 0.063200 -0.133963 -0.400226
v 0.070522 -0.133126 -0.397502
v 0.077844 -0.132288 -0.394778
v 0.085167 -0.131451 -0.392054
v 0.092489 -0.130613 -0.389330
v 0.099811 -0.129776 -0.386605
v 0.107133 -0.128938 -0.383881
v 0.067645 -0.131171 -0.395728
v 0.109516 -0.126975 -0.378938
v 0.102193 -0.127813 -0.381662
v 0.094871 -0.128650 -0.384386
v 0.087549 -0.129488 -0.387110
v 0.080226 -0.130325 -0.389834
v 0.072904 -0.131163 -0.392558
v 0.065582 -0.132000 -0.395282
v 0.058259 -0.132838 -0.398007
v 0.050937 -0.133675 -0.400731
v 0.043615 -0.134513 -0.403455
v 0.036293 -0.135350 -0.406179
v 0.028970 -0.136188 -0.408903
v 0.025860 -0.135205 -0.412796
v 0.033090 -0.134544 -0.409768
v 0.040412 -0.133706 -0.407044
v 0.047735 -0.132869 -0.404320
v 0.055057 -0.132031 -0.401596
v 0.062379 -0.131194 -0.398872
v 0.069701 -0.130356 -0.396148
v 0.077024 -0.129519 -0.393423
v 0.084346 -0.128681 -0.390699
v 0.091668 -0.127844 -0.387975
v 0.098991 -0.127006 -0.385251
v 0.106313 -0.126169 -0.382527
vt 0.000000 0.000000
vt 0.041667 0.000000
vt 0.083333 0.000000
vt 0.125000 0.000000
vt 0.166667 0.000000
vt 0.208333 0.000000
vt 0.250000 0.000000
vt 0.291667 0.000000
vt 0.333333 0.000000
vt 0.375000 0.000000
vt 0.416667 0.000000
vt 0.458333 0.000000
vt 0.500000 0.000000
vt 0.541667 0.000000
vt 0.583333 0.000000
vt 0.625000 0.000000
vt 0.666667 0.000000
vt 0.708333 0.000000
vt 0.750000 0.000000
vt 0.791667 0.000000
vt 0.833333 0.000000
vt 0.875000 0.000000
vt 0.916667 0.000000
vt 0.958333 0.000000
vt 1.000000 0.000000
vt 0.000000 0.036093
vt 0.041667 0.036093
vt 0.083333 0.036093
vt 0.125000 0.036093
vt 0.166667 0.036093
vt 0.208333 0.036093
vt 0.250000 0.036093
vt 0.291667 0.036093
vt 0.333333 0.036093
vt 0.375000 0.036093
vt 0.416667 0.036093
vt 0.458333 0.036093
vt 0.500000 0.036093
vt 0.541667 0.036093
vt 0.583333 0.036093
vt 0.625000 0.036093
vt 0.666667 0.036093
vt 0.708333 0.036093
vt 0.750000 0.036093
vt 0.791667 0.036093
vt 0.833333 0.036093
vt 0.875000 0.036093
vt 0.916667 0.036093
vt 0.958333 0.036093
vt 1.000000 0.036093
vt 0.000000 0.500000
vt 0.041667 0.500000
vt 0.083333 0.500000
vt 0.125000 0.500000
vt 0.166667 0.500000
vt 0.208333 0.500000
vt 0.250000 0.500000
vt 0.291667 0.500000
vt 0.333333 0.500000
vt 0.375000 0.500000
vt 0.416667 0.500000
vt 0.458333 0.500000
vt 0.500000 0.500000
vt 0.541667 0.500000
vt 0.583333 0.500000
vt 0.625000 0.500000
vt 0.666667 0.500000
vt 0.708333 0.500000
vt 0.750000 0.500000
vt 0.791667 0.500000
vt 0.833333 0.500000
vt 0.875000 0.500000
vt 0.916667 0.500000
vt 0.958333 0.500000
vt 1.000000 0.500000
vt 0.000000 0.963907
vt 0.041667 0.963907
vt 0.083333 0.963907
vt 0.125000 0.963907
vt 0.166667 0.963907
vt 0.208333 0.963907
vt 0.250000 0.963907
vt 0.291667 0.963907
vt 0.333333 0.963907
vt 0.375000 0.963907
vt 0.416667 0.963907
vt 0.458333 0.963907
vt 0.500000 0.963907
vt 0.541667 0.963907
vt 0.583333 0.963907
vt 0.625000 0.963907
vt 0.666667 0.963907
vt 0.708333 0.963907
vt 0.750000 0.963907
vt 0.791667 0.963907
vt 0.833333 0.963907
vt 0.875000 0.963907
vt 0.916667 0.963907
vt 0.958333 0.963907
vt 1.000000 0.963907
vt 0.000000 1.000000
vt 0.041667 1.000000
vt 0.083333 1.000000
vt 0.125000 1.000000
vt 0.166667 1.000000
vt 0.208333 1.000000
vt 0.250000 1.000000
vt 0.291667 1.000000
vt 0.333333 1.000000
vt 0.375000 1.000000
vt 0.416667 1.000000
vt 0.458333 1.000000
vt 0.500000 1.000000
vt 0.541667 1.000000
vt 0.583333 1.000000
vt 0.625000 1.000000
vt 0.666667 1.000000
vt 0.708333 1.000000
vt 0.750000 1.000000
vt 0.791667 1.000000
vt 0.833333 1.000000
vt 0.875000 1.000000
vt 0.916667 1.000000
vt 0.958333 1.000000
vt 1.000000 1.000000
vt 0.500000 0.500000
vt 0.950000 0.500000
vt 0.934667 0.616469
vt 0.889711 0.725000
vt 0.818198 0.818198
vt 0.725000 0.889711
vt 0.616469 0.934667
vt 0.500000 0.950000
vt 0.383531 0.934667
vt 0.275000 0.889711
vt 0.181802 0.818198
vt 0.110289 0.725000
vt 0.065333 0.616469
vt 0.050000 0.500000
vt 0.065333 0.383531
vt 0.110289 0.275000
vt 0.181802 0.181802
vt 0.275000 0.110289
vt 0.383531 0.065333
vt 0.500000 0.050000
vt 0.616469 0.065333
vt 0.725000 0.110289
vt 0.818198 0.181802
vt 0.889711 0.275000
vt 0.934667 0.383531
vt 0.500000 0.500000
vt 0.950000 0.500000
vt 0.934667 0.616469
vt 0.889711 0.725000
vt 0.818198 0.818198
vt 0.725000 0.889711
vt 0.616469 0.934667
vt 0.500000 0.950000
vt 0.383531 0.934667
vt 0.275000 0.889711
vt 0.181802 0.818198
vt 0.110289 0.725000
vt 0.065333 0.616469
vt 0.050000 0.500000
vt 0.065333 0.383531
vt 0.110289 0.275000
vt 0.181802 0.181802
vt 0.275000 0.110289
vt 0.383531 0.065333
vt 0.500000 0.050000
vt 0.616469 0.065333
vt 0.725000 0.110289
vt 0.818198 0.181802
vt 0.889711 0.275000
vt 0.934667 0.383531
vt 0.000000 0.000000
vt 0.041667 0.000000
vt 0.083333 0.000000
vt 0.125000 0.000000
vt 0.166667 0.000000
vt 0.208333 0.000000
vt 0.250000 0.000000
vt 0.291667 0.000000
vt 0.333333 0.000000
vt 0.375000 0.000000
vt 0.416667 0.000000
vt 0.458333 0.000000
vt 0.500000 0.000000
vt 0.541667 0.000000
vt 0.583333 0.000000
vt 0.625000 0.000000
vt 0.666667 0.000000
vt 0.708333 0.000000
vt 0.750000 0.000000
vt 0.791667 0.000000
vt 0.833333 0.000000
vt 0.875000 0.000000
vt 0.916667 0.000000
vt 0.958333 0.000000
vt 1.000000 0.000000
vt 0.000000 0.036093
vt 0.041667 0.036093
vt 0.083333 0.036093
vt 0.125000 0.036093
vt 0.166667 0.036093
vt 0.208333 0.036093
vt 0.250000 0.036093
vt 0.291667 0.036093
vt 0.333333 0.036093
vt 0.375000 0.036093
vt 0.416667 0.036093
vt 0.458333 0.036093
vt 0.500000 0.036093
vt 0.541667 0.036093
vt 0.583333 0.036093
vt 0.625000 0.036093
vt 0.666667 0.036093
vt 0.708333 0.036093
vt 0.750000 0.036093
vt 0.791667 0.036093
vt 0.833333 0.036093
vt 0.875000 0.036093
vt 0.916667 0.036093
vt 0.958333 0.036093
vt 1.000000 0.036093
vt 0.000000 0.500000
vt 0.041667 0.500000
vt 0.083333 0.500000
vt 0.125000 0.500000
vt 0.166667 0.500000
vt 0.208333 0.500000
vt 0.250000 0.500000
vt 0.291667 0.500000
vt 0.333333 0.500000
vt 0.375000 0.500000
vt 0.416667 0.500000
vt 0.458333 0.500000
vt 0.500000 0.500000
vt 0.541667 0.500000
vt 0.583333 0.500000
vt 0.625000 0.500000
vt 0.666667 0.500000
vt 0.708333 0.500000
vt 0.750000 0.500000
vt 0.791667 0.500000
vt 0.833333 0.500000
vt 0.875000 0.500000
vt 0.916667 0.500000
vt 0.958333 0.500000
vt 1.000000 0.500000
vt 0.000000 0.963907
vt 0.041667 0.963907
vt 0.083333 0.963907
vt 0.125000 0.963907
vt 0.166667 0.963907
vt 0.208333 0.963907
vt 0.250000 0.963907
vt 0.291667 0.963907
vt 0.333333 0.963907
vt 0.375000 0.963907
vt 0.416667 0.963907
vt 0.458333 0.963907
vt 0.500000 0.963907
vt 0.541667 0.963907
vt 0.583333 0.963907
vt 0.625000 0.963907
vt 0.666667 0.963907
vt 0.708333 0.963907
vt 0.750000 0.963907
vt 0.791667 0.963907
vt 0.833333 0.963907
vt 0.875000 0.963907
vt 0.916667 0.963907
vt 0.958333 0.963907
vt 1.000000 0.963907
vt 0.000000 1.000000
vt 0.041667 1.000000
vt 0.083333 1.000000
vt 0.125000 1.000000
vt 0.166667 1.000000
vt 0.208333 1.000000
vt 0.250000 1.000000
vt 0.291667 1.000000
vt 0.333333 1.000000
vt 0.375000 1.000000
vt 0.416667 1.000000
vt 0.458333 1.000000
vt 0.500000 1.000000
vt 0.541667 1.000000
vt 0.583333 1.000000
vt 0.625000 1.000000
vt 0.666667 1.000000
vt 0.708333 1.000000
vt 0.750000 1.000000
vt 0.791667 1.000000
vt 0.833333 1.000000
vt 0.875000 1.000000
vt 0.916667 1.000000
vt 0.958333 1.000000
vt 1.000000 1.000000
vt 0.500000 0.500000
vt 0.950000 0.500000
vt 0.934667 0.616469
vt 0.889711 0.725000
vt 0.818198 0.818198
vt 0.725000 0.889711
vt 0.616469 0.934667
vt 0.500000 0.950000
vt 0.383531 0.934667
vt 0.275000 0.889711
vt 0.181802 0.818198
vt 0.110289 0.725000
vt 0.065333 0.616469
vt 0.050000 0.500000
vt 0.065333 0.383531
vt 0.110289 0.275000
vt 0.181802 0.181802
vt 0.275000 0.110289
vt 0.383531 0.065333
vt 0.500000 0.050000
vt 0.616469 0.065333
vt 0.725000 0.110289
vt 0.818198 0.181802
vt 0.889711 0.275000
vt 0.934667 0.383531
vt 0.500000 0.500000
vt 0.950000 0.500000
vt 0.934667 0.616469
vt 0.889711 0.725000
vt 0.818198 0.818198
vt 0.725000 0.889711
vt 0.616469 0.934667
vt 0.500000 0.950000
vt 0.383531 0.934667
vt 0.275000 0.889711
vt 0.181802 0.818198
vt 0.110289 0.725000
vt 0.065333 0.616469
vt 0.050000 0.500000
vt 0.065333 0.383531
vt 0.110289 0.275000
vt 0.181802 0.181802
vt 0.275000 0.110289
vt 0.383531 0.065333
vt 0.500000 0.050000
vt 0.616469 0.065333
vt 0.725000 0.110289
vt 0.818198 0.181802
vt 0.889711 0.275000
vt 0.934667 0.383531
vt 0.000000 0.000000
vt 0.041667 0.000000
vt 0.083333 0.000000
vt 0.125000 0.000000
vt 0.166667 0.000000
vt 0.208333 0.000000
vt 0.250000 0.000000
vt 0.291667 0.000000
vt 0.333333 0.000000
vt 0.375000 0.000000
vt 0.416667 0.000000
vt 0.458333 0.000000
vt 0.500000 0.000000
vt 0.541667 0.000000
vt 0.583333 0.000000
vt 0.625000 0.000000
vt 0.666667 0.000000
vt 0.708333 0.000000
vt 0.750000 0.000000
vt 0.791667 0.000000
vt 0.833333 0.000000
vt 0.875000 0.000000
vt 0.916667 0.000000
vt 0.958333 0.000000
vt 1.000000 0.000000
vt 0.000000 0.036105
vt 0.041667 0.036105
vt 0.083333 0.036105
vt 0.125000 0.036105
vt 0.166667 0.036105
vt 0.208333 0.036105
vt 0.250000 0.036105
vt 0.291667 0.036105
vt 0.333333 0.036105
vt 0.375000 0.036105
vt 0.416667 0.036105
vt 0.458333 0.036105
vt 0.500000 0.036105
vt 0.541667 0.036105
vt 0.583333 0.036105
vt 0.625000 0.036105
vt 0.666667 0.036105
vt 0.708333 0.036105
vt 0.750000 0.036105
vt 0.791667 0.036105
vt 0.833333 0.036105
vt 0.875000 0.036105
vt 0.916667 0.036105
vt 0.958333 0.036105
vt 1.000000 0.036105
vt 0.000000 0.500000
vt 0.041667 0.500000
vt 0.083333 0.500000
vt 0.125000 0.500000
vt 0.166667 0.500000
vt 0.208333 0.500000
vt 0.250000 0.500000
vt 0.291667 0.500000
vt 0.333333 0.500000
vt 0.375000 0.500000
vt 0.416667 0.500000
vt 0.458333 0.500000
vt 0.500000 0.500000
vt 0.541667 0.500000
vt 0.583333 0.500000
vt 0.625000 0.500000
vt 0.666667 0.500000
vt 0.708333 0.500000
vt 0.750000 0.500000
vt 0.791667 0.500000
vt 0.833333 0.500000
vt 0.875000 0.500000
vt 0.916667 0.500000
vt 0.958333 0.500000
vt 1.000000 0.500000
vt 0.000000 0.963895
vt 0.041667 0.963895
vt 0.083333 0.963895
vt 0.125000 0.963895
vt 0.166667 0.963895
vt 0.208333 0.963895
vt 0.250000 0.963895
vt 0.291667 0.963895
vt 0.333333 0.963895
vt 0.375000 0.963895
vt 0.416667 0.963895
vt 0.458333 0.963895
vt 0.500000 0.963895
vt 0.541667 0.963895
vt 0.583333 0.963895
vt 0.625000 0.963895
vt 0.666667 0.963895
vt 0.708333 0.963895
vt 0.750000 0.963895
vt 0.791667 0.963895
vt 0.833333 0.963895
vt 0.875000 0.963895
vt 0.916667 0.963895
vt 0.958333 0.963895
vt 1.000000 0.963895
vt 0.000000 1.000000
vt 0.041667 1.000000
vt 0.083333 1.000000
vt 0.125000 1.000000
vt 0.166667 1.000000
vt 0.208333 1.000000
vt 0.250000 1.000000
vt 0.291667 1.000000
vt 0.333333 1.000000
vt 0.375000 1.000000
vt 0.416667 1.000000
vt 0.458333 1.000000
vt 0.500000 1.000000
vt 0.541667 1.000000
vt 0.583333 1.000000
vt 0.625000 1.000000
vt 0.666667 1.000000
vt 0.708333 1.000000
vt 0.750000 1.000000
vt 0.791667 1.000000
vt 0.833333 1.000000
vt 0.875000 1.000000
vt 0.916667 1.000000
vt 0.958333 1.000000
vt 1.000000 1.000000
vt 0.500000 0.500000
vt 0.950000 0.500000
vt 0.934667 0.616469
vt 0.889711 0.725000
vt 0.818198 0.818198
vt 0.725000 0.889711
vt 0.616469 0.934667
vt 0.500000 0.950000
vt 0.383531 0.934667
vt 0.275000 0.889711
vt 0.181802 0.818198
vt 0.110289 0.725000
vt 0.065333 0.616469
vt 0.050000 0.500000
vt 0.065333 0.383531
vt 0.110289 0.275000
vt 0.181802 0.181802
vt 0.275000 0.110289
vt 0.383531 0.065333
vt 0.500000 0.050000
vt 0.616469 0.065333
vt 0.725000 0.110289
vt 0.818198 0.181802
vt 0.889711 0.275000
vt 0.934667 0.383531
vt 0.500000 0.500000
vt 0.950000 0.500000
vt 0.934667 0.616469
vt 0.889711 0.725000
vt 0.818198 0.818198
vt 0.725000 0.889711
vt 0.616469 0.934667
vt 0.500000 0.950000
vt 0.383531 0.934667
vt 0.275000 0.889711
vt 0.181802 0.818198
vt 0.110289 0.725000
vt 0.065333 0.616469
vt 0.050000 0.500000
vt 0.065333 0.383531
vt 0.110289 0.275000
vt 0.181802 0.181802
vt 0.275000 0.110289
vt 0.383531 0.065333
vt 0.500000 0.050000
vt 0.616469 0.065333
vt 0.725000 0.110289
vt 0.818198 0.181802
vt 0.889711 0.275000
vt 0.934667 0.383531
vt 0.000000 0.000000
vt 0.041667 0.000000
vt 0.083333 0.000000
vt 0.125000 0.000000
vt 0.166667 0.000000
vt 0.208333 0.000000
vt 0.250000 0.000000
vt 0.291667 0.000000
vt 0.333333 0.000000
vt 0.375000 0.000000
vt 0.416667 0.000000
vt 0.458333 0.000000
vt 0.500000 0.000000
vt 0.541667 0.000000
vt 0.583333 0.000000
vt 0.625000 0.000000
vt 0.666667 0.000000
vt 0.708333 0.000000
vt 0.750000 0.000000
vt 0.791667 0.000000
vt 0.833333 0.000000
vt 0.875000 0.000000
vt 0.916667 0.000000
vt 0.958333 0.000000
vt 1.000000 0.000000
vt 0.000000 0.100086
vt 0.041667 0.100086
vt 0.083333 0.100086
vt 0.125000 0.100086
vt 0.166667 0.100086
vt 0.208333 0.100086
vt 0.250000 0.100086
vt 0.291667 0.100086
vt 0.333333 0.100086
vt 0.375000 0.100086
vt 0.416667 0.100086
vt 0.458333 0.100086
vt 0.500000 0.100086
vt 0.541667 0.100086
vt 0.583333 0.100086
vt 0.625000 0.100086
vt 0.666667 0.100086
vt 0.708333 0.100086
vt 0.750000 0.100086
vt 0.791667 0.100086
vt 0.833333 0.100086
vt 0.875000 0.100086
vt 0.916667 0.100086
vt 0.958333 0.100086
vt 1.000000 0.100086
vt 0.000000 0.500000
vt 0.041667 0.500000
vt 0.083333 0.500000
vt 0.125000 0.500000
vt 0.166667 0.500000
vt 0.208333 0.500000
vt 0.250000 0.500000
vt 0.291667 0.500000
vt 0.333333 0.500000
vt 0.375000 0.500000
vt 0.416667 0.500000
vt 0.458333 0.500000
vt 0.500000 0.500000
vt 0.541667 0.500000
vt 0.583333 0.500000
vt 0.625000 0.500000
vt 0.666667 0.500000
vt 0.708333 0.500000
vt 0.750000 0.500000
vt 0.791667 0.500000
vt 0.833333 0.500000
vt 0.875000 0.500000
vt 0.916667 0.500000
vt 0.958333 0.500000
vt 1.000000 0.500000
vt 0.000000 0.899914
vt 0.041667 0.899914
vt 0.083333 0.899914
vt 0.125000 0.899914
vt 0.166667 0.899914
vt 0.208333 0.899914
vt 0.250000 0.899914
vt 0.291667 0.899914
vt 0.333333 0.899914
vt 0.375000 0.899914
vt 0.416667 0.899914
vt 0.458333 0.899914
vt 0.500000 0.899914
vt 0.541667 0.899914
vt 0.583333 0.899914
vt 0.625000 0.899914
vt 0.666667 0.899914
vt 0.708333 0.899914
vt 0.750000 0.899914
vt 0.791667 0.899914
vt 0.833333 0.899914
vt 0.875000 0.899914
vt 0.916667 0.899914
vt 0.958333 0.899914
vt 1.000000 0.899914
vt 0.000000 1.000000
vt 0.041667 1.000000
vt 0.083333 1.000000
vt 0.125000 1.000000
vt 0.166667 1.000000
vt 0.208333 1.000000
vt 0.250000 1.000000
vt 0.291667 1.000000
vt 0.333333 1.000000
vt 0.375000 1.000000
vt 0.416667 1.000000
vt 0.458333 1.000000
vt 0.500000 1.000000
vt 0.541667 1.000000
vt 0.583333 1.000000
vt 0.625000 1.000000
vt 0.666667 1.000000
vt 0.708333 1.000000
vt 0.750000 1.000000
vt 0.791667 1.000000
vt 0.833333 1.000000
vt 0.875000 1.000000
vt 0.916667 1.000000
vt 0.958333 1.000000
vt 1.000000 1.000000
vt 0.500000 0.500000
vt 0.950000 0.500000
vt 0.934667 0.616469
vt 0.889711 0.725000
vt 0.818198 0.818198
vt 0.725000 0.889711
vt 0.616469 0.934667
vt 0.500000 0.950000
vt 0.383531 0.934667
vt 0.275000 0.889711
vt 0.181802 0.818198
vt 0.110289 0.725000
vt 0.065333 0.616469
vt 0.050000 0.500000
vt 0.065333 0.383531
vt 0.110289 0.275000
vt 0.181802 0.181802
vt 0.275000 0.110289
vt 0.383531 0.065333
vt 0.500000 0.050000
vt 0.616469 0.065333
vt 0.725000 0.110289
vt 0.818198 0.181802
vt 0.889711 0.275000
vt 0.934667 0.383531
vt 0.500000 0.500000
vt 0.950000 0.500000
vt 0.934667 0.616469
vt 0.889711 0.725000
vt 0.818198 0.818198
vt 0.725000 0.889711
vt 0.616469 0.934667
vt 0.500000 0.950000
vt 0.383531 0.934667
vt 0.275000 0.889711
vt 0.181802 0.818198
vt 0.110289 0.725000
vt 0.065333 0.616469
vt 0.050000 0.500000
vt 0.065333 0.383531
vt 0.110289 0.275000
vt 0.181802 0.181802
vt 0.275000 0.110289
vt 0.383531 0.065333
vt 0.500000 0.050000
vt 0.616469 0.065333
vt 0.725000 0.110289
vt 0.818198 0.181802
vt 0.889711 0.275000
vt 0.934667 0.383531
vt 0.000000 0.000000
vt 0.041667 0.000000
vt 0.083333 0.000000
vt 0.125000 0.000000
vt 0.166667 0.000000
vt 0.208333 0.000000
vt 0.250000 0.000000
vt 0.291667 0.000000
vt 0.333333 0.000000
vt 0.375000 0.000000
vt 0.416667 0.000000
vt 0.458333 0.000000
vt 0.500000 0.000000
vt 0.541667 0.000000
vt 0.583333 0.000000
vt 0.625000 0.000000
vt 0.666667 0.000000
vt 0.708333 0.000000
vt 0.750000 0.000000
vt 0.791667 0.000000
vt 0.833333 0.000000
vt 0.875000 0.000000
vt 0.916667 0.000000
vt 0.958333 0.000000
vt 1.000000 0.000000
vt 0.000000 0.305472
vt 0.041667 0.305472
vt 0.083333 0.305472
vt 0.125000 0.305472
vt 0.166667 0.305472
vt 0.208333 0.305472
vt 0.250000 0.305472
vt 0.291667 0.305472
vt 0.333333 0.305472
vt 0.375000 0.305472
vt 0.416667 0.305472
vt 0.458333 0.305472
vt 0.500000 0.305472
vt 0.541667 0.305472
vt 0.583333 0.305472
vt 0.625000 0.305472
vt 0.666667 0.305472
vt 0.708333 0.305472
vt 0.750000 0.305472
vt 0.791667 0.305472
vt 0.833333 0.305472
vt 0.875000 0.305472
vt 0.916667 0.305472
vt 0.958333 0.305472
vt 1.000000 0.305472
vt 0.000000 0.694528
vt 0.041667 0.694528
vt 0.083333 0.694528
vt 0.125000 0.694528
vt 0.166667 0.694528
vt 0.208333 0.694528
vt 0.250000 0.694528
vt 0.291667 0.694528
vt 0.333333 0.694528
vt 0.375000 0.694528
vt 0.416667 0.694528
vt 0.458333 0.694528
vt 0.500000 0.694528
vt 0.541667 0.694528
vt 0.583333 0.694528
vt 0.625000 0.694528
vt 0.666667 0.694528
vt 0.708333 0.694528
vt 0.750000 0.694528
vt 0.791667 0.694528
vt 0.833333 0.694528
vt 0.875000 0.694528
vt 0.916667 0.694528
vt 0.958333 0.694528
vt 1.000000 0.694528
vt 0.000000 1.000000
vt 0.041667 1.000000
vt 0.083333 1.000000
vt 0.125000 1.000000
vt 0.166667 1.000000
vt 0.208333 1.000000
vt 0.250000 1.000000
vt 0.291667 1.000000
vt 0.333333 1.000000
vt 0.375000 1.000000
vt 0.416667 1.000000
vt 0.458333 1.000000
vt 0.500000 1.000000
vt 0.541667 1.000000
vt 0.583333 1.000000
vt 0.625000 1.000000
vt 0.666667 1.000000
vt 0.708333 1.000000
vt 0.750000 1.000000
vt 0.791667 1.000000
vt 0.833333 1.000000
vt 0.875000 1.000000
vt 0.916667 1.000000
vt 0.958333 1.000000
vt 1.000000 1.000000
vt 0.500000 0.500000
vt 0.950000 0.500000
vt 0.934667 0.616469
vt 0.889711 0.725000
vt 0.818198 0.818198
vt 0.725000 0.889711
vt 0.616469 0.934667
vt 0.500000 0.950000
vt 0.383531 0.934667
vt 0.275000 0.889711
vt 0.181802 0.818198
vt 0.110289 0.725000
vt 0.065333 0.616469
vt 0.050000 0.500000
vt 0.065333 0.383531
vt 0.110289 0.275000
vt 0.181802 0.181802
vt 0.275000 0.110289
vt 0.383531 0.065333
vt 0.500000 0.050000
vt 0.616469 0.065333
vt 0.725000 0.110289
vt 0.818198 0.181802
vt 0.889711 0.275000
vt 0.934667 0.383531
vt 0.500000 0.500000
vt 0.950000 0.500000
vt 0.934667 0.616469
vt 0.889711 0.725000
vt 0.818198 0.818198
vt 0.725000 0.889711
vt 0.616469 0.934667
vt 0.500000 0.950000
vt 0.383531 0.934667
vt 0.275000 0.889711
vt 0.181802 0.818198
vt 0.110289 0.725000
vt 0.065333 0.616469
vt 0.050000 0.500000
vt 0.065333 0.383531
vt 0.110289 0.275000
vt 0.181802 0.181802
vt 0.275000 0.110289
vt 0.383531 0.065333
vt 0.500000 0.050000
vt 0.616469 0.065333
vt 0.725000 0.110289
vt 0.818198 0.181802
vt 0.889711 0.275000
vt 0.934667 0.383531
vn -0.422449 0.901506 -0.093937
vn 0.399943 0.899534 0.175739
vn 0.677685 0.536137 -0.503290
vn -0.376806 0.391369 -0.839552
vn 0.575747 0.637663 0.511762
vn 0.931140 0.190391 0.311014
vn 0.576601 0.617955 0.534474
vn 0.917313 0.151452 0.368238
vn 0.576601 0.617955 0.534474
vn 0.917313 0.151452 0.368238
vn 0.576601 0.617955 0.534474
vn 0.917313 0.151452 0.368238
vn 0.576601 0.617955 0.534474
vn 0.917313 0.151452 0.368238
vn 0.576601 0.617955 0.534474
vn 0.917313 0.151452 0.368238
vn 0.576601 0.617955 0.534474
vn 0.917313 0.151452 0.368238
vn 0.576601 0.617955 0.534474
vn 0.917313 0.151452 0.368238
vn 0.576601 0.617955 0.534474
vn 0.917313 0.151452 0.368238
vn 0.576601 0.617955 0.534474
vn 0.917100 0.152052 0.368521
vn -0.035204 0.606541 0.794272
vn 0.333190 -0.244782 0.910530
vn -0.803141 0.407710 0.434439
vn -0.778344 -0.385662 0.495424
vn -0.896114 0.443500 0.016973
vn -0.960874 -0.090045 -0.261940
vn -0.893013 0.449863 -0.012264
vn -0.943985 -0.061440 -0.324218
vn -0.893013 0.449863 -0.012264
vn -0.943985 -0.061440 -0.324218
vn -0.893013 0.449863 -0.012264
vn -0.943985 -0.061440 -0.324218
vn -0.893013 0.449863 -0.012264
vn -0.943985 -0.061440 -0.324218
vn -0.893013 0.449863 -0.012264
vn -0.943985 -0.061440 -0.324218
vn -0.893013 0.449863 -0.012264
vn -0.943985 -0.061440 -0.324218
vn -0.893013 0.449863 -0.012264
vn -0.943985 -0.061440 -0.324218
vn -0.893013 0.449863 -0.012264
vn -0.943985 -0.061440 -0.324218
vn -0.893013 0.449863 -0.012264
vn -0.944418 -0.059618 -0.323295
vn 0.680962 0.474548 -0.557759
vn -0.355710 0.323417 -0.876854
vn 0.948097 0.141730 0.284650
vn 0.931902 0.106589 0.346694
vn 0.931902 0.106589 0.346694
vn 0.931902 0.106589 0.346694
vn 0.931902 0.106589 0.346694
vn 0.931902 0.106589 0.346694
vn 0.931902 0.106589 0.346694
vn 0.931902 0.106589 0.346694
vn 0.931902 0.106589 0.346694
vn 0.931902 0.106589 0.346694
vn 0.355710 -0.323417 0.876854
vn -0.746311 -0.457546 0.483396
vn -0.948097 -0.141730 -0.284650
vn -0.931902 -0.106589 -0.346694
vn -0.931902 -0.106589 -0.346694
vn -0.931902 -0.106589 -0.346694
vn -0.931902 -0.106589 -0.346694
vn -0.931902 -0.106589 -0.346694
vn -0.931902 -0.106589 -0.346694
vn -0.931902 -0.106589 -0.346694
vn -0.931902 -0.106589 -0.346694
vn -0.931902 -0.106589 -0.346694
vn 0.717521 0.401699 -0.569036
vn -0.335519 0.252036 -0.907692
vn 0.960874 0.090045 0.261940
vn 0.943985 0.061440 0.324218
vn 0.943985 0.061440 0.324218
vn 0.943985 0.061440 0.324218
vn 0.943985 0.061440 0.324218
vn 0.943985 0.061440 0.324218
vn 0.943985 0.061440 0.324218
vn 0.943985 0.061440 0.324218
vn 0.943985 0.061440 0.324218
vn 0.944130 0.060832 0.323910
vn 0.378645 -0.398180 0.835512
vn -0.739374 -0.517177 0.431108
vn -0.931140 -0.190391 -0.311014
vn -0.917313 -0.151452 -0.368238
vn -0.917313 -0.151452 -0.368238
vn -0.917313 -0.151452 -0.368238
vn -0.917313 -0.151452 -0.368238
vn -0.917313 -0.151452 -0.368238
vn -0.917313 -0.151452 -0.368238
vn -0.917313 -0.151452 -0.368238
vn -0.917313 -0.151452 -0.368238
vn -0.916674 -0.153250 -0.369085
vn 0.787137 -0.407158 -0.463290
vn 0.015559 -0.576670 -0.816829
vn 0.896114 -0.443500 -0.016973
vn 0.893013 -0.449863 0.012264
vn 0.893013 -0.449863 0.012264
vn 0.893013 -0.449863 0.012264
vn 0.893013 -0.449863 0.012264
vn 0.893013 -0.449863 0.012264
vn 0.893013 -0.449863 0.012264
vn 0.893013 -0.449863 0.012264
vn 0.893013 -0.449863 0.012264
vn 0.893013 -0.449863 0.012264
vn 0.413818 -0.908804 0.053203
vn -0.419884 -0.885696 -0.198093
vn -0.575747 -0.637663 -0.511762
vn -0.576601 -0.617955 -0.534474
vn -0.576601 -0.617955 -0.534474
vn -0.576601 -0.617955 -0.534474
vn -0.576601 -0.617955 -0.534474
vn -0.576601 -0.617955 -0.534474
vn -0.576601 -0.617955 -0.534474
vn -0.576601 -0.617955 -0.534474
vn -0.576601 -0.617955 -0.534474
vn -0.576601 -0.617955 -0.534474
vn -0.257232 0.868100 0.424539
vn -0.257232 0.868100 0.424539
vn -0.257232 0.868100 0.424539
vn -0.257232 0.868100 0.424539
vn -0.257232 0.868100 0.424539
vn -0.257232 0.868100 0.424539
vn -0.257232 0.868100 0.424539
vn -0.257232 0.868100 0.424539
vn -0.257232 0.868100 0.424539
vn -0.257232 0.868100 0.424539
vn -0.257232 0.868100 0.424539
vn -0.257232 0.868100 0.424539
vn -0.257232 0.868100 0.424539
vn -0.257232 0.868100 0.424539
vn -0.257232 0.868100 0.424539
vn -0.257232 0.868100 0.424539
vn -0.257232 0.868100 0.424539
vn -0.257232 0.868100 0.424539
vn -0.257232 0.868100 0.424539
vn -0.257232 0.868100 0.424539
vn -0.257232 0.868100 0.424539
vn -0.257232 0.868100 0.424539
vn -0.257232 0.868100 0.424539
vn -0.257232 0.868100 0.424539
vn -0.257232 0.868100 0.424539
vn 0.257232 -0.868100 -0.424539
vn 0.257232 -0.868100 -0.424539
vn 0.257232 -0.868100 -0.424539
vn 0.257232 -0.868100 -0.424539
vn 0.257232 -0.868100 -0.424539
vn 0.257232 -0.868100 -0.424539
vn 0.257232 -0.868100 -0.424539
vn 0.257232 -0.868100 -0.424539
vn 0.257232 -0.868100 -0.424539
vn 0.257232 -0.868100 -0.424539
vn 0.257232 -0.868100 -0.424539
vn 0.257232 -0.868100 -0.424539
vn 0.257232 -0.868100 -0.424539
vn 0.257232 -0.868100 -0.424539
vn 0.257232 -0.868100 -0.424539
vn 0.257232 -0.868100 -0.424539
vn 0.257232 -0.868100 -0.424539
vn 0.257232 -0.868100 -0.424539
vn 0.257232 -0.868100 -0.424539
vn 0.257232 -0.868100 -0.424539
vn 0.257232 -0.868100 -0.424539
vn 0.257232 -0.868100 -0.424539
vn 0.257232 -0.868100 -0.424539
vn 0.257232 -0.868100 -0.424539
vn 0.257232 -0.868100 -0.424539
vn -0.422449 0.901506 -0.093937
vn 0.399943 0.899534 0.175739
vn 0.677685 0.536137 -0.503290
vn -0.376806 0.391369 -0.839552
vn 0.575747 0.637663 0.511762
vn 0.931140 0.190391 0.311014
vn 0.576601 0.617955 0.534474
vn 0.917313 0.151452 0.368238
vn 0.576601 0.617955 0.534474
vn 0.917313 0.151452 0.368238
vn 0.576601 0.617955 0.534474
vn 0.917313 0.151452 0.368238
vn 0.576601 0.617955 0.534474
vn 0.917313 0.151452 0.368238
vn 0.576601 0.617955 0.534474
vn 0.917313 0.151452 0.368238
vn 0.576601 0.617955 0.534474
vn 0.917313 0.151452 0.368238
vn 0.576601 0.617955 0.534474
vn 0.917313 0.151452 0.368238
vn 0.576601 0.617955 0.534474
vn 0.917313 0.151452 0.368238
vn 0.576601 0.617955 0.534474
vn 0.917100 0.152052 0.368521
vn -0.035204 0.606541 0.794272
vn 0.333190 -0.244782 0.910530
vn -0.803141 0.407710 0.434439
vn -0.778344 -0.385662 0.495424
vn -0.896114 0.443500 0.016973
vn -0.960874 -0.090045 -0.261940
vn -0.893013 0.449863 -0.012264
vn -0.943985 -0.061440 -0.324218
vn -0.893013 0.449863 -0.012264
vn -0.943985 -0.061440 -0.324218
vn -0.893013 0.449863 -0.012264
vn -0.943985 -0.061440 -0.324218
vn -0.893013 0.449863 -0.012264
vn -0.943985 -0.061440 -0.324218
vn -0.893013 0.449863 -0.012264
vn -0.943985 -0.061440 -0.324218
vn -0.893013 0.449863 -0.012264
vn -0.943985 -0.061440 -0.324218
vn -0.893013 0.449863 -0.012264
vn -0.943985 -0.061440 -0.324218
vn -0.893013 0.449863 -0.012264
vn -0.943985 -0.061440 -0.324218
vn -0.893013 0.449863 -0.012264
vn -0.944418 -0.059618 -0.323295
vn 0.680962 0.474548 -0.557759
vn -0.355710 0.323417 -0.876854
vn 0.948097 0.141730 0.284650
vn 0.931902 0.106589 0.346694
vn 0.931902 0.106589 0.346694
vn 0.931902 0.106589 0.346694
vn 0.931902 0.106589 0.346694
vn 0.931902 0.106589 0.346694
vn 0.931902 0.106589 0.346694
vn 0.931902 0.106589 0.346694
vn 0.931902 0.106589 0.346694
vn 0.931902 0.106589 0.346694
vn 0.355710 -0.323417 0.876854
vn -0.746311 -0.457546 0.483396
vn -0.948097 -0.141730 -0.284650
vn -0.931902 -0.106589 -0.346694
vn -0.931902 -0.106589 -0.346694
vn -0.931902 -0.106589 -0.346694
vn -0.931902 -0.106589 -0.346694
vn -0.931902 -0.106589 -0.346694
vn -0.931902 -0.106589 -0.346694
vn -0.931902 -0.106589 -0.346694
vn -0.931902 -0.106589 -0.346694
vn -0.931902 -0.106589 -0.346694
vn 0.717521 0.401699 -0.569036
vn -0.335519 0.252036 -0.907692
vn 0.960874 0.090045 0.261940
vn 0.943985 0.061440 0.324218
vn 0.943985 0.061440 0.324218
vn 0.943985 0.061440 0.324218
vn 0.943985 0.061440 0.324218
vn 0.943985 0.061440 0.324218
vn 0.943985 0.061440 0.324218
vn 0.943985 0.061440 0.324218
vn 0.943985 0.061440 0.324218
vn 0.944130 0.060832 0.323910
vn 0.378645 -0.398180 0.835512
vn -0.739374 -0.517177 0.431108
vn -0.931140 -0.190391 -0.311014
vn -0.917313 -0.151452 -0.368238
vn -0.917313 -0.151452 -0.368238
vn -0.917313 -0.151452 -0.368238
vn -0.917313 -0.151452 -0.368238
vn -0.917313 -0.151452 -0.368238
vn -0.917313 -0.151452 -0.368238
vn -0.917313 -0.151452 -0.368238
vn -0.917313 -0.151452 -0.368238
vn -0.916674 -0.153250 -0.369085
vn 0.787137 -0.407158 -0.463290
vn 0.015559 -0.576670 -0.816829
vn 0.896114 -0.443500 -0.016973
vn 0.893013 -0.449863 0.012264
vn 0.893013 -0.449863 0.012264
vn 0.893013 -0.449863 0.012264
vn 0.893013 -0.449863 0.012264
vn 0.893013 -0.449863 0.012264
vn 0.893013 -0.449863 0.012264
vn 0.893013 -0.449863 0.012264
vn 0.893013 -0.449863 0.012264
vn 0.893013 -0.449863 0.012264
vn 0.413818 -0.908804 0.053203
vn -0.419884 -0.885696 -0.198093
vn -0.575747 -0.637663 -0.511762
vn -0.576601 -0.617955 -0.534474
vn -0.576601 -0.617955 -0.534474
vn -0.576601 -0.617955 -0.534474
vn -0.576601 -0.617955 -0.534474
vn -0.576601 -0.617955 -0.534474
vn -0.576601 -0.617955 -0.534474
vn -0.576601 -0.617955 -0.534474
vn -0.576601 -0.617955 -0.534474
vn -0.576601 -0.617955 -0.534474
vn -0.257232 0.868100 0.424539
vn -0.257232 0.868100 0.424539
vn -0.257232 0.868100 0.424539
vn -0.257232 0.868100 0.424539
vn -0.257232 0.868100 0.424539
vn -0.257232 0.868100 0.424539
vn -0.257232 0.868100 0.424539
vn -0.257232 0.868100 0.424539
vn -0.257232 0.868100 0.424539
vn -0.257232 0.868100 0.424539
vn -0.257232 0.868100 0.424539
vn -0.257232 0.868100 0.424539
vn -0.257232 0.868100 0.424539
vn -0.257232 0.868100 0.424539
vn -0.257232 0.868100 0.424539
vn -0.257232 0.868100 0.424539
vn -0.257232 0.868100 0.424539
vn -0.257232 0.868100 0.424539
vn -0.257232 0.868100 0.424539
vn -0.257232 0.868100 0.424539
vn -0.257232 0.868100 0.424539
vn -0.257232 0.868100 0.424539
vn -0.257232 0.868100 0.424539
vn -0.257232 0.868100 0.424539
vn -0.257232 0.868100 0.424539
vn 0.257232 -0.868100 -0.424539
vn 0.257232 -0.868100 -0.424539
vn 0.257232 -0.868100 -0.424539
vn 0.257232 -0.868100 -0.424539
vn 0.257232 -0.868100 -0.424539
vn 0.257232 -0.868100 -0.424539
vn 0.257232 -0.868100 -0.424539
vn 0.257232 -0.868100 -0.424539
vn 0.257232 -0.868100 -0.424539
vn 0.257232 -0.868100 -0.424539
vn 0.257232 -0.868100 -0.424539
vn 0.257232 -0.868100 -0.424539
vn 0.257232 -0.868100 -0.424539
vn 0.257232 -0.868100 -0.424539
vn 0.257232 -0.868100 -0.424539
vn 0.257232 -0.868100 -0.424539
vn 0.257232 -0.868100 -0.424539
vn 0.257232 -0.868100 -0.424539
vn 0.257232 -0.868100 -0.424539
vn 0.257232 -0.868100 -0.424539
vn 0.257232 -0.868100 -0.424539
vn 0.257232 -0.868100 -0.424539
vn 0.257232 -0.868100 -0.424539
vn 0.257232 -0.868100 -0.424539
vn 0.257232 -0.868100 -0.424539
vn -0.410609 0.902371 -0.130872
vn 0.043425 0.916183 -0.398401
vn 0.241929 0.529491 -0.813087
vn -0.386241 0.384184 -0.838583
vn 0.043425 0.916183 -0.398401
vn 0.241929 0.529491 -0.813087
vn 0.043425 0.916183 -0.398401
vn 0.241929 0.529491 -0.813087
vn 0.043425 0.916183 -0.398401
vn 0.241929 0.529491 -0.813087
vn 0.043425 0.916183 -0.398401
vn 0.241929 0.529491 -0.813087
vn 0.043425 0.916183 -0.398401
vn 0.241929 0.529491 -0.813087
vn 0.043425 0.916183 -0.398401
vn 0.241929 0.529491 -0.813087
vn 0.043425 0.916183 -0.398401
vn 0.241929 0.529491 -0.813087
vn 0.043425 0.916183 -0.398401
vn 0.241929 0.529491 -0.813087
vn 0.087790 0.931382 -0.353299
vn 0.378214 0.548117 -0.746004
vn 0.318386 0.947960 -0.001438
vn 0.915037 0.396908 -0.071909
vn -0.015601 0.540224 0.841377
vn 0.346976 -0.251606 0.903494
vn -0.366887 0.133859 0.920584
vn -0.269019 -0.440504 0.856496
vn -0.359837 0.151636 0.920611
vn -0.268801 -0.438805 0.857436
vn -0.359837 0.151636 0.920611
vn -0.268801 -0.438805 0.857436
vn -0.359837 0.151636 0.920611
vn -0.268801 -0.438805 0.857436
vn -0.359837 0.151636 0.920611
vn -0.268801 -0.438805 0.857436
vn -0.359837 0.151636 0.920611
vn -0.268801 -0.438805 0.857436
vn -0.359837 0.151636 0.920611
vn -0.268801 -0.438805 0.857436
vn -0.359837 0.151636 0.920611
vn -0.268801 -0.438805 0.857436
vn -0.359837 0.151636 0.920611
vn -0.268801 -0.438805 0.857436
vn -0.414970 0.172775 0.893280
vn -0.410020 -0.440778 0.798498
vn -0.696803 0.327735 0.638009
vn -0.954985 -0.262398 0.138386
vn 0.255714 0.484810 -0.836403
vn -0.368230 0.318124 -0.873616
vn 0.255714 0.484810 -0.836403
vn 0.255714 0.484810 -0.836403
vn 0.255714 0.484810 -0.836403
vn 0.255714 0.484810 -0.836403
vn 0.255714 0.484810 -0.836403
vn 0.255714 0.484810 -0.836403
vn 0.255714 0.484810 -0.836403
vn 0.255714 0.484810 -0.836403
vn 0.400386 0.495582 -0.770772
vn 0.945072 0.317675 -0.076955
vn 0.368230 -0.318124 0.873616
vn -0.255714 -0.484810 0.836403
vn -0.255714 -0.484810 0.836403
vn -0.255714 -0.484810 0.836403
vn -0.255714 -0.484810 0.836403
vn -0.255714 -0.484810 0.836403
vn -0.255714 -0.484810 0.836403
vn -0.255714 -0.484810 0.836403
vn -0.255714 -0.484810 0.836403
vn -0.255714 -0.484810 0.836403
vn -0.400386 -0.495582 0.770772
vn -0.945072 -0.317675 0.076955
vn 0.268801 0.438805 -0.857436
vn -0.346703 0.250752 -0.903837
vn 0.268801 0.438805 -0.857436
vn 0.268801 0.438805 -0.857436
vn 0.268801 0.438805 -0.857436
vn 0.268801 0.438805 -0.857436
vn 0.268801 0.438805 -0.857436
vn 0.268801 0.438805 -0.857436
vn 0.268801 0.438805 -0.857436
vn 0.268801 0.438805 -0.857436
vn 0.410020 0.440778 -0.798498
vn 0.955500 0.260354 -0.138689
vn 0.386021 -0.383376 0.839053
vn -0.243082 -0.528034 0.813690
vn -0.241929 -0.529491 0.813087
vn -0.241929 -0.529491 0.813087
vn -0.241929 -0.529491 0.813087
vn -0.241929 -0.529491 0.813087
vn -0.241929 -0.529491 0.813087
vn -0.241929 -0.529491 0.813087
vn -0.241929 -0.529491 0.813087
vn -0.241929 -0.529491 0.813087
vn -0.378214 -0.548117 0.746004
vn -0.915569 -0.395417 0.073334
vn 0.359837 -0.151636 -0.920611
vn 0.018151 -0.544597 -0.838502
vn 0.359837 -0.151636 -0.920611
vn 0.359837 -0.151636 -0.920611
vn 0.359837 -0.151636 -0.920611
vn 0.359837 -0.151636 -0.920611
vn 0.359837 -0.151636 -0.920611
vn 0.359837 -0.151636 -0.920611
vn 0.359837 -0.151636 -0.920611
vn 0.359837 -0.151636 -0.920611
vn 0.414970 -0.172775 -0.893280
vn 0.699303 -0.337549 -0.630108
vn 0.411497 -0.901133 0.136491
vn -0.057487 -0.910296 0.409947
vn -0.043425 -0.916183 0.398401
vn -0.043425 -0.916183 0.398401
vn -0.043425 -0.916183 0.398401
vn -0.043425 -0.916183 0.398401
vn -0.043425 -0.916183 0.398401
vn -0.043425 -0.916183 0.398401
vn -0.043425 -0.916183 0.398401
vn -0.043425 -0.916183 0.398401
vn -0.087790 -0.931382 0.353299
vn -0.318874 -0.947690 0.014271
vn -0.257232 0.868100 0.424539
vn -0.257232 0.868100 0.424539
vn -0.257232 0.868100 0.424539
vn -0.257232 0.868100 0.424539
vn -0.257232 0.868100 0.424539
vn -0.257232 0.868100 0.424539
vn -0.257232 0.868100 0.424539
vn -0.257232 0.868100 0.424539
vn -0.257232 0.868100 0.424539
vn -0.257232 0.868100 0.424539
vn -0.257232 0.868100 0.424539
vn -0.257232 0.868100 0.424539
vn -0.257232 0.868100 0.424539
vn -0.257232 0.868100 0.424539
vn -0.257232 0.868100 0.424539
vn -0.257232 0.868100 0.424539
vn -0.257232 0.868100 0.424539
vn -0.257232 0.868100 0.424539
vn -0.257232 0.868100 0.424539
vn -0.257232 0.868100 0.424539
vn -0.257232 0.868100 0.424539
vn -0.257232 0.868100 0.424539
vn -0.257232 0.868100 0.424539
vn -0.257232 0.868100 0.424539
vn -0.257232 0.868100 0.424539
vn 0.257232 -0.868100 -0.424539
vn 0.257232 -0.868100 -0.424539
vn 0.257232 -0.868100 -0.424539
vn 0.257232 -0.868100 -0.424539
vn 0.257232 -0.868100 -0.424539
vn 0.257232 -0.868100 -0.424539
vn 0.257232 -0.868100 -0.424539
vn 0.257232 -0.868100 -0.424539
vn 0.257232 -0.868100 -0.424539
vn 0.257232 -0.868100 -0.424539
vn 0.257232 -0.868100 -0.424539
vn 0.257232 -0.868100 -0.424539
vn 0.257232 -0.868100 -0.424539
vn 0.257232 -0.868100 -0.424539
vn 0.257232 -0.868100 -0.424539
vn 0.257232 -0.868100 -0.424539
vn 0.257232 -0.868100 -0.424539
vn 0.257232 -0.868100 -0.424539
vn 0.257232 -0.868100 -0.424539
vn 0.257232 -0.868100 -0.424539
vn 0.257232 -0.868100 -0.424539
vn 0.257232 -0.868100 -0.424539
vn 0.257232 -0.868100 -0.424539
vn 0.257232 -0.868100 -0.424539
vn 0.257232 -0.868100 -0.424539
vn -0.410609 0.902371 -0.130872
vn 0.043425 0.916183 -0.398401
vn 0.215746 0.605472 -0.766067
vn -0.413440 0.499989 -0.760972
vn 0.043425 0.916183 -0.398401
vn 0.215746 0.605472 -0.766067
vn 0.043425 0.916183 -0.398401
vn 0.215746 0.605472 -0.766067
vn 0.043425 0.916183 -0.398401
vn 0.215746 0.605472 -0.766067
vn 0.043425 0.916183 -0.398401
vn 0.215746 0.605472 -0.766067
vn 0.043425 0.916183 -0.398401
vn 0.215746 0.605472 -0.766067
vn 0.043425 0.916183 -0.398401
vn 0.215746 0.605472 -0.766067
vn 0.043425 0.916183 -0.398401
vn 0.215746 0.605472 -0.766067
vn 0.043425 0.916183 -0.398401
vn 0.215746 0.605472 -0.766067
vn 0.087790 0.931382 -0.353299
vn 0.336333 0.634117 -0.696258
vn 0.318386 0.947960 -0.001438
vn 0.845888 0.529776 -0.061732
vn -0.015601 0.540224 0.841377
vn 0.302511 -0.125100 0.944901
vn -0.366887 0.133859 0.920584
vn -0.291030 -0.358772 0.886896
vn -0.359837 0.151636 0.920611
vn -0.290286 -0.353916 0.889088
vn -0.359837 0.151636 0.920611
vn -0.290286 -0.353916 0.889088
vn -0.359837 0.151636 0.920611
vn -0.290286 -0.353916 0.889088
vn -0.359837 0.151636 0.920611
vn -0.290286 -0.353916 0.889088
vn -0.359837 0.151636 0.920611
vn -0.290286 -0.353916 0.889088
vn -0.359837 0.151636 0.920611
vn -0.290286 -0.353916 0.889088
vn -0.359837 0.151636 0.920611
vn -0.290286 -0.353916 0.889088
vn -0.359837 0.151636 0.920611
vn -0.290286 -0.353916 0.889088
vn -0.414970 0.172775 0.893280
vn -0.422955 -0.341788 0.839220
vn -0.696803 0.327735 0.638009
vn -0.956263 -0.159949 0.244905
vn 0.255714 0.484810 -0.836403
vn -0.368230 0.318124 -0.873616
vn 0.255714 0.484810 -0.836403
vn 0.255714 0.484810 -0.836403
vn 0.255714 0.484810 -0.836403
vn 0.255714 0.484810 -0.836403
vn 0.255714 0.484810 -0.836403
vn 0.255714 0.484810 -0.836403
vn 0.255714 0.484810 -0.836403
vn 0.255714 0.484810 -0.836403
vn 0.400386 0.495582 -0.770772
vn 0.945072 0.317675 -0.076955
vn 0.368230 -0.318124 0.873616
vn -0.255714 -0.484810 0.836403
vn -0.255714 -0.484810 0.836403
vn -0.255714 -0.484810 0.836403
vn -0.255714 -0.484810 0.836403
vn -0.255714 -0.484810 0.836403
vn -0.255714 -0.484810 0.836403
vn -0.255714 -0.484810 0.836403
vn -0.255714 -0.484810 0.836403
vn -0.255714 -0.484810 0.836403
vn -0.400386 -0.495582 0.770772
vn -0.945072 -0.317675 0.076955
vn 0.290286 0.353916 -0.889088
vn -0.301632 0.122663 -0.945501
vn 0.290286 0.353916 -0.889088
vn 0.290286 0.353916 -0.889088
vn 0.290286 0.353916 -0.889088
vn 0.290286 0.353916 -0.889088
vn 0.290286 0.353916 -0.889088
vn 0.290286 0.353916 -0.889088
vn 0.290286 0.353916 -0.889088
vn 0.290286 0.353916 -0.889088
vn 0.422955 0.341788 -0.839220
vn 0.957065 0.154580 -0.245219
vn 0.412983 -0.497918 0.762576
vn -0.219039 -0.601725 0.768081
vn -0.215746 -0.605472 0.766067
vn -0.215746 -0.605472 0.766067
vn -0.215746 -0.605472 0.766067
vn -0.215746 -0.605472 0.766067
vn -0.215746 -0.605472 0.766067
vn -0.215746 -0.605472 0.766067
vn -0.215746 -0.605472 0.766067
vn -0.215746 -0.605472 0.766067
vn -0.336333 -0.634117 0.696258
vn -0.847658 -0.526464 0.065663
vn 0.359837 -0.151636 -0.920611
vn 0.018151 -0.544597 -0.838502
vn 0.359837 -0.151636 -0.920611
vn 0.359837 -0.151636 -0.920611
vn 0.359837 -0.151636 -0.920611
vn 0.359837 -0.151636 -0.920611
vn 0.359837 -0.151636 -0.920611
vn 0.359837 -0.151636 -0.920611
vn 0.359837 -0.151636 -0.920611
vn 0.359837 -0.151636 -0.920611
vn 0.414970 -0.172775 -0.893280
vn 0.699303 -0.337549 -0.630108
vn 0.411497 -0.901133 0.136491
vn -0.057487 -0.910296 0.409947
vn -0.043425 -0.916183 0.398401
vn -0.043425 -0.916183 0.398401
vn -0.043425 -0.916183 0.398401
vn -0.043425 -0.916183 0.398401
vn -0.043425 -0.916183 0.398401
vn -0.043425 -0.916183 0.398401
vn -0.043425 -0.916183 0.398401
vn -0.043425 -0.916183 0.398401
vn -0.087790 -0.931382 0.353299
vn -0.318874 -0.947690 0.014271
vn -0.257232 0.868100 0.424539
vn -0.257232 0.868100 0.424539
vn -0.257232 0.868100 0.424539
vn -0.257232 0.868100 0.424539
vn -0.257232 0.868100 0.424539
vn -0.257232 0.868100 0.424539
vn -0.257232 0.868100 0.424539
vn -0.257232 0.868100 0.424539
vn -0.257232 0.868100 0.424539
vn -0.257232 0.868100 0.424539
vn -0.257232 0.868100 0.424539
vn -0.257232 0.868100 0.424539
vn -0.257232 0.868100 0.424539
vn -0.257232 0.868100 0.424539
vn -0.257232 0.868100 0.424539
vn -0.257232 0.868100 0.424539
vn -0.257232 0.868100 0.424539
vn -0.257232 0.868100 0.424539
vn -0.257232 0.868100 0.424539
vn -0.257232 0.868100 0.424539
vn -0.257232 0.868100 0.424539
vn -0.257232 0.868100 0.424539
vn -0.257232 0.868100 0.424539
vn -0.257232 0.868100 0.424539
vn -0.257232 0.868100 0.424539
vn 0.257232 -0.868100 -0.424539
vn 0.257232 -0.868100 -0.424539
vn 0.257232 -0.868100 -0.424539
vn 0.257232 -0.868100 -0.424539
vn 0.257232 -0.868100 -0.424539
vn 0.257232 -0.868100 -0.424539
vn 0.257232 -0.868100 -0.424539
vn 0.257232 -0.868100 -0.424539
vn 0.257232 -0.868100 -0.424539
vn 0.257232 -0.868100 -0.424539
vn 0.257232 -0.868100 -0.424539
vn 0.257232 -0.868100 -0.424539
vn 0.257232 -0.868100 -0.424539
vn 0.257232 -0.868100 -0.424539
vn 0.257232 -0.868100 -0.424539
vn 0.257232 -0.868100 -0.424539
vn 0.257232 -0.868100 -0.424539
vn 0.257232 -0.868100 -0.424539
vn 0.257232 -0.868100 -0.424539
vn 0.257232 -0.868100 -0.424539
vn 0.257232 -0.868100 -0.424539
vn 0.257232 -0.868100 -0.424539
vn 0.257232 -0.868100 -0.424539
vn 0.257232 -0.868100 -0.424539
vn 0.257232 -0.868100 -0.424539
vn -0.410609 0.902371 -0.130872
vn 0.043425 0.916183 -0.398401
vn -0.343137 0.568826 0.747458
vn -0.037865 0.606698 0.794030
vn 0.043425 0.916183 -0.398401
vn -0.343137 0.568826 0.747458
vn 0.043425 0.916183 -0.398401
vn -0.343137 0.568826 0.747458
vn 0.043425 0.916183 -0.398401
vn -0.343137 0.568826 0.747458
vn 0.043425 0.916183 -0.398401
vn -0.343137 0.568826 0.747458
vn 0.043425 0.916183 -0.398401
vn -0.343137 0.568826 0.747458
vn 0.043425 0.916183 -0.398401
vn -0.343137 0.568826 0.747458
vn 0.043425 0.916183 -0.398401
vn -0.343137 0.568826 0.747458
vn 0.043425 0.916183 -0.398401
vn -0.343137 0.568826 0.747458
vn 0.087790 0.931382 -0.353299
vn -0.436761 0.702084 0.562422
vn 0.318386 0.947960 -0.001438
vn -0.598388 0.797420 0.077803
vn -0.015601 0.540224 0.841377
vn -0.412650 0.909070 -0.057547
vn -0.366887 0.133859 0.920584
vn -0.126439 0.991973 -0.001408
vn -0.359837 0.151636 0.920611
vn -0.119567 0.992694 0.016193
vn -0.359837 0.151636 0.920611
vn -0.119567 0.992694 0.016193
vn -0.359837 0.151636 0.920611
vn -0.119567 0.992694 0.016193
vn -0.359837 0.151636 0.920611
vn -0.119567 0.992694 0.016193
vn -0.359837 0.151636 0.920611
vn -0.119567 0.992694 0.016193
vn -0.359837 0.151636 0.920611
vn -0.119567 0.992694 0.016193
vn -0.359837 0.151636 0.920611
vn -0.119567 0.992694 0.016193
vn -0.359837 0.151636 0.920611
vn -0.119567 0.992694 0.016193
vn -0.414970 0.172775 0.893280
vn -0.057432 0.965708 0.253201
vn -0.696803 0.327735 0.638009
vn 0.167525 0.720282 0.673148
vn 0.119567 -0.992694 -0.016193
vn 0.411526 -0.909893 0.052351
vn 0.119567 -0.992694 -0.016193
vn 0.119567 -0.992694 -0.016193
vn 0.119567 -0.992694 -0.016193
vn 0.119567 -0.992694 -0.016193
vn 0.119567 -0.992694 -0.016193
vn 0.119567 -0.992694 -0.016193
vn 0.119567 -0.992694 -0.016193
vn 0.119567 -0.992694 -0.016193
vn 0.057432 -0.965708 -0.253201
vn -0.146073 -0.729041 -0.668702
vn 0.035387 -0.602953 -0.796992
vn 0.333009 -0.558556 -0.759685
vn 0.343137 -0.568826 -0.747458
vn 0.343137 -0.568826 -0.747458
vn 0.343137 -0.568826 -0.747458
vn 0.343137 -0.568826 -0.747458
vn 0.343137 -0.568826 -0.747458
vn 0.343137 -0.568826 -0.747458
vn 0.343137 -0.568826 -0.747458
vn 0.343137 -0.568826 -0.747458
vn 0.436761 -0.702084 -0.562422
vn 0.614061 -0.786674 -0.063819
vn 0.359837 -0.151636 -0.920611
vn 0.018151 -0.544597 -0.838502
vn 0.359837 -0.151636 -0.920611
vn 0.359837 -0.151636 -0.920611
vn 0.359837 -0.151636 -0.920611
vn 0.359837 -0.151636 -0.920611
vn 0.359837 -0.151636 -0.920611
vn 0.359837 -0.151636 -0.920611
vn 0.359837 -0.151636 -0.920611
vn 0.359837 -0.151636 -0.920611
vn 0.414970 -0.172775 -0.893280
vn 0.699303 -0.337549 -0.630108
vn 0.411497 -0.901133 0.136491
vn -0.057487 -0.910296 0.409947
vn -0.043425 -0.916183 0.398401
vn -0.043425 -0.916183 0.398401
vn -0.043425 -0.916183 0.398401
vn -0.043425 -0.916183 0.398401
vn -0.043425 -0.916183 0.398401
vn -0.043425 -0.916183 0.398401
vn -0.043425 -0.916183 0.398401
vn -0.043425 -0.916183 0.398401
vn -0.087790 -0.931382 0.353299
vn -0.318874 -0.947690 0.014271
vn -0.257232 0.868100 0.424539
vn -0.257232 0.868100 0.424539
vn -0.257232 0.868100 0.424539
vn -0.257232 0.868100 0.424539
vn -0.257232 0.868100 0.424539
vn -0.257232 0.868100 0.424539
vn -0.257232 0.868100 0.424539
vn -0.257232 0.868100 0.424539
vn -0.257232 0.868100 0.424539
vn -0.257232 0.868100 0.424539
vn -0.257232 0.868100 0.424539
vn -0.257232 0.868100 0.424539
vn -0.257232 0.868100 0.424539
vn -0.257232 0.868100 0.424539
vn -0.257232 0.868100 0.424539
vn -0.257232 0.868100 0.424539
vn -0.257232 0.868100 0.424539
vn -0.257232 0.868100 0.424539
vn -0.257232 0.868100 0.424539
vn -0.257232 0.868100 0.424539
vn -0.257232 0.868100 0.424539
vn -0.257232 0.868100 0.424539
vn -0.257232 0.868100 0.424539
vn -0.257232 0.868100 0.424539
vn -0.257232 0.868100 0.424539
vn 0.257232 -0.868100 -0.424539
vn 0.257232 -0.868100 -0.424539
vn 0.257232 -0.868100 -0.424539
vn 0.257232 -0.868100 -0.424539
vn 0.257232 -0.868100 -0.424539
vn 0.257232 -0.868100 -0.424539
vn 0.257232 -0.868100 -0.424539
vn 0.257232 -0.868100 -0.424539
vn 0.257232 -0.868100 -0.424539
vn 0.257232 -0.868100 -0.424539
vn 0.257232 -0.868100 -0.424539
vn 0.257232 -0.868100 -0.424539
vn 0.257232 -0.868100 -0.424539
vn 0.257232 -0.868100 -0.424539
vn 0.257232 -0.868100 -0.424539
vn 0.257232 -0.868100 -0.424539
vn 0.257232 -0.868100 -0.424539
vn 0.257232 -0.868100 -0.424539
vn 0.257232 -0.868100 -0.424539
vn 0.257232 -0.868100 -0.424539
vn 0.257232 -0.868100 -0.424539
vn 0.257232 -0.868100 -0.424539
vn 0.257232 -0.868100 -0.424539
vn 0.257232 -0.868100 -0.424539
vn 0.257232 -0.868100 -0.424539
f 810/810/788 811/811/789 836/836/790 835/835/791
f 811/811/789 812/812/792 837/837/793 836/836/790
f 812/812/792 813/813/794 838/838/795 837/837/793
f 813/813/794 814/814/796 839/839/797 838/838/795
f 814/814/796 815/815/798 840/840/799 839/839/797
f 815/815/798 816/816/800 841/841/801 840/840/799
f 816/816/800 817/817/802 842/842/803 841/841/801
f 817/817/802 818/818/804 843/843/805 842/842/803
f 818/818/804 819/819/806 844/844/807 843/843/805
f 819/819/806 820/820/808 845/845/809 844/844/807
f 820/820/808 821/821/810 846/846/811 845/845/809
f 821/821/810 822/822/812 847/847/813 846/846/811
f 822/822/812 823/823/814 848/848/815 847/847/813
f 823/823/814 824/824/816 849/849/817 848/848/815
f 824/824/816 825/825/818 850/850/819 849/849/817
f 825/825/818 826/826/820 851/851/821 850/850/819
f 826/826/820 827/827/822 852/852/823 851/851/821
f 827/827/822 828/828/824 853/853/825 852/852/823
f 828/828/824 829/829/826 854/854/827 853/853/825
f 829/829/826 830/830/828 855/855/829 854/854/827
f 830/830/828 831/831/830 856/856/831 855/855/829
f 831/831/830 832/832/832 857/857/833 856/856/831
f 832/832/832 833/833/834 858/858/835 857/857/833
f 833/833/834 834/834/788 859/859/791 858/858/835
f 835/835/791 836/836/790 861/861/836 860/860/837
f 836/836/790 837/837/793 862/862/838 861/861/836
f 837/837/793 838/838/795 863/863/839 862/862/838
f 838/838/795 839/839/797 864/864/840 863/863/839
f 839/839/797 840/840/799 865/865/841 864/864/840
f 840/840/799 841/841/801 866/866/842 865/865/841
f 841/841/801 842/842/803 867/867/843 866/866/842
f 842/842/803 843/843/805 868/868/844 867/867/843
f 843/843/805 844/844/807 869/869/845 868/868/844
f 844/844/807 845/845/809 870/870/846 869/869/845
f 845/845/809 846/846/811 871/871/847 870/870/846
f 846/846/811 847/847/813 872/872/848 871/871/847
f 847/847/813 848/848/815 873/873/849 872/872/848
f 848/848/815 849/849/817 874/874/850 873/873/849
f 849/849/817 850/850/819 875/875/851 874/874/850
f 850/850/819 851/851/821 876/876/852 875/875/851
f 851/851/821 852/852/823 877/877/853 876/876/852
f 852/852/823 853/853/825 878/878/854 877/877/853
f 853/853/825 854/854/827 879/879/855 878/878/854
f 854/854/827 855/855/829 880/880/856 879/879/855
f 855/855/829 856/856/831 881/881/857 880/880/856
f 856/856/831 857/857/833 882/882/858 881/881/857
f 857/857/833 858/858/835 883/883/859 882/882/858
f 858/858/835 859/859/791 884/884/837 883/883/859
f 860/860/837 861/861/836 886/886/860 885/885/861
f 861/861/836 862/862/838 887/887/862 886/886/860
f 862/862/838 863/863/839 888/888/863 887/887/862
f 863/863/839 864/864/840 889/889/864 888/888/863
f 864/864/840 865/865/841 890/890/865 889/889/864
f 865/865/841 866/866/842 891/891/866 890/890/865
f 866/866/842 867/867/843 892/892/867 891/891/866
f 867/867/843 868/868/844 893/893/868 892/892/867
f 868/868/844 869/869/845 894/894/869 893/893/868
f 869/869/845 870/870/846 895/895/870 894/894/869
f 870/870/846 871/871/847 896/896/871 895/895/870
f 871/871/847 872/872/848 897/897/872 896/896/871
f 872/872/848 873/873/849 898/898/873 897/897/872
f 873/873/849 874/874/850 899/899/874 898/898/873
f 874/874/850 875/875/851 900/900/875 899/899/874
f 875/875/851 876/876/852 901/901/876 900/900/875
f 876/876/852 877/877/853 902/902/877 901/901/876
f 877/877/853 878/878/854 903/903/878 902/902/877
f 878/878/854 879/879/855 904/904/879 903/903/878
f 879/879/855 880/880/856 905/905/880 904/904/879
f 880/880/856 881/881/857 906/906/881 905/905/880
f 881/881/857 882/882/858 907/907/882 906/906/881
f 882/882/858 883/883/859 908/908/883 907/907/882
f 883/883/859 884/884/837 909/909/861 908/908/883
f 885/885/861 886/886/860 911/911/884 910/910/885
f 886/886/860 887/887/862 912/912/886 911/911/884
f 887/887/862 888/888/863 913/913/887 912/912/886
f 888/888/863 889/889/864 914/914/888 913/913/887
f 889/889/864 890/890/865 915/915/889 914/914/888
f 890/890/865 891/891/866 916/916/890 915/915/889
f 891/891/866 892/892/867 917/917/891 916/916/890
f 892/892/867 893/893/868 918/918/892 917/917/891
f 893/893/868 894/894/869 919/919/893 918/918/892
f 894/894/869 895/895/870 920/920/894 919/919/893
f 895/895/870 896/896/871 921/921/895 920/920/894
f 896/896/871 897/897/872 922/922/896 921/921/895
f 897/897/872 898/898/873 923/923/897 922/922/896
f 898/898/873 899/899/874 924/924/898 923/923/897
f 899/899/874 900/900/875 925/925/899 924/924/898
f 900/900/875 901/901/876 926/926/900 925/925/899
f 901/901/876 902/902/877 927/927/901 926/926/900
f 902/902/877 903/903/878 928/928/902 927/927/901
f 903/903/878 904/904/879 929/929/903 928/928/902
f 904/904/879 905/905/880 930/930/904 929/929/903
f 905/905/880 906/906/881 931/931/905 930/930/904
f 906/906/881 907/907/882 932/932/906 931/931/905
f 907/907/882 908/908/883 933/933/907 932/932/906
f 908/908/883 909/909/861 934/934/885 933/933/907
f 935/935/908 937/937/909 936/936/910
f 935/935/908 938/938/911 937/937/909
f 935/935/908 939/939/912 938/938/911
f 935/935/908 940/940/913 939/939/912
f 935/935/908 941/941/914 940/940/913
f 935/935/908 942/942/915 941/941/914
f 935/935/908 943/943/916 942/942/915
f 935/935/908 944/944/917 943/943/916
f 935/935/908 945/945/918 944/944/917
f 935/935/908 946/946/919 945/945/918
f 935/935/908 947/947/920 946/946/919
f 935/935/908 948/948/921 947/947/920
f 935/935/908 949/949/922 948/948/921
f 935/935/908 950/950/923 949/949/922
f 935/935/908 951/951/924 950/950/923
f 935/935/908 952/952/925 951/951/924
f 935/935/908 953/953/926 952/952/925
f 935/935/908 954/954/927 953/953/926
f 935/935/908 955/955/928 954/954/927
f 935/935/908 956/956/929 955/955/928
f 935/935/908 957/957/930 956/956/929
f 935/935/908 958/958/931 957/957/930
f 935/935/908 959/959/932 958/958/931
f 935/935/908 936/936/910 959/959/932
f 960/960/933 961/961/934 962/962/935
f 960/960/933 962/962/935 963/963/936
f 960/960/933 963/963/936 964/964/937
f 960/960/933 964/964/937 965/965/938
f 960/960/933 965/965/938 966/966/939
f 960/960/933 966/966/939 967/967/940
f 960/960/933 967/967/940 968/968/941
f 960/960/933 968/968/941 969/969/942
f 960/960/933 969/969/942 970/970/943
f 960/960/933 970/970/943 971/971/944
f 960/960/933 971/971/944 972/972/945
f 960/960/933 972/972/945 973/973/946
f 960/960/933 973/973/946 974/974/947
f 960/960/933 974/974/947 975/975/948
f 960/960/933 975/975/948 976/976/949
f 960/960/933 976/976/949 977/977/950
f 960/960/933 977/977/950 978/978/951
f 960/960/933 978/978/951 979/979/952
f 960/960/933 979/979/952 980/980/953
f 960/960/933 980/980/953 981/981/954
f 960/960/933 981/981/954 982/982/955
f 960/960/933 982/982/955 983/983/956
f 960/960/933 983/983/956 984/984/957
f 960/960/933 984/984/957 961/961/934
f 985/985/958 986/986/959 1011/1011/960 1010/1010/961
f 986/986/959 987/987/962 1012/1012/963 1011/1011/960
f 987/987/962 988/988/964 1013/1013/965 1012/1012/963
f 988/988/964 989/989/966 1014/1014/967 1013/1013/965
f 989/989/966 990/990/968 1015/1015/969 1014/1014/967
f 990/990/968 991/991/970 1016/1016/971 1015/1015/969
f 991/991/970 992/992/972 1017/1017/973 1016/1016/971
f 992/992/972 993/993/974 1018/1018/975 1017/1017/973
f 993/993/974 994/994/976 1019/1019/977 1018/1018/975
f 994/994/976 995/995/978 1020/1020/979 1019/1019/977
f 995/995/978 996/996/980 1021/1021/981 1020/1020/979
f 996/996/980 997/997/982 1022/1022/983 1021/1021/981
f 997/997/982 998/998/984 1023/1023/985 1022/1022/983
f 998/998/984 999/999/986 1024/1024/987 1023/1023/985
f 999/999/986 1000/1000/988 1025/1025/989 1024/1024/987
f 1000/1000/988 1001/1001/990 1026/1026/991 1025/1025/989
f 1001/1001/990 1002/1002/992 1027/1027/993 1026/1026/991
f 1002/1002/992 1003/1003/994 1028/1028/995 1027/1027/993
f 1003/1003/994 1004/1004/996 1029/1029/997 1028/1028/995
f 1004/1004/996 1005/1005/998 1030/1030/999 1029/1029/997
f 1005/1005/998 1006/1006/1000 1031/1031/1001 1030/1030/999
f 1006/1006/1000 1007/1007/1002 1032/1032/1003 1031/1031/1001
f 1007/1007/1002 1008/1008/1004 1033/1033/1005 1032/1032/1003
f 1008/1008/1004 1009/1009/958 1034/1034/961 1033/1033/1005
f 1010/1010/961 1011/1011/960 1036/1036/1006 1035/1035/1007
f 1011/1011/960 1012/1012/963 1037/1037/1008 1036/1036/1006
f 1012/1012/963 1013/1013/965 1038/1038/1009 1037/1037/1008
f 1013/1013/965 1014/1014/967 1039/1039/1010 1038/1038/1009
f 1014/1014/967 1015/1015/969 1040/1040/1011 1039/1039/1010
f 1015/1015/969 1016/1016/971 1041/1041/1012 1040/1040/1011
f 1016/1016/971 1017/1017/973 1042/1042/1013 1041/1041/1012
f 1017/1017/973 1018/1018/975 1043/1043/1014 1042/1042/1013
f 1018/1018/975 1019/1019/977 1044/1044/1015 1043/1043/1014
f 1019/1019/977 1020/1020/979 1045/1045/1016 1044/1044/1015
f 1020/1020/979 1021/1021/981 1046/1046/1017 1045/1045/1016
f 1021/1021/981 1022/1022/983 1047/1047/1018 1046/1046/1017
f 1022/1022/983 1023/1023/985 1048/1048/1019 1047/1047/1018
f 1023/1023/985 1024/1024/987 1049/1049/1020 1048/1048/1019
f 1024/1024/987 1025/1025/989 1050/1050/1021 1049/1049/1020
f 1025/1025/989 1026/1026/991 1051/1051/1022 1050/1050/1021
f 1026/1026/991 1027/1027/993 1052/1052/1023 1051/1051/1022
f 1027/1027/993 1028/1028/995 1053/1053/1024 1052/1052/1023
f 1028/1028/995 1029/1029/997 1054/1054/1025 1053/1053/1024
f 1029/1029/997 1030/1030/999 1055/1055/1026 1054/1054/1025
f 1030/1030/999 1031/1031/1001 1056/1056/1027 1055/1055/1026
f 1031/1031/1001 1032/1032/1003 1057/1057/1028 1056/1056/1027
f 1032/1032/1003 1033/1033/1005 1058/1058/1029 1057/1057/1028
f 1033/1033/1005 1034/1034/961 1059/1059/1007 1058/1058/1029
f 1035/1035/1007 1036/1036/1006 1061/1061/1030 1060/1060/1031
f 1036/1036/1006 1037/1037/1008 1062/1062/1032 1061/1061/1030
f 1037/1037/1008 1038/1038/1009 1063/1063/1033 1062/1062/1032
f 1038/1038/1009 1039/1039/1010 1064/1064/1034 1063/1063/1033
f 1039/1039/1010 1040/1040/1011 1065/1065/1035 1064/1064/1034
f 1040/1040/1011 1041/1041/1012 1066/1066/1036 1065/1065/1035
f 1041/1041/1012 1042/1042/1013 1067/1067/1037 1066/1066/1036
f 1042/1042/1013 1043/1043/1014 1068/1068/1038 1067/1067/1037
f 1043/1043/1014 1044/1044/1015 1069/1069/1039 1068/1068/1038
f 1044/1044/1015 1045/1045/1016 1070/1070/1040 1069/1069/1039
f 1045/1045/1016 1046/1046/1017 1071/1071/1041 1070/1070/1040
f 1046/1046/1017 1047/1047/1018 1072/1072/1042 1071/1071/1041
f 1047/1047/1018 1048/1048/1019 1073/1073/1043 1072/1072/1042
f 1048/1048/1019 1049/1049/1020 1074/1074/1044 1073/1073/1043
f 1049/1049/1020 1050/1050/1021 1075/1075/1045 1074/1074/1044
f 1050/1050/1021 1051/1051/1022 1076/1076/1046 1075/1075/1045
f 1051/1051/1022 1052/1052/1023 1077/1077/1047 1076/1076/1046
f 1052/1052/1023 1053/1053/1024 1078/1078/1048 1077/1077/1047
f 1053/1053/1024 1054/1054/1025 1079/1079/1049 1078/1078/1048
f 1054/1054/1025 1055/1055/1026 1080/1080/1050 1079/1079/1049
f 1055/1055/1026 1056/1056/1027 1081/1081/1051 1080/1080/1050
f 1056/1056/1027 1057/1057/1028 1082/1082/1052 1081/1081/1051
f 1057/1057/1028 1058/1058/1029 1083/1083/1053 1082/1082/1052
f 1058/1058/1029 1059/1059/1007 1084/1084/1031 1083/1083/1053
f 1060/1060/1031 1061/1061/1030 1086/1086/1054 1085/1085/1055
f 1061/1061/1030 1062/1062/1032 1087/1087/1056 1086/1086/1054
f 1062/1062/1032 1063/1063/1033 1088/1088/1057 1087/1087/1056
f 1063/1063/1033 1064/1064/1034 1089/1089/1058 1088/1088/1057
f 1064/1064/1034 1065/1065/1035 1090/1090/1059 1089/1089/1058
f 1065/1065/1035 1066/1066/1036 1091/1091/1060 1090/1090/1059
f 1066/1066/1036 1067/1067/1037 1092/1092/1061 1091/1091/1060
f 1067/1067/1037 1068/1068/1038 1093/1093/1062 1092/1092/1061
f 1068/1068/1038 1069/1069/1039 1094/1094/1063 1093/1093/1062
f 1069/1069/1039 1070/1070/1040 1095/1095/1064 1094/1094/1063
f 1070/1070/1040 1071/1071/1041 1096/1096/1065 1095/1095/1064
f 1071/1071/1041 1072/1072/1042 1097/1097/1066 1096/1096/1065
f 1072/1072/1042 1073/1073/1043 1098/1098/1067 1097/1097/1066
f 1073/1073/1043 1074/1074/1044 1099/1099/1068 1098/1098/1067
f 1074/1074/1044 1075/1075/1045 1100/1100/1069 1099/1099/1068
f 1075/1075/1045 1076/1076/1046 1101/1101/1070 1100/1100/1069
f 1076/1076/1046 1077/1077/1047 1102/1102/1071 1101/1101/1070
f 1077/1077/1047 1078/1078/1048 1103/1103/1072 1102/1102/1071
f 1078/1078/1048 1079/1079/1049 1104/1104/1073 1103/1103/1072
f 1079/1079/1049 1080/1080/1050 1105/1105/1074 1104/1104/1073
f 1080/1080/1050 1081/1081/1051 1106/1106/1075 1105/1105/1074
f 1081/1081/1051 1082/1082/1052 1107/1107/1076 1106/1106/1075
f 1082/1082/1052 1083/1083/1053 1108/1108/1077 1107/1107/1076
f 1083/1083/1053 1084/1084/1031 1109/1109/1055 1108/1108/1077
f 1110/1110/1078 1112/1112/1079 1111/1111/1080
f 1110/1110/1078 1113/1113/1081 1112/1112/1079
f 1110/1110/1078 1114/1114/1082 1113/1113/1081
f 1110/1110/1078 1115/1115/1083 1114/1114/1082
f 1110/1110/1078 1116/1116/1084 1115/1115/1083
f 1110/1110/1078 1117/1117/1085 1116/1116/1084
f 1110/1110/1078 1118/1118/1086 1117/1117/1085
f 1110/1110/1078 1119/1119/1087 1118/1118/1086
f 1110/1110/1078 1120/1120/1088 1119/1119/1087
f 1110/1110/1078 1121/1121/1089 1120/1120/1088
f 1110/1110/1078 1122/1122/1090 1121/1121/1089
f 1110/1110/1078 1123/1123/1091 1122/1122/1090
f 1110/1110/1078 1124/1124/1092 1123/1123/1091
f 1110/1110/1078 1125/1125/1093 1124/1124/1092
f 1110/1110/1078 1126/1126/1094 1125/1125/1093
f 1110/1110/1078 1127/1127/1095 1126/1126/1094
f 1110/1110/1078 1128/1128/1096 1127/1127/1095
f 1110/1110/1078 1129/1129/1097 1128/1128/1096
f 1110/1110/1078 1130/1130/1098 1129/1129/1097
f 1110/1110/1078 1131/1131/1099 1130/1130/1098
f 1110/1110/1078 1132/1132/1100 1131/1131/1099
f 1110/1110/1078 1133/1133/1101 1132/1132/1100
f 1110/1110/1078 1134/1134/1102 1133/1133/1101
f 1110/1110/1078 1111/1111/1080 1134/1134/1102
f 1135/1135/1103 1136/1136/1104 1137/1137/1105
f 1135/1135/1103 1137/1137/1105 1138/1138/1106
f 1135/1135/1103 1138/1138/1106 1139/1139/1107
f 1135/1135/1103 1139/1139/1107 1140/1140/1108
f 1135/1135/1103 1140/1140/1108 1141/1141/1109
f 1135/1135/1103 1141/1141/1109 1142/1142/1110
f 1135/1135/1103 1142/1142/1110 1143/1143/1111
f 1135/1135/1103 1143/1143/1111 1144/1144/1112
f 1135/1135/1103 1144/1144/1112 1145/1145/1113
f 1135/1135/1103 1145/1145/1113 1146/1146/1114
f 1135/1135/1103 1146/1146/1114 1147/1147/1115
f 1135/1135/1103 1147/1147/1115 1148/1148/1116
f 1135/1135/1103 1148/1148/1116 1149/1149/1117
f 1135/1135/1103 1149/1149/1117 1150/1150/1118
f 1135/1135/1103 1150/1150/1118 1151/1151/1119
f 1135/1135/1103 1151/1151/1119 1152/1152/1120
f 1135/1135/1103 1152/1152/1120 1153/1153/1121
f 1135/1135/1103 1153/1153/1121 1154/1154/1122
f 1135/1135/1103 1154/1154/1122 1155/1155/1123
f 1135/1135/1103 1155/1155/1123 1156/1156/1124
f 1135/1135/1103 1156/1156/1124 1157/1157/1125
f 1135/1135/1103 1157/1157/1125 1158/1158/1126
f 1135/1135/1103 1158/1158/1126 1159/1159/1127
f 1135/1135/1103 1159/1159/1127 1136/1136/1104
f 1160/1160/1128 1161/1161/1129 1186/1186/1130 1185/1185/1131
f 1161/1161/1129 1162/1162/1132 1187/1187/1133 1186/1186/1130
f 1162/1162/1132 1163/1163/1134 1188/1188/1135 1187/1187/1133
f 1163/1163/1134 1164/1164/1136 1189/1189/1137 1188/1188/1135
f 1164/1164/1136 1165/1165/1138 1190/1190/1139 1189/1189/1137
f 1165/1165/1138 1166/1166/1140 1191/1191/1141 1190/1190/1139
f 1166/1166/1140 1167/1167/1142 1192/1192/1143 1191/1191/1141
f 1167/1167/1142 1168/1168/1144 1193/1193/1145 1192/1192/1143
f 1168/1168/1144 1169/1169/1146 1194/1194/1147 1193/1193/1145
f 1169/1169/1146 1170/1170/1148 1195/1195/1149 1194/1194/1147
f 1170/1170/1148 1171/1171/1150 1196/1196/1151 1195/1195/1149
f 1171/1171/1150 1172/1172/1152 1197/1197/1153 1196/1196/1151
f 1172/1172/1152 1173/1173/1154 1198/1198/1155 1197/1197/1153
f 1173/1173/1154 1174/1174/1156 1199/1199/1157 1198/1198/1155
f 1174/1174/1156 1175/1175/1158 1200/1200/1159 1199/1199/1157
f 1175/1175/1158 1176/1176/1160 1201/1201/1161 1200/1200/1159
f 1176/1176/1160 1177/1177/1162 1202/1202/1163 1201/1201/1161
f 1177/1177/1162 1178/1178/1164 1203/1203/1165 1202/1202/1163
f 1178/1178/1164 1179/1179/1166 1204/1204/1167 1203/1203/1165
f 1179/1179/1166 1180/1180/1168 1205/1205/1169 1204/1204/1167
f 1180/1180/1168 1181/1181/1170 1206/1206/1171 1205/1205/1169
f 1181/1181/1170 1182/1182/1172 1207/1207/1173 1206/1206/1171
f 1182/1182/1172 1183/1183/1174 1208/1208/1175 1207/1207/1173
f 1183/1183/1174 1184/1184/1128 1209/1209/1131 1208/1208/1175
f 1185/1185/1131 1186/1186/1130 1211/1211/1176 1210/1210/1177
f 1186/1186/1130 1187/1187/1133 1212/1212/1178 1211/1211/1176
f 1187/1187/1133 1188/1188/1135 1213/1213/1179 1212/1212/1178
f 1188/1188/1135 1189/1189/1137 1214/1214/1180 1213/1213/1179
f 1189/1189/1137 1190/1190/1139 1215/1215/1181 1214/1214/1180
f 1190/1190/1139 1191/1191/1141 1216/1216/1182 1215/1215/1181
f 1191/1191/1141 1192/1192/1143 1217/1217/1183 1216/1216/1182
f 1192/1192/1143 1193/1193/1145 1218/1218/1184 1217/1217/1183
f 1193/1193/1145 1194/1194/1147 1219/1219/1185 1218/1218/1184
f 1194/1194/1147 1195/1195/1149 1220/1220/1186 1219/1219/1185
f 1195/1195/1149 1196/1196/1151 1221/1221/1187 1220/1220/1186
f 1196/1196/1151 1197/1197/1153 1222/1222/1188 1221/1221/1187
f 1197/1197/1153 1198/1198/1155 1223/1223/1189 1222/1222/1188
f 1198/1198/1155 1199/1199/1157 1224/1224/1190 1223/1223/1189
f 1199/1199/1157 1200/1200/1159 1225/1225/1191 1224/1224/1190
f 1200/1200/1159 1201/1201/1161 1226/1226/1192 1225/1225/1191
f 1201/1201/1161 1202/1202/1163 1227/1227/1193 1226/1226/1192
f 1202/1202/1163 1203/1203/1165 1228/1228/1194 1227/1227/1193
f 1203/1203/1165 1204/1204/1167 1229/1229/1195 1228/1228/1194
f 1204/1204/1167 1205/1205/1169 1230/1230/1196 1229/1229/1195
f 1205/1205/1169 1206/1206/1171 1231/1231/1197 1230/1230/1196
f 1206/1206/1171 1207/1207/1173 1232/1232/1198 1231/1231/1197
f 1207/1207/1173 1208/1208/1175 1233/1233/1199 1232/1232/1198
f 1208/1208/1175 1209/1209/1131 1234/1234/1177 1233/1233/1199
f 1210/1210/1177 1211/1211/1176 1236/1236/1200 1235/1235/1201
f 1211/1211/1176 1212/1212/1178 1237/1237/1202 1236/1236/1200
f 1212/1212/1178 1213/1213/1179 1238/1238/1203 1237/1237/1202
f 1213/1213/1179 1214/1214/1180 1239/1239/1204 1238/1238/1203
f 1214/1214/1180 1215/1215/1181 1240/1240/1205 1239/1239/1204
f 1215/1215/1181 1216/1216/1182 1241/1241/1206 1240/1240/1205
f 1216/1216/1182 1217/1217/1183 1242/1242/1207 1241/1241/1206
f 1217/1217/1183 1218/1218/1184 1243/1243/1208 1242/1242/1207
f 1218/1218/1184 1219/1219/1185 1244/1244/1209 1243/1243/1208
f 1219/1219/1185 1220/1220/1186 1245/1245/1210 1244/1244/1209
f 1220/1220/1186 1221/1221/1187 1246/1246/1211 1245/1245/1210
f 1221/1221/1187 1222/1222/1188 1247/1247/1212 1246/1246/1211
f 1222/1222/1188 1223/1223/1189 1248/1248/1213 1247/1247/1212
f 1223/1223/1189 1224/1224/1190 1249/1249/1214 1248/1248/1213
f 1224/1224/1190 1225/1225/1191 1250/1250/1215 1249/1249/1214
f 1225/1225/1191 1226/1226/1192 1251/1251/1216 1250/1250/1215
f 1226/1226/1192 1227/1227/1193 1252/1252/1217 1251/1251/1216
f 1227/1227/1193 1228/1228/1194 1253/1253/1218 1252/1252/1217
f 1228/1228/1194 1229/1229/1195 1254/1254/1219 1253/1253/1218
f 1229/1229/1195 1230/1230/1196 1255/1255/1220 1254/1254/1219
f 1230/1230/1196 1231/1231/1197 1256/1256/1221 1255/1255/1220
f 1231/1231/1197 1232/1232/1198 1257/1257/1222 1256/1256/1221
f 1232/1232/1198 1233/1233/1199 1258/1258/1223 1257/1257/1222
f 1233/1233/1199 1234/1234/1177 1259/1259/1201 1258/1258/1223
f 1235/1235/1201 1236/1236/1200 1261/1261/1224 1260/1260/1225
f 1236/1236/1200 1237/1237/1202 1262/1262/1226 1261/1261/1224
f 1237/1237/1202 1238/1238/1203 1263/1263/1227 1262/1262/1226
f 1238/1238/1203 1239/1239/1204 1264/1264/1228 1263/1263/1227
f 1239/1239/1204 1240/1240/1205 1265/1265/1229 1264/1264/1228
f 1240/1240/1205 1241/1241/1206 1266/1266/1230 1265/1265/1229
f 1241/1241/1206 1242/1242/1207 1267/1267/1231 1266/1266/1230
f 1242/1242/1207 1243/1243/1208 1268/1268/1232 1267/1267/1231
f 1243/1243/1208 1244/1244/1209 1269/1269/1233 1268/1268/1232
f 1244/1244/1209 1245/1245/1210 1270/1270/1234 1269/1269/1233
f 1245/1245/1210 1246/1246/1211 1271/1271/1235 1270/1270/1234
f 1246/1246/1211 1247/1247/1212 1272/1272/1236 1271/1271/1235
f 1247/1247/1212 1248/1248/1213 1273/1273/1237 1272/1272/1236
f 1248/1248/1213 1249/1249/1214 1274/1274/1238 1273/1273/1237
f 1249/1249/1214 1250/1250/1215 1275/1275/1239 1274/1274/1238
f 1250/1250/1215 1251/1251/1216 1276/1276/1240 1275/1275/1239
f 1251/1251/1216 1252/1252/1217 1277/1277/1241 1276/1276/1240
f 1252/1252/1217 1253/1253/1218 1278/1278/1242 1277/1277/1241
f 1253/1253/1218 1254/1254/1219 1279/1279/1243 1278/1278/1242
f 1254/1254/1219 1255/1255/1220 1280/1280/1244 1279/1279/1243
f 1255/1255/1220 1256/1256/1221 1281/1281/1245 1280/1280/1244
f 1256/1256/1221 1257/1257/1222 1282/1282/1246 1281/1281/1245
f 1257/1257/1222 1258/1258/1223 1283/1283/1247 1282/1282/1246
f 1258/1258/1223 1259/1259/1201 1284/1284/1225 1283/1283/1247
f 1285/1285/1248 1287/1287/1249 1286/1286/1250
f 1285/1285/1248 1288/1288/1251 1287/1287/1249
f 1285/1285/1248 1289/1289/1252 1288/1288/1251
f 1285/1285/1248 1290/1290/1253 1289/1289/1252
f 1285/1285/1248 1291/1291/1254 1290/1290/1253
f 1285/1285/1248 1292/1292/1255 1291/1291/1254
f 1285/1285/1248 1293/1293/1256 1292/1292/1255
f 1285/1285/1248 1294/1294/1257 1293/1293/1256
f 1285/1285/1248 1295/1295/1258 1294/1294/1257
f 1285/1285/1248 1296/1296/1259 1295/1295/1258
f 1285/1285/1248 1297/1297/1260 1296/1296/1259
f 1285/1285/1248 1298/1298/1261 1297/1297/1260
f 1285/1285/1248 1299/1299/1262 1298/1298/1261
f 1285/1285/1248 1300/1300/1263 1299/1299/1262
f 1285/1285/1248 1301/1301/1264 1300/1300/1263
f 1285/1285/1248 1302/1302/1265 1301/1301/1264
f 1285/1285/1248 1303/1303/1266 1302/1302/1265
f 1285/1285/1248 1304/1304/1267 1303/1303/1266
f 1285/1285/1248 1305/1305/1268 1304/1304/1267
f 1285/1285/1248 1306/1306/1269 1305/1305/1268
f 1285/1285/1248 1307/1307/1270 1306/1306/1269
f 1285/1285/1248 1308/1308/1271 1307/1307/1270
f 1285/1285/1248 1309/1309/1272 1308/1308/1271
f 1285/1285/1248 1286/1286/1250 1309/1309/1272
f 1310/1310/1273 1311/1311/1274 1312/1312/1275
f 1310/1310/1273 1312/1312/1275 1313/1313/1276
f 1310/1310/1273 1313/1313/1276 1314/1314/1277
f 1310/1310/1273 1314/1314/1277 1315/1315/1278
f 1310/1310/1273 1315/1315/1278 1316/1316/1279
f 1310/1310/1273 1316/1316/1279 1317/1317/1280
f 1310/1310/1273 1317/1317/1280 1318/1318/1281
f 1310/1310/1273 1318/1318/1281 1319/1319/1282
f 1310/1310/1273 1319/1319/1282 1320/1320/1283
f 1310/1310/1273 1320/1320/1283 1321/1321/1284
f 1310/1310/1273 1321/1321/1284 1322/1322/1285
f 1310/1310/1273 1322/1322/1285 1323/1323/1286
f 1310/1310/1273 1323/1323/1286 1324/1324/1287
f 1310/1310/1273 1324/1324/1287 1325/1325/1288
f 1310/1310/1273 1325/1325/1288 1326/1326/1289
f 1310/1310/1273 1326/1326/1289 1327/1327/1290
f 1310/1310/1273 1327/1327/1290 1328/1328/1291
f 1310/1310/1273 1328/1328/1291 1329/1329/1292
f 1310/1310/1273 1329/1329/1292 1330/1330/1293
f 1310/1310/1273 1330/1330/1293 1331/1331/1294
f 1310/1310/1273 1331/1331/1294 1332/1332/1295
f 1310/1310/1273 1332/1332/1295 1333/1333/1296
f 1310/1310/1273 1333/1333/1296 1334/1334/1297
f 1310/1310/1273 1334/1334/1297 1311/1311/1274
f 1335/1335/1298 1336/1336/1299 1361/1361/1300 1360/1360/1301
f 1336/1336/1299 1337/1337/1302 1362/1362/1303 1361/1361/1300
f 1337/1337/1302 1338/1338/1304 1363/1363/1305 1362/1362/1303
f 1338/1338/1304 1339/1339/1306 1364/1364/1307 1363/1363/1305
f 1339/1339/1306 1340/1340/1308 1365/1365/1309 1364/1364/1307
f 1340/1340/1308 1341/1341/1310 1366/1366/1311 1365/1365/1309
f 1341/1341/1310 1342/1342/1312 1367/1367/1313 1366/1366/1311
f 1342/1342/1312 1343/1343/1314 1368/1368/1315 1367/1367/1313
f 1343/1343/1314 1344/1344/1316 1369/1369/1317 1368/1368/1315
f 1344/1344/1316 1345/1345/1318 1370/1370/1319 1369/1369/1317
f 1345/1345/1318 1346/1346/1320 1371/1371/1321 1370/1370/1319
f 1346/1346/1320 1347/1347/1322 1372/1372/1323 1371/1371/1321
f 1347/1347/1322 1348/1348/1324 1373/1373/1325 1372/1372/1323
f 1348/1348/1324 1349/1349/1326 1374/1374/1327 1373/1373/1325
f 1349/1349/1326 1350/1350/1328 1375/1375/1329 1374/1374/1327
f 1350/1350/1328 1351/1351/1330 1376/1376/1331 1375/1375/1329
f 1351/1351/1330 1352/1352/1332 1377/1377/1333 1376/1376/1331
f 1352/1352/1332 1353/1353/1334 1378/1378/1335 1377/1377/1333
f 1353/1353/1334 1354/1354/1336 1379/1379/1337 1378/1378/1335
f 1354/1354/1336 1355/1355/1338 1380/1380/1339 1379/1379/1337
f 1355/1355/1338 1356/1356/1340 1381/1381/1341 1380/1380/1339
f 1356/1356/1340 1357/1357/1342 1382/1382/1343 1381/1381/1341
f 1357/1357/1342 1358/1358/1344 1383/1383/1345 1382/1382/1343
f 1358/1358/1344 1359/1359/1298 1384/1384/1301 1383/1383/1345
f 1360/1360/1301 1361/1361/1300 1386/1386/1346 1385/1385/1347
f 1361/1361/1300 1362/1362/1303 1387/1387/1348 1386/1386/1346
f 1362/1362/1303 1363/1363/1305 1388/1388/1349 1387/1387/1348
f 1363/1363/1305 1364/1364/1307 1389/1389/1350 1388/1388/1349
f 1364/1364/1307 1365/1365/1309 1390/1390/1351 1389/1389/1350
f 1365/1365/1309 1366/1366/1311 1391/1391/1352 1390/1390/1351
f 1366/1366/1311 1367/1367/1313 1392/1392/1353 1391/1391/1352
f 1367/1367/1313 1368/1368/1315 1393/1393/1354 1392/1392/1353
f 1368/1368/1315 1369/1369/1317 1394/1394/1355 1393/1393/1354
f 1369/1369/1317 1370/1370/1319 1395/1395/1356 1394/1394/1355
f 1370/1370/1319 1371/1371/1321 1396/1396/1357 1395/1395/1356
f 1371/1371/1321 1372/1372/1323 1397/1397/1358 1396/1396/1357
f 1372/1372/1323 1373/1373/1325 1398/1398/1359 1397/1397/1358
f 1373/1373/1325 1374/1374/1327 1399/1399/1360 1398/1398/1359
f 1374/1374/1327 1375/1375/1329 1400/1400/1361 1399/1399/1360
f 1375/1375/1329 1376/1376/1331 1401/1401/1362 1400/1400/1361
f 1376/1376/1331 1377/1377/1333 1402/1402/1363 1401/1401/1362
f 1377/1377/1333 1378/1378/1335 1403/1403/1364 1402/1402/1363
f 1378/1378/1335 1379/1379/1337 1404/1404/1365 1403/1403/1364
f 1379/1379/1337 1380/1380/1339 1405/1405/1366 1404/1404/1365
f 1380/1380/1339 1381/1381/1341 1406/1406/1367 1405/1405/1366
f 1381/1381/1341 1382/1382/1343 1407/1407/1368 1406/1406/1367
f 1382/1382/1343 1383/1383/1345 1408/1408/1369 1407/1407/1368
f 1383/1383/1345 1384/1384/1301 1409/1409/1347 1408/1408/1369
f 1385/1385/1347 1386/1386/1346 1411/1411/1370 1410/1410/1371
f 1386/1386/1346 1387/1387/1348 1412/1412/1372 1411/1411/1370
f 1387/1387/1348 1388/1388/1349 1413/1413/1373 1412/1412/1372
f 1388/1388/1349 1389/1389/1350 1414/1414/1374 1413/1413/1373
f 1389/1389/1350 1390/1390/1351 1415/1415/1375 1414/1414/1374
f 1390/1390/1351 1391/1391/1352 1416/1416/1376 1415/1415/1375
f 1391/1391/1352 1392/1392/1353 1417/1417/1377 1416/1416/1376
f 1392/1392/1353 1393/1393/1354 1418/1418/1378 1417/1417/1377
f 1393/1393/1354 1394/1394/1355 1419/1419/1379 1418/1418/1378
f 1394/1394/1355 1395/1395/1356 1420/1420/1380 1419/1419/1379
f 1395/1395/1356 1396/1396/1357 1421/1421/1381 1420/1420/1380
f 1396/1396/1357 1397/1397/1358 1422/1422/1382 1421/1421/1381
f 1397/1397/1358 1398/1398/1359 1423/1423/1383 1422/1422/1382
f 1398/1398/1359 1399/1399/1360 1424/1424/1384 1423/1423/1383
f 1399/1399/1360 1400/1400/1361 1425/1425/1385 1424/1424/1384
f 1400/1400/1361 1401/1401/1362 1426/1426/1386 1425/1425/1385
f 1401/1401/1362 1402/1402/1363 1427/1427/1387 1426/1426/1386
f 1402/1402/1363 1403/1403/1364 1428/1428/1388 1427/1427/1387
f 1403/1403/1364 1404/1404/1365 1429/1429/1389 1428/1428/1388
f 1404/1404/1365 1405/1405/1366 1430/1430/1390 1429/1429/1389
f 1405/1405/1366 1406/1406/1367 1431/1431/1391 1430/1430/1390
f 1406/1406/1367 1407/1407/1368 1432/1432/1392 1431/1431/1391
f 1407/1407/1368 1408/1408/1369 1433/1433/1393 1432/1432/1392
f 1408/1408/1369 1409/1409/1347 1434/1434/1371 1433/1433/1393
f 1410/1410/1371 1411/1411/1370 1436/1436/1394 1435/1435/1395
f 1411/1411/1370 1412/1412/1372 1437/1437/1396 1436/1436/1394
f 1412/1412/1372 1413/1413/1373 1438/1438/1397 1437/1437/1396
f 1413/1413/1373 1414/1414/1374 1439/1439/1398 1438/1438/1397
f 1414/1414/1374 1415/1415/1375 1440/1440/1399 1439/1439/1398
f 1415/1415/1375 1416/1416/1376 1441/1441/1400 1440/1440/1399
f 1416/1416/1376 1417/1417/1377 1442/1442/1401 1441/1441/1400
f 1417/1417/1377 1418/1418/1378 1443/1443/1402 1442/1442/1401
f 1418/1418/1378 1419/1419/1379 1444/1444/1403 1443/1443/1402
f 1419/1419/1379 1420/1420/1380 1445/1445/1404 1444/1444/1403
f 1420/1420/1380 1421/1421/1381 1446/1446/1405 1445/1445/1404
f 1421/1421/1381 1422/1422/1382 1447/1447/1406 1446/1446/1405
f 1422/1422/1382 1423/1423/1383 1448/1448/1407 1447/1447/1406
f 1423/1423/1383 1424/1424/1384 1449/1449/1408 1448/1448/1407
f 1424/1424/1384 1425/1425/1385 1450/1450/1409 1449/1449/1408
f 1425/1425/1385 1426/1426/1386 1451/1451/1410 1450/1450/1409
f 1426/1426/1386 1427/1427/1387 1452/1452/1411 1451/1451/1410
f 1427/1427/1387 1428/1428/1388 1453/1453/1412 1452/1452/1411
f 1428/1428/1388 1429/1429/1389 1454/1454/1413 1453/1453/1412
f 1429/1429/1389 1430/1430/1390 1455/1455/1414 1454/1454/1413
f 1430/1430/1390 1431/1431/1391 1456/1456/1415 1455/1455/1414
f 1431/1431/1391 1432/1432/1392 1457/1457/1416 1456/1456/1415
f 1432/1432/1392 1433/1433/1393 1458/1458/1417 1457/1457/1416
f 1433/1433/1393 1434/1434/1371 1459/1459/1395 1458/1458/1417
f 1460/1460/1418 1462/1462/1419 1461/1461/1420
f 1460/1460/1418 1463/1463/1421 1462/1462/1419
f 1460/1460/1418 1464/1464/1422 1463/1463/1421
f 1460/1460/1418 1465/1465/1423 1464/1464/1422
f 1460/1460/1418 1466/1466/1424 1465/1465/1423
f 1460/1460/1418 1467/1467/1425 1466/1466/1424
f 1460/1460/1418 1468/1468/1426 1467/1467/1425
f 1460/1460/1418 1469/1469/1427 1468/1468/1426
f 1460/1460/1418 1470/1470/1428 1469/1469/1427
f 1460/1460/1418 1471/1471/1429 1470/1470/1428
f 1460/1460/1418 1472/1472/1430 1471/1471/1429
f 1460/1460/1418 1473/1473/1431 1472/1472/1430
f 1460/1460/1418 1474/1474/1432 1473/1473/1431
f 1460/1460/1418 1475/1475/1433 1474/1474/1432
f 1460/1460/1418 1476/1476/1434 1475/1475/1433
f 1460/1460/1418 1477/1477/1435 1476/1476/1434
f 1460/1460/1418 1478/1478/1436 1477/1477/1435
f 1460/1460/1418 1479/1479/1437 1478/1478/1436
f 1460/1460/1418 1480/1480/1438 1479/1479/1437
f 1460/1460/1418 1481/1481/1439 1480/1480/1438
f 1460/1460/1418 1482/1482/1440 1481/1481/1439
f 1460/1460/1418 1483/1483/1441 1482/1482/1440
f 1460/1460/1418 1484/1484/1442 1483/1483/1441
f 1460/1460/1418 1461/1461/1420 1484/1484/1442
f 1485/1485/1443 1486/1486/1444 1487/1487/1445
f 1485/1485/1443 1487/1487/1445 1488/1488/1446
f 1485/1485/1443 1488/1488/1446 1489/1489/1447
f 1485/1485/1443 1489/1489/1447 1490/1490/1448
f 1485/1485/1443 1490/1490/1448 1491/1491/1449
f 1485/1485/1443 1491/1491/1449 1492/1492/1450
f 1485/1485/1443 1492/1492/1450 1493/1493/1451
f 1485/1485/1443 1493/1493/1451 1494/1494/1452
f 1485/1485/1443 1494/1494/1452 1495/1495/1453
f 1485/1485/1443 1495/1495/1453 1496/1496/1454
f 1485/1485/1443 1496/1496/1454 1497/1497/1455
f 1485/1485/1443 1497/1497/1455 1498/1498/1456
f 1485/1485/1443 1498/1498/1456 1499/1499/1457
f 1485/1485/1443 1499/1499/1457 1500/1500/1458
f 1485/1485/1443 1500/1500/1458 1501/1501/1459
f 1485/1485/1443 1501/1501/1459 1502/1502/1460
f 1485/1485/1443 1502/1502/1460 1503/1503/1461
f 1485/1485/1443 1503/1503/1461 1504/1504/1462
f 1485/1485/1443 1504/1504/1462 1505/1505/1463
f 1485/1485/1443 1505/1505/1463 1506/1506/1464
f 1485/1485/1443 1506/1506/1464 1507/1507/1465
f 1485/1485/1443 1507/1507/1465 1508/1508/1466
f 1485/1485/1443 1508/1508/1466 1509/1509/1467
f 1485/1485/1443 1509/1509/1467 1486/1486/1444
f 1510/1510/1468 1511/1511/1469 1536/1536/1470 1535/1535/1471
f 1511/1511/1469 1512/1512/1472 1537/1537/1473 1536/1536/1470
f 1512/1512/1472 1513/1513/1474 1538/1538/1475 1537/1537/1473
f 1513/1513/1474 1514/1514/1476 1539/1539/1477 1538/1538/1475
f 1514/1514/1476 1515/1515/1478 1540/1540/1479 1539/1539/1477
f 1515/1515/1478 1516/1516/1480 1541/1541/1481 1540/1540/1479
f 1516/1516/1480 1517/1517/1482 1542/1542/1483 1541/1541/1481
f 1517/1517/1482 1518/1518/1484 1543/1543/1485 1542/1542/1483
f 1518/1518/1484 1519/1519/1486 1544/1544/1487 1543/1543/1485
f 1519/1519/1486 1520/1520/1488 1545/1545/1489 1544/1544/1487
f 1520/1520/1488 1521/1521/1490 1546/1546/1491 1545/1545/1489
f 1521/1521/1490 1522/1522/1492 1547/1547/1493 1546/1546/1491
f 1522/1522/1492 1523/1523/1494 1548/1548/1495 1547/1547/1493
f 1523/1523/1494 1524/1524/1496 1549/1549/1497 1548/1548/1495
f 1524/1524/1496 1525/1525/1498 1550/1550/1499 1549/1549/1497
f 1525/1525/1498 1526/1526/1500 1551/1551/1501 1550/1550/1499
f 1526/1526/1500 1527/1527/1502 1552/1552/1503 1551/1551/1501
f 1527/1527/1502 1528/1528/1504 1553/1553/1505 1552/1552/1503
f 1528/1528/1504 1529/1529/1506 1554/1554/1507 1553/1553/1505
f 1529/1529/1506 1530/1530/1508 1555/1555/1509 1554/1554/1507
f 1530/1530/1508 1531/1531/1510 1556/1556/1511 1555/1555/1509
f 1531/1531/1510 1532/1532/1512 1557/1557/1513 1556/1556/1511
f 1532/1532/1512 1533/1533/1514 1558/1558/1515 1557/1557/1513
f 1533/1533/1514 1534/1534/1468 1559/1559/1471 1558/1558/1515
f 1535/1535/1471 1536/1536/1470 1561/1561/1516 1560/1560/1517
f 1536/1536/1470 1537/1537/1473 1562/1562/1518 1561/1561/1516
f 1537/1537/1473 1538/1538/1475 1563/1563/1519 1562/1562/1518
f 1538/1538/1475 1539/1539/1477 1564/1564/1520 1563/1563/1519
f 1539/1539/1477 1540/1540/1479 1565/1565/1521 1564/1564/1520
f 1540/1540/1479 1541/1541/1481 1566/1566/1522 1565/1565/1521
f 1541/1541/1481 1542/1542/1483 1567/1567/1523 1566/1566/1522
f 1542/1542/1483 1543/1543/1485 1568/1568/1524 1567/1567/1523
f 1543/1543/1485 1544/1544/1487 1569/1569/1525 1568/1568/1524
f 1544/1544/1487 1545/1545/1489 1570/1570/1526 1569/1569/1525
f 1545/1545/1489 1546/1546/1491 1571/1571/1527 1570/1570/1526
f 1546/1546/1491 1547/1547/1493 1572/1572/1528 1571/1571/1527
f 1547/1547/1493 1548/1548/1495 1573/1573/1529 1572/1572/1528
f 1548/1548/1495 1549/1549/1497 1574/1574/1530 1573/1573/1529
f 1549/1549/1497 1550/1550/1499 1575/1575/1531 1574/1574/1530
f 1550/1550/1499 1551/1551/1501 1576/1576/1532 1575/1575/1531
f 1551/1551/1501 1552/1552/1503 1577/1577/1533 1576/1576/1532
f 1552/1552/1503 1553/1553/1505 1578/1578/1534 1577/1577/1533
f 1553/1553/1505 1554/1554/1507 1579/1579/1535 1578/1578/1534
f 1554/1554/1507 1555/1555/1509 1580/1580/1536 1579/1579/1535
f 1555/1555/1509 1556/1556/1511 1581/1581/1537 1580/1580/1536
f 1556/1556/1511 1557/1557/1513 1582/1582/1538 1581/1581/1537
f 1557/1557/1513 1558/1558/1515 1583/1583/1539 1582/1582/1538
f 1558/1558/1515 1559/1559/1471 1584/1584/1517 1583/1583/1539
f 1560/1560/1517 1561/1561/1516 1586/1586/1540 1585/1585/1541
f 1561/1561/1516 1562/1562/1518 1587/1587/1542 1586/1586/1540
f 1562/1562/1518 1563/1563/1519 1588/1588/1543 1587/1587/1542
f 1563/1563/1519 1564/1564/1520 1589/1589/1544 1588/1588/1543
f 1564/1564/1520 1565/1565/1521 1590/1590/1545 1589/1589/1544
f 1565/1565/1521 1566/1566/1522 1591/1591/1546 1590/1590/1545
f 1566/1566/1522 1567/1567/1523 1592/1592/1547 1591/1591/1546
f 1567/1567/1523 1568/1568/1524 1593/1593/1548 1592/1592/1547
f 1568/1568/1524 1569/1569/1525 1594/1594/1549 1593/1593/1548
f 1569/1569/1525 1570/1570/1526 1595/1595/1550 1594/1594/1549
f 1570/1570/1526 1571/1571/1527 1596/1596/1551 1595/1595/1550
f 1571/1571/1527 1572/1572/1528 1597/1597/1552 1596/1596/1551
f 1572/1572/1528 1573/1573/1529 1598/1598/1553 1597/1597/1552
f 1573/1573/1529 1574/1574/1530 1599/1599/1554 1598/1598/1553
f 1574/1574/1530 1575/1575/1531 1600/1600/1555 1599/1599/1554
f 1575/1575/1531 1576/1576/1532 1601/1601/1556 1600/1600/1555
f 1576/1576/1532 1577/1577/1533 1602/1602/1557 1601/1601/1556
f 1577/1577/1533 1578/1578/1534 1603/1603/1558 1602/1602/1557
f 1578/1578/1534 1579/1579/1535 1604/1604/1559 1603/1603/1558
f 1579/1579/1535 1580/1580/1536 1605/1605/1560 1604/1604/1559
f 1580/1580/1536 1581/1581/1537 1606/1606/1561 1605/1605/1560
f 1581/1581/1537 1582/1582/1538 1607/1607/1562 1606/1606/1561
f 1582/1582/1538 1583/1583/1539 1608/1608/1563 1607/1607/1562
f 1583/1583/1539 1584/1584/1517 1609/1609/1541 1608/1608/1563
f 1610/1610/1564 1612/1612/1565 1611/1611/1566
f 1610/1610/1564 1613/1613/1567 1612/1612/1565
f 1610/1610/1564 1614/1614/1568 1613/1613/1567
f 1610/1610/1564 1615/1615/1569 1614/1614/1568
f 1610/1610/1564 1616/1616/1570 1615/1615/1569
f 1610/1610/1564 1617/1617/1571 1616/1616/1570
f 1610/1610/1564 1618/1618/1572 1617/1617/1571
f 1610/1610/1564 1619/1619/1573 1618/1618/1572
f 1610/1610/1564 1620/1620/1574 1619/1619/1573
f 1610/1610/1564 1621/1621/1575 1620/1620/1574
f 1610/1610/1564 1622/1622/1576 1621/1621/1575
f 1610/1610/1564 1623/1623/1577 1622/1622/1576
f 1610/1610/1564 1624/1624/1578 1623/1623/1577
f 1610/1610/1564 1625/1625/1579 1624/1624/1578
f 1610/1610/1564 1626/1626/1580 1625/1625/1579
f 1610/1610/1564 1627/1627/1581 1626/1626/1580
f 1610/1610/1564 1628/1628/1582 1627/1627/1581
f 1610/1610/1564 1629/1629/1583 1628/1628/1582
f 1610/1610/1564 1630/1630/1584 1629/1629/1583
f 1610/1610/1564 1631/1631/1585 1630/1630/1584
f 1610/1610/1564 1632/1632/1586 1631/1631/1585
f 1610/1610/1564 1633/1633/1587 1632/1632/1586
f 1610/1610/1564 1634/1634/1588 1633/1633/1587
f 1610/1610/1564 1611/1611/1566 1634/1634/1588
f 1635/1635/1589 1636/1636/1590 1637/1637/1591
f 1635/1635/1589 1637/1637/1591 1638/1638/1592
f 1635/1635/1589 1638/1638/1592 1639/1639/1593
f 1635/1635/1589 1639/1639/1593 1640/1640/1594
f 1635/1635/1589 1640/1640/1594 1641/1641/1595
f 1635/1635/1589 1641/1641/1595 1642/1642/1596
f 1635/1635/1589 1642/1642/1596 1643/1643/1597
f 1635/1635/1589 1643/1643/1597 1644/1644/1598
f 1635/1635/1589 1644/1644/1598 1645/1645/1599
f 1635/1635/1589 1645/1645/1599 1646/1646/1600
f 1635/1635/1589 1646/1646/1600 1647/1647/1601
f 1635/1635/1589 1647/1647/1601 1648/1648/1602
f 1635/1635/1589 1648/1648/1602 1649/1649/1603
f 1635/1635/1589 1649/1649/1603 1650/1650/1604
f 1635/1635/1589 1650/1650/1604 1651/1651/1605
f 1635/1635/1589 1651/1651/1605 1652/1652/1606
f 1635/1635/1589 1652/1652/1606 1653/1653/1607
f 1635/1635/1589 1653/1653/1607 1654/1654/1608
f 1635/1635/1589 1654/1654/1608 1655/1655/1609
f 1635/1635/1589 1655/1655/1609 1656/1656/1610
f 1635/1635/1589 1656/1656/1610 1657/1657/1611
f 1635/1635/1589 1657/1657/1611 1658/1658/1612
f 1635/1635/1589 1658/1658/1612 1659/1659/1613
f 1635/1635/1589 1659/1659/1613 1636/1636/1590

o Stamp_Branding
usemtl Housing_Exhibitfy
v 0.031437 -0.086573 -0.476146
v 0.010678 -0.125930 -0.408247
v 0.008843 -0.010325 -0.438858
v -0.011916 -0.049682 -0.370959
v 0.116672 -0.113806 -0.368814
v 0.137431 -0.074450 -0.436713
v 0.094079 -0.037559 -0.331526
v 0.114838 0.001798 -0.399425
v 0.004480 -0.067912 -0.369542
v 0.084704 -0.058736 -0.339697
v -0.002990 -0.042702 -0.357214
v 0.077234 -0.033526 -0.327368
v 0.017983 -0.180848 -0.417724
v 0.128324 -0.168227 -0.376674
v 0.010614 -0.155982 -0.405564
v 0.120955 -0.143361 -0.364514
vt 0.000000 0.000000
vt 1.000000 0.000000
vt 0.000000 1.000000
vt 1.000000 1.000000
vt 0.000000 0.000000
vt 1.000000 0.000000
vt 0.000000 1.000000
vt 1.000000 1.000000
vt 0.030000 0.375000
vt 0.970000 0.375000
vt 0.030000 0.695000
vt 0.970000 0.695000
vt 0.030000 0.375000
vt 0.970000 0.375000
vt 0.030000 0.695000
vt 0.970000 0.695000
vn -0.931902 -0.106589 -0.346694
vn -0.931902 -0.106589 -0.346694
vn -0.931902 -0.106589 -0.346694
vn -0.931902 -0.106589 -0.346694
vn 0.931902 0.106589 0.346694
vn 0.931902 0.106589 0.346694
vn 0.931902 0.106589 0.346694
vn 0.931902 0.106589 0.346694
vn -0.255714 -0.484810 0.836403
vn -0.255714 -0.484810 0.836403
vn -0.255714 -0.484810 0.836403
vn -0.255714 -0.484810 0.836403
vn -0.255714 -0.484810 0.836403
vn -0.255714 -0.484810 0.836403
vn -0.255714 -0.484810 0.836403
vn -0.255714 -0.484810 0.836403
f 1660/1660/1614 1661/1661/1615 1663/1663/1616 1662/1662/1617
f 1664/1664/1618 1665/1665/1619 1667/1667/1620 1666/1666/1621
f 1668/1668/1622 1669/1669/1623 1671/1671/1624 1670/1670/1625
f 1672/1672/1626 1673/1673/1627 1675/1675/1628 1674/1674/1629

o Stamp_Mechanism
usemtl Steel_Machined
v 0.075792 -0.134964 -0.416460
v 0.081646 -0.133899 -0.415091
v 0.087470 -0.132077 -0.415287
v 0.092792 -0.129647 -0.417032
v 0.097182 -0.126805 -0.420183
v 0.100283 -0.123782 -0.424487
v 0.101844 -0.120822 -0.429593
v 0.101739 -0.118165 -0.435089
v 0.099976 -0.116027 -0.440529
v 0.096699 -0.114580 -0.445473
v 0.092172 -0.113943 -0.449520
v 0.086762 -0.114166 -0.452342
v 0.080909 -0.115231 -0.453710
v 0.075085 -0.117053 -0.453514
v 0.069762 -0.119483 -0.451770
v 0.065373 -0.122325 -0.448618
v 0.062272 -0.125348 -0.444315
v 0.060711 -0.128308 -0.439208
v 0.060816 -0.130964 -0.433712
v 0.062578 -0.133103 -0.428272
v 0.065856 -0.134549 -0.423328
v 0.070383 -0.135187 -0.419282
v 0.075792 -0.134964 -0.416460
v 0.040543 -0.012538 -0.359351
v 0.045695 -0.011600 -0.358147
v 0.050820 -0.009997 -0.358320
v 0.055503 -0.007859 -0.359855
v 0.059366 -0.005358 -0.362628
v 0.062095 -0.002698 -0.366415
v 0.063469 -0.000093 -0.370909
v 0.063376 0.002245 -0.375745
v 0.061825 0.004127 -0.380532
v 0.058941 0.005400 -0.384883
v 0.054957 0.005961 -0.388444
v 0.050197 0.005765 -0.390927
v 0.045046 0.004827 -0.392131
v 0.039921 0.003224 -0.391959
v 0.035237 0.001086 -0.390424
v 0.031374 -0.001415 -0.387651
v 0.028646 -0.004076 -0.383864
v 0.027272 -0.006681 -0.379370
v 0.027364 -0.009018 -0.374534
v 0.028915 -0.010900 -0.369746
v 0.031799 -0.012173 -0.365396
v 0.035783 -0.012734 -0.361835
v 0.040543 -0.012538 -0.359351
v 0.081277 -0.124565 -0.434401
v 0.075792 -0.134964 -0.416460
v 0.081646 -0.133899 -0.415091
v 0.087470 -0.132077 -0.415287
v 0.092792 -0.129647 -0.417032
v 0.097182 -0.126805 -0.420183
v 0.100283 -0.123782 -0.424487
v 0.101844 -0.120822 -0.429593
v 0.101739 -0.118165 -0.435089
v 0.099976 -0.116027 -0.440529
v 0.096699 -0.114580 -0.445473
v 0.092172 -0.113943 -0.449520
v 0.086762 -0.114166 -0.452342
v 0.080909 -0.115231 -0.453710
v 0.075085 -0.117053 -0.453514
v 0.069762 -0.119483 -0.451770
v 0.065373 -0.122325 -0.448618
v 0.062272 -0.125348 -0.444315
v 0.060711 -0.128308 -0.439208
v 0.060816 -0.130964 -0.433712
v 0.062578 -0.133103 -0.428272
v 0.065856 -0.134549 -0.423328
v 0.070383 -0.135187 -0.419282
v 0.045370 -0.003387 -0.375139
v 0.040543 -0.012538 -0.359351
v 0.045695 -0.011600 -0.358147
v 0.050820 -0.009997 -0.358320
v 0.055503 -0.007859 -0.359855
v 0.059366 -0.005358 -0.362628
v 0.062095 -0.002698 -0.366415
v 0.063469 -0.000093 -0.370909
v 0.063376 0.002245 -0.375745
v 0.061825 0.004127 -0.380532
v 0.058941 0.005400 -0.384883
v 0.054957 0.005961 -0.388444
v 0.050197 0.005765 -0.390927
v 0.045046 0.004827 -0.392131
v 0.039921 0.003224 -0.391959
v 0.035237 0.001086 -0.390424
v 0.031374 -0.001415 -0.387651
v 0.028646 -0.004076 -0.383864
v 0.027272 -0.006681 -0.379370
v 0.027364 -0.009018 -0.374534
v 0.028915 -0.010900 -0.369746
v 0.031799 -0.012173 -0.365396
v 0.035783 -0.012734 -0.361835
v 0.030436 -0.105052 -0.448103
v 0.029146 -0.102129 -0.445535
v 0.027659 -0.101017 -0.441879
v 0.026373 -0.102016 -0.438117
v 0.025634 -0.104857 -0.435255
v 0.025638 -0.108779 -0.434061
v 0.026385 -0.112731 -0.434855
v 0.027675 -0.115655 -0.437423
v 0.029162 -0.116766 -0.441079
v 0.030448 -0.115767 -0.444841
v 0.031188 -0.112926 -0.447703
v 0.031183 -0.109004 -0.448897
v 0.030436 -0.105052 -0.448103
v 0.123719 -0.094382 -0.413399
v 0.122429 -0.091459 -0.410830
v 0.120942 -0.090348 -0.407175
v 0.119657 -0.091347 -0.403413
v 0.118917 -0.094188 -0.400551
v 0.118921 -0.098110 -0.399357
v 0.119669 -0.102062 -0.400151
v 0.120959 -0.104985 -0.402719
v 0.122446 -0.106096 -0.406375
v 0.123731 -0.105097 -0.410137
v 0.124471 -0.102256 -0.412999
v 0.124467 -0.098334 -0.414193
v 0.123719 -0.094382 -0.413399
v 0.028411 -0.108892 -0.441479
v 0.030436 -0.105052 -0.448103
v 0.029146 -0.102129 -0.445535
v 0.027659 -0.101017 -0.441879
v 0.026373 -0.102016 -0.438117
v 0.025634 -0.104857 -0.435255
v 0.025638 -0.108779 -0.434061
v 0.026385 -0.112731 -0.434855
v 0.027675 -0.115655 -0.437423
v 0.029162 -0.116766 -0.441079
v 0.030448 -0.115767 -0.444841
v 0.031188 -0.112926 -0.447703
v 0.031183 -0.109004 -0.448897
v 0.121694 -0.098222 -0.406775
v 0.123719 -0.094382 -0.413399
v 0.122429 -0.091459 -0.410830
v 0.120942 -0.090348 -0.407175
v 0.119657 -0.091347 -0.403413
v 0.118917 -0.094188 -0.400551
v 0.118921 -0.098110 -0.399357
v 0.119669 -0.102062 -0.400151
v 0.120959 -0.104985 -0.402719
v 0.122446 -0.106096 -0.406375
v 0.123731 -0.105097 -0.410137
v 0.124471 -0.102256 -0.412999
v 0.124467 -0.098334 -0.414193
v 0.005847 -0.022070 -0.407522
v 0.004557 -0.019147 -0.404953
v 0.003070 -0.018036 -0.401298
v 0.001784 -0.019034 -0.397535
v 0.001045 -0.021875 -0.394673
v 0.001049 -0.025797 -0.393479
v 0.001797 -0.029750 -0.394273
v 0.003086 -0.032673 -0.396842
v 0.004573 -0.033784 -0.400497
v 0.005859 -0.032785 -0.404260
v 0.006599 -0.029944 -0.407121
v 0.006594 -0.026022 -0.408315
v 0.005847 -0.022070 -0.407522
v 0.099130 -0.011401 -0.372817
v 0.097840 -0.008477 -0.370249
v 0.096353 -0.007366 -0.366593
v 0.095068 -0.008365 -0.362831
v 0.094328 -0.011206 -0.359969
v 0.094333 -0.015128 -0.358775
v 0.095080 -0.019080 -0.359569
v 0.096370 -0.022003 -0.362138
v 0.097857 -0.023114 -0.365793
v 0.099142 -0.022116 -0.369556
v 0.099882 -0.019275 -0.372417
v 0.099878 -0.015353 -0.373611
v 0.099130 -0.011401 -0.372817
v 0.003822 -0.025910 -0.400897
v 0.005847 -0.022070 -0.407522
v 0.004557 -0.019147 -0.404953
v 0.003070 -0.018036 -0.401298
v 0.001784 -0.019034 -0.397535
v 0.001045 -0.021875 -0.394673
v 0.001049 -0.025797 -0.393479
v 0.001797 -0.029750 -0.394273
v 0.003086 -0.032673 -0.396842
v 0.004573 -0.033784 -0.400497
v 0.005859 -0.032785 -0.404260
v 0.006599 -0.029944 -0.407121
v 0.006594 -0.026022 -0.408315
v 0.097105 -0.015240 -0.366193
v 0.099130 -0.011401 -0.372817
v 0.097840 -0.008477 -0.370249
v 0.096353 -0.007366 -0.366593
v 0.095068 -0.008365 -0.362831
v 0.094328 -0.011206 -0.359969
v 0.094333 -0.015128 -0.358775
v 0.095080 -0.019080 -0.359569
v 0.096370 -0.022003 -0.362138
v 0.097857 -0.023114 -0.365793
v 0.099142 -0.022116 -0.369556
v 0.099882 -0.019275 -0.372417
v 0.099878 -0.015353 -0.373611
vt 0.000000 0.000000
vt 0.045455 0.000000
vt 0.090909 0.000000
vt 0.136364 0.000000
vt 0.181818 0.000000
vt 0.227273 0.000000
vt 0.272727 0.000000
vt 0.318182 0.000000
vt 0.363636 0.000000
vt 0.409091 0.000000
vt 0.454545 0.000000
vt 0.500000 0.000000
vt 0.545455 0.000000
vt 0.590909 0.000000
vt 0.636364 0.000000
vt 0.681818 0.000000
vt 0.727273 0.000000
vt 0.772727 0.000000
vt 0.818182 0.000000
vt 0.863636 0.000000
vt 0.909091 0.000000
vt 0.954545 0.000000
vt 1.000000 0.000000
vt 0.000000 1.000000
vt 0.045455 1.000000
vt 0.090909 1.000000
vt 0.136364 1.000000
vt 0.181818 1.000000
vt 0.227273 1.000000
vt 0.272727 1.000000
vt 0.318182 1.000000
vt 0.363636 1.000000
vt 0.409091 1.000000
vt 0.454545 1.000000
vt 0.500000 1.000000
vt 0.545455 1.000000
vt 0.590909 1.000000
vt 0.636364 1.000000
vt 0.681818 1.000000
vt 0.727273 1.000000
vt 0.772727 1.000000
vt 0.818182 1.000000
vt 0.863636 1.000000
vt 0.909091 1.000000
vt 0.954545 1.000000
vt 1.000000 1.000000
vt 0.500000 0.500000
vt 0.950000 0.500000
vt 0.931772 0.626780
vt 0.878564 0.743288
vt 0.794687 0.840087
vt 0.686937 0.909334
vt 0.564042 0.945420
vt 0.435958 0.945420
vt 0.313063 0.909334
vt 0.205313 0.840087
vt 0.121436 0.743288
vt 0.068228 0.626780
vt 0.050000 0.500000
vt 0.068228 0.373220
vt 0.121436 0.256712
vt 0.205313 0.159913
vt 0.313063 0.090666
vt 0.435958 0.054580
vt 0.564042 0.054580
vt 0.686937 0.090666
vt 0.794687 0.159913
vt 0.878564 0.256712
vt 0.931772 0.373220
vt 0.500000 0.500000
vt 0.950000 0.500000
vt 0.931772 0.626780
vt 0.878564 0.743288
vt 0.794687 0.840087
vt 0.686937 0.909334
vt 0.564042 0.945420
vt 0.435958 0.945420
vt 0.313063 0.909334
vt 0.205313 0.840087
vt 0.121436 0.743288
vt 0.068228 0.626780
vt 0.050000 0.500000
vt 0.068228 0.373220
vt 0.121436 0.256712
vt 0.205313 0.159913
vt 0.313063 0.090666
vt 0.435958 0.054580
vt 0.564042 0.054580
vt 0.686937 0.090666
vt 0.794687 0.159913
vt 0.878564 0.256712
vt 0.931772 0.373220
vt 0.000000 0.000000
vt 0.083333 0.000000
vt 0.166667 0.000000
vt 0.250000 0.000000
vt 0.333333 0.000000
vt 0.416667 0.000000
vt 0.500000 0.000000
vt 0.583333 0.000000
vt 0.666667 0.000000
vt 0.750000 0.000000
vt 0.833333 0.000000
vt 0.916667 0.000000
vt 1.000000 0.000000
vt 0.000000 1.000000
vt 0.083333 1.000000
vt 0.166667 1.000000
vt 0.250000 1.000000
vt 0.333333 1.000000
vt 0.416667 1.000000
vt 0.500000 1.000000
vt 0.583333 1.000000
vt 0.666667 1.000000
vt 0.750000 1.000000
vt 0.833333 1.000000
vt 0.916667 1.000000
vt 1.000000 1.000000
vt 0.500000 0.500000
vt 0.950000 0.500000
vt 0.889711 0.725000
vt 0.725000 0.889711
vt 0.500000 0.950000
vt 0.275000 0.889711
vt 0.110289 0.725000
vt 0.050000 0.500000
vt 0.110289 0.275000
vt 0.275000 0.110289
vt 0.500000 0.050000
vt 0.725000 0.110289
vt 0.889711 0.275000
vt 0.500000 0.500000
vt 0.950000 0.500000
vt 0.889711 0.725000
vt 0.725000 0.889711
vt 0.500000 0.950000
vt 0.275000 0.889711
vt 0.110289 0.725000
vt 0.050000 0.500000
vt 0.110289 0.275000
vt 0.275000 0.110289
vt 0.500000 0.050000
vt 0.725000 0.110289
vt 0.889711 0.275000
vt 0.000000 0.000000
vt 0.083333 0.000000
vt 0.166667 0.000000
vt 0.250000 0.000000
vt 0.333333 0.000000
vt 0.416667 0.000000
vt 0.500000 0.000000
vt 0.583333 0.000000
vt 0.666667 0.000000
vt 0.750000 0.000000
vt 0.833333 0.000000
vt 0.916667 0.000000
vt 1.000000 0.000000
vt 0.000000 1.000000
vt 0.083333 1.000000
vt 0.166667 1.000000
vt 0.250000 1.000000
vt 0.333333 1.000000
vt 0.416667 1.000000
vt 0.500000 1.000000
vt 0.583333 1.000000
vt 0.666667 1.000000
vt 0.750000 1.000000
vt 0.833333 1.000000
vt 0.916667 1.000000
vt 1.000000 1.000000
vt 0.500000 0.500000
vt 0.950000 0.500000
vt 0.889711 0.725000
vt 0.725000 0.889711
vt 0.500000 0.950000
vt 0.275000 0.889711
vt 0.110289 0.725000
vt 0.050000 0.500000
vt 0.110289 0.275000
vt 0.275000 0.110289
vt 0.500000 0.050000
vt 0.725000 0.110289
vt 0.889711 0.275000
vt 0.500000 0.500000
vt 0.950000 0.500000
vt 0.889711 0.725000
vt 0.725000 0.889711
vt 0.500000 0.950000
vt 0.275000 0.889711
vt 0.110289 0.725000
vt 0.050000 0.500000
vt 0.110289 0.275000
vt 0.275000 0.110289
vt 0.500000 0.050000
vt 0.725000 0.110289
vt 0.889711 0.275000
vn -0.260413 -0.468722 0.844088
vn 0.012446 -0.419063 0.907872
vn 0.012446 -0.419063 0.907872
vn -0.260413 -0.468722 0.844088
vn 0.283913 -0.334157 0.898740
vn 0.283913 -0.334157 0.898740
vn 0.531994 -0.220883 0.817431
vn 0.531994 -0.220883 0.817431
vn 0.736592 -0.088418 0.670533
vn 0.736592 -0.088418 0.670533
vn 0.881132 0.052507 0.469946
vn 0.881132 0.052507 0.469946
vn 0.953903 0.190475 0.231922
vn 0.953903 0.190475 0.231922
vn 0.949011 0.314308 -0.024258
vn 0.949011 0.314308 -0.024258
vn 0.866851 0.413975 -0.277838
vn 0.866851 0.413975 -0.277838
vn 0.714080 0.481400 -0.508275
vn 0.714080 0.481400 -0.508275
vn 0.503074 0.511122 -0.696901
vn 0.503074 0.511122 -0.696901
vn 0.250928 0.500732 -0.828434
vn 0.250928 0.500732 -0.828434
vn -0.021931 0.451073 -0.892218
vn -0.021931 0.451073 -0.892218
vn -0.293397 0.366167 -0.883085
vn -0.293397 0.366167 -0.883085
vn -0.541479 0.252892 -0.801777
vn -0.541479 0.252892 -0.801777
vn -0.746077 0.120427 -0.654879
vn -0.746077 0.120427 -0.654879
vn -0.890617 -0.020498 -0.454292
vn -0.890617 -0.020498 -0.454292
vn -0.963388 -0.158466 -0.216268
vn -0.963388 -0.158466 -0.216268
vn -0.958496 -0.282299 0.039912
vn -0.958496 -0.282299 0.039912
vn -0.876336 -0.381965 0.293492
vn -0.876336 -0.381965 0.293492
vn -0.723565 -0.449390 0.523929
vn -0.723565 -0.449390 0.523929
vn -0.512559 -0.479112 0.712555
vn -0.512559 -0.479112 0.712555
vn 0.257232 -0.868100 -0.424539
vn 0.257232 -0.868100 -0.424539
vn 0.257232 -0.868100 -0.424539
vn 0.257232 -0.868100 -0.424539
vn 0.257232 -0.868100 -0.424539
vn 0.257232 -0.868100 -0.424539
vn 0.257232 -0.868100 -0.424539
vn 0.257232 -0.868100 -0.424539
vn 0.257232 -0.868100 -0.424539
vn 0.257232 -0.868100 -0.424539
vn 0.257232 -0.868100 -0.424539
vn 0.257232 -0.868100 -0.424539
vn 0.257232 -0.868100 -0.424539
vn 0.257232 -0.868100 -0.424539
vn 0.257232 -0.868100 -0.424539
vn 0.257232 -0.868100 -0.424539
vn 0.257232 -0.868100 -0.424539
vn 0.257232 -0.868100 -0.424539
vn 0.257232 -0.868100 -0.424539
vn 0.257232 -0.868100 -0.424539
vn 0.257232 -0.868100 -0.424539
vn 0.257232 -0.868100 -0.424539
vn 0.257232 -0.868100 -0.424539
vn -0.257232 0.868100 0.424539
vn -0.257232 0.868100 0.424539
vn -0.257232 0.868100 0.424539
vn -0.257232 0.868100 0.424539
vn -0.257232 0.868100 0.424539
vn -0.257232 0.868100 0.424539
vn -0.257232 0.868100 0.424539
vn -0.257232 0.868100 0.424539
vn -0.257232 0.868100 0.424539
vn -0.257232 0.868100 0.424539
vn -0.257232 0.868100 0.424539
vn -0.257232 0.868100 0.424539
vn -0.257232 0.868100 0.424539
vn -0.257232 0.868100 0.424539
vn -0.257232 0.868100 0.424539
vn -0.257232 0.868100 0.424539
vn -0.257232 0.868100 0.424539
vn -0.257232 0.868100 0.424539
vn -0.257232 0.868100 0.424539
vn -0.257232 0.868100 0.424539
vn -0.257232 0.868100 0.424539
vn -0.257232 0.868100 0.424539
vn -0.257232 0.868100 0.424539
vn 0.255714 0.484810 -0.836403
vn 0.092839 0.853908 -0.512077
vn 0.092839 0.853908 -0.512077
vn 0.255714 0.484810 -0.836403
vn -0.094913 0.994202 -0.050540
vn -0.094913 0.994202 -0.050540
vn -0.257232 0.868100 0.424539
vn -0.257232 0.868100 0.424539
vn -0.350627 0.509392 0.785863
vn -0.350627 0.509392 0.785863
vn -0.350071 0.014193 0.936616
vn -0.350071 0.014193 0.936616
vn -0.255714 -0.484810 0.836403
vn -0.255714 -0.484810 0.836403
vn -0.092839 -0.853908 0.512077
vn -0.092839 -0.853908 0.512077
vn 0.094913 -0.994202 0.050540
vn 0.094913 -0.994202 0.050540
vn 0.257232 -0.868100 -0.424539
vn 0.257232 -0.868100 -0.424539
vn 0.350627 -0.509392 -0.785863
vn 0.350627 -0.509392 -0.785863
vn 0.350071 -0.014193 -0.936616
vn 0.350071 -0.014193 -0.936616
vn -0.931902 -0.106589 -0.346694
vn -0.931902 -0.106589 -0.346694
vn -0.931902 -0.106589 -0.346694
vn -0.931902 -0.106589 -0.346694
vn -0.931902 -0.106589 -0.346694
vn -0.931902 -0.106589 -0.346694
vn -0.931902 -0.106589 -0.346694
vn -0.931902 -0.106589 -0.346694
vn -0.931902 -0.106589 -0.346694
vn -0.931902 -0.106589 -0.346694
vn -0.931902 -0.106589 -0.346694
vn -0.931902 -0.106589 -0.346694
vn -0.931902 -0.106589 -0.346694
vn 0.931902 0.106589 0.346694
vn 0.931902 0.106589 0.346694
vn 0.931902 0.106589 0.346694
vn 0.931902 0.106589 0.346694
vn 0.931902 0.106589 0.346694
vn 0.931902 0.106589 0.346694
vn 0.931902 0.106589 0.346694
vn 0.931902 0.106589 0.346694
vn 0.931902 0.106589 0.346694
vn 0.931902 0.106589 0.346694
vn 0.931902 0.106589 0.346694
vn 0.931902 0.106589 0.346694
vn 0.931902 0.106589 0.346694
vn 0.255714 0.484810 -0.836403
vn 0.092839 0.853908 -0.512077
vn 0.092839 0.853908 -0.512077
vn 0.255714 0.484810 -0.836403
vn -0.094913 0.994202 -0.050540
vn -0.094913 0.994202 -0.050540
vn -0.257232 0.868100 0.424539
vn -0.257232 0.868100 0.424539
vn -0.350627 0.509392 0.785863
vn -0.350627 0.509392 0.785863
vn -0.350071 0.014193 0.936616
vn -0.350071 0.014193 0.936616
vn -0.255714 -0.484810 0.836403
vn -0.255714 -0.484810 0.836403
vn -0.092839 -0.853908 0.512077
vn -0.092839 -0.853908 0.512077
vn 0.094913 -0.994202 0.050540
vn 0.094913 -0.994202 0.050540
vn 0.257232 -0.868100 -0.424539
vn 0.257232 -0.868100 -0.424539
vn 0.350627 -0.509392 -0.785863
vn 0.350627 -0.509392 -0.785863
vn 0.350071 -0.014193 -0.936616
vn 0.350071 -0.014193 -0.936616
vn -0.931902 -0.106589 -0.346694
vn -0.931902 -0.106589 -0.346694
vn -0.931902 -0.106589 -0.346694
vn -0.931902 -0.106589 -0.346694
vn -0.931902 -0.106589 -0.346694
vn -0.931902 -0.106589 -0.346694
vn -0.931902 -0.106589 -0.346694
vn -0.931902 -0.106589 -0.346694
vn -0.931902 -0.106589 -0.346694
vn -0.931902 -0.106589 -0.346694
vn -0.931902 -0.106589 -0.346694
vn -0.931902 -0.106589 -0.346694
vn -0.931902 -0.106589 -0.346694
vn 0.931902 0.106589 0.346694
vn 0.931902 0.106589 0.346694
vn 0.931902 0.106589 0.346694
vn 0.931902 0.106589 0.346694
vn 0.931902 0.106589 0.346694
vn 0.931902 0.106589 0.346694
vn 0.931902 0.106589 0.346694
vn 0.931902 0.106589 0.346694
vn 0.931902 0.106589 0.346694
vn 0.931902 0.106589 0.346694
vn 0.931902 0.106589 0.346694
vn 0.931902 0.106589 0.346694
vn 0.931902 0.106589 0.346694
f 1676/1676/1630 1677/1677/1631 1700/1700/1632 1699/1699/1633
f 1677/1677/1631 1678/1678/1634 1701/1701/1635 1700/1700/1632
f 1678/1678/1634 1679/1679/1636 1702/1702/1637 1701/1701/1635
f 1679/1679/1636 1680/1680/1638 1703/1703/1639 1702/1702/1637
f 1680/1680/1638 1681/1681/1640 1704/1704/1641 1703/1703/1639
f 1681/1681/1640 1682/1682/1642 1705/1705/1643 1704/1704/1641
f 1682/1682/1642 1683/1683/1644 1706/1706/1645 1705/1705/1643
f 1683/1683/1644 1684/1684/1646 1707/1707/1647 1706/1706/1645
f 1684/1684/1646 1685/1685/1648 1708/1708/1649 1707/1707/1647
f 1685/1685/1648 1686/1686/1650 1709/1709/1651 1708/1708/1649
f 1686/1686/1650 1687/1687/1652 1710/1710/1653 1709/1709/1651
f 1687/1687/1652 1688/1688/1654 1711/1711/1655 1710/1710/1653
f 1688/1688/1654 1689/1689/1656 1712/1712/1657 1711/1711/1655
f 1689/1689/1656 1690/1690/1658 1713/1713/1659 1712/1712/1657
f 1690/1690/1658 1691/1691/1660 1714/1714/1661 1713/1713/1659
f 1691/1691/1660 1692/1692/1662 1715/1715/1663 1714/1714/1661
f 1692/1692/1662 1693/1693/1664 1716/1716/1665 1715/1715/1663
f 1693/1693/1664 1694/1694/1666 1717/1717/1667 1716/1716/1665
f 1694/1694/1666 1695/1695/1668 1718/1718/1669 1717/1717/1667
f 1695/1695/1668 1696/1696/1670 1719/1719/1671 1718/1718/1669
f 1696/1696/1670 1697/1697/1672 1720/1720/1673 1719/1719/1671
f 1697/1697/1672 1698/1698/1630 1721/1721/1633 1720/1720/1673
f 1722/1722/1674 1724/1724/1675 1723/1723/1676
f 1722/1722/1674 1725/1725/1677 1724/1724/1675
f 1722/1722/1674 1726/1726/1678 1725/1725/1677
f 1722/1722/1674 1727/1727/1679 1726/1726/1678
f 1722/1722/1674 1728/1728/1680 1727/1727/1679
f 1722/1722/1674 1729/1729/1681 1728/1728/1680
f 1722/1722/1674 1730/1730/1682 1729/1729/1681
f 1722/1722/1674 1731/1731/1683 1730/1730/1682
f 1722/1722/1674 1732/1732/1684 1731/1731/1683
f 1722/1722/1674 1733/1733/1685 1732/1732/1684
f 1722/1722/1674 1734/1734/1686 1733/1733/1685
f 1722/1722/1674 1735/1735/1687 1734/1734/1686
f 1722/1722/1674 1736/1736/1688 1735/1735/1687
f 1722/1722/1674 1737/1737/1689 1736/1736/1688
f 1722/1722/1674 1738/1738/1690 1737/1737/1689
f 1722/1722/1674 1739/1739/1691 1738/1738/1690
f 1722/1722/1674 1740/1740/1692 1739/1739/1691
f 1722/1722/1674 1741/1741/1693 1740/1740/1692
f 1722/1722/1674 1742/1742/1694 1741/1741/1693
f 1722/1722/1674 1743/1743/1695 1742/1742/1694
f 1722/1722/1674 1744/1744/1696 1743/1743/1695
f 1722/1722/1674 1723/1723/1676 1744/1744/1696
f 1745/1745/1697 1746/1746/1698 1747/1747/1699
f 1745/1745/1697 1747/1747/1699 1748/1748/1700
f 1745/1745/1697 1748/1748/1700 1749/1749/1701
f 1745/1745/1697 1749/1749/1701 1750/1750/1702
f 1745/1745/1697 1750/1750/1702 1751/1751/1703
f 1745/1745/1697 1751/1751/1703 1752/1752/1704
f 1745/1745/1697 1752/1752/1704 1753/1753/1705
f 1745/1745/1697 1753/1753/1705 1754/1754/1706
f 1745/1745/1697 1754/1754/1706 1755/1755/1707
f 1745/1745/1697 1755/1755/1707 1756/1756/1708
f 1745/1745/1697 1756/1756/1708 1757/1757/1709
f 1745/1745/1697 1757/1757/1709 1758/1758/1710
f 1745/1745/1697 1758/1758/1710 1759/1759/1711
f 1745/1745/1697 1759/1759/1711 1760/1760/1712
f 1745/1745/1697 1760/1760/1712 1761/1761/1713
f 1745/1745/1697 1761/1761/1713 1762/1762/1714
f 1745/1745/1697 1762/1762/1714 1763/1763/1715
f 1745/1745/1697 1763/1763/1715 1764/1764/1716
f 1745/1745/1697 1764/1764/1716 1765/1765/1717
f 1745/1745/1697 1765/1765/1717 1766/1766/1718
f 1745/1745/1697 1766/1766/1718 1767/1767/1719
f 1745/1745/1697 1767/1767/1719 1746/1746/1698
f 1768/1768/1720 1769/1769/1721 1782/1782/1722 1781/1781/1723
f 1769/1769/1721 1770/1770/1724 1783/1783/1725 1782/1782/1722
f 1770/1770/1724 1771/1771/1726 1784/1784/1727 1783/1783/1725
f 1771/1771/1726 1772/1772/1728 1785/1785/1729 1784/1784/1727
f 1772/1772/1728 1773/1773/1730 1786/1786/1731 1785/1785/1729
f 1773/1773/1730 1774/1774/1732 1787/1787/1733 1786/1786/1731
f 1774/1774/1732 1775/1775/1734 1788/1788/1735 1787/1787/1733
f 1775/1775/1734 1776/1776/1736 1789/1789/1737 1788/1788/1735
f 1776/1776/1736 1777/1777/1738 1790/1790/1739 1789/1789/1737
f 1777/1777/1738 1778/1778/1740 1791/1791/1741 1790/1790/1739
f 1778/1778/1740 1779/1779/1742 1792/1792/1743 1791/1791/1741
f 1779/1779/1742 1780/1780/1720 1793/1793/1723 1792/1792/1743
f 1794/1794/1744 1796/1796/1745 1795/1795/1746
f 1794/1794/1744 1797/1797/1747 1796/1796/1745
f 1794/1794/1744 1798/1798/1748 1797/1797/1747
f 1794/1794/1744 1799/1799/1749 1798/1798/1748
f 1794/1794/1744 1800/1800/1750 1799/1799/1749
f 1794/1794/1744 1801/1801/1751 1800/1800/1750
f 1794/1794/1744 1802/1802/1752 1801/1801/1751
f 1794/1794/1744 1803/1803/1753 1802/1802/1752
f 1794/1794/1744 1804/1804/1754 1803/1803/1753
f 1794/1794/1744 1805/1805/1755 1804/1804/1754
f 1794/1794/1744 1806/1806/1756 1805/1805/1755
f 1794/1794/1744 1795/1795/1746 1806/1806/1756
f 1807/1807/1757 1808/1808/1758 1809/1809/1759
f 1807/1807/1757 1809/1809/1759 1810/1810/1760
f 1807/1807/1757 1810/1810/1760 1811/1811/1761
f 1807/1807/1757 1811/1811/1761 1812/1812/1762
f 1807/1807/1757 1812/1812/1762 1813/1813/1763
f 1807/1807/1757 1813/1813/1763 1814/1814/1764
f 1807/1807/1757 1814/1814/1764 1815/1815/1765
f 1807/1807/1757 1815/1815/1765 1816/1816/1766
f 1807/1807/1757 1816/1816/1766 1817/1817/1767
f 1807/1807/1757 1817/1817/1767 1818/1818/1768
f 1807/1807/1757 1818/1818/1768 1819/1819/1769
f 1807/1807/1757 1819/1819/1769 1808/1808/1758
f 1820/1820/1770 1821/1821/1771 1834/1834/1772 1833/1833/1773
f 1821/1821/1771 1822/1822/1774 1835/1835/1775 1834/1834/1772
f 1822/1822/1774 1823/1823/1776 1836/1836/1777 1835/1835/1775
f 1823/1823/1776 1824/1824/1778 1837/1837/1779 1836/1836/1777
f 1824/1824/1778 1825/1825/1780 1838/1838/1781 1837/1837/1779
f 1825/1825/1780 1826/1826/1782 1839/1839/1783 1838/1838/1781
f 1826/1826/1782 1827/1827/1784 1840/1840/1785 1839/1839/1783
f 1827/1827/1784 1828/1828/1786 1841/1841/1787 1840/1840/1785
f 1828/1828/1786 1829/1829/1788 1842/1842/1789 1841/1841/1787
f 1829/1829/1788 1830/1830/1790 1843/1843/1791 1842/1842/1789
f 1830/1830/1790 1831/1831/1792 1844/1844/1793 1843/1843/1791
f 1831/1831/1792 1832/1832/1770 1845/1845/1773 1844/1844/1793
f 1846/1846/1794 1848/1848/1795 1847/1847/1796
f 1846/1846/1794 1849/1849/1797 1848/1848/1795
f 1846/1846/1794 1850/1850/1798 1849/1849/1797
f 1846/1846/1794 1851/1851/1799 1850/1850/1798
f 1846/1846/1794 1852/1852/1800 1851/1851/1799
f 1846/1846/1794 1853/1853/1801 1852/1852/1800
f 1846/1846/1794 1854/1854/1802 1853/1853/1801
f 1846/1846/1794 1855/1855/1803 1854/1854/1802
f 1846/1846/1794 1856/1856/1804 1855/1855/1803
f 1846/1846/1794 1857/1857/1805 1856/1856/1804
f 1846/1846/1794 1858/1858/1806 1857/1857/1805
f 1846/1846/1794 1847/1847/1796 1858/1858/1806
f 1859/1859/1807 1860/1860/1808 1861/1861/1809
f 1859/1859/1807 1861/1861/1809 1862/1862/1810
f 1859/1859/1807 1862/1862/1810 1863/1863/1811
f 1859/1859/1807 1863/1863/1811 1864/1864/1812
f 1859/1859/1807 1864/1864/1812 1865/1865/1813
f 1859/1859/1807 1865/1865/1813 1866/1866/1814
f 1859/1859/1807 1866/1866/1814 1867/1867/1815
f 1859/1859/1807 1867/1867/1815 1868/1868/1816
f 1859/1859/1807 1868/1868/1816 1869/1869/1817
f 1859/1859/1807 1869/1869/1817 1870/1870/1818
f 1859/1859/1807 1870/1870/1818 1871/1871/1819
f 1859/1859/1807 1871/1871/1819 1860/1860/1808

o Stamp_NumberWheels
usemtl Bates_Number_Wheels
v 0.024149 -0.060173 -0.414543
v 0.022574 -0.064427 -0.409001
v 0.021587 -0.070014 -0.404630
v 0.021255 -0.076553 -0.401729
v 0.021602 -0.083599 -0.400495
v 0.022603 -0.090672 -0.401011
v 0.024191 -0.097289 -0.403244
v 0.026256 -0.103000 -0.407040
v 0.028659 -0.107415 -0.412141
v 0.031235 -0.110233 -0.418200
v 0.033810 -0.111264 -0.424803
v 0.036207 -0.110435 -0.431501
v 0.038263 -0.107804 -0.437837
v 0.039838 -0.103550 -0.443379
v 0.040825 -0.097963 -0.447749
v 0.041156 -0.091424 -0.450650
v 0.040810 -0.084378 -0.451885
v 0.039809 -0.077306 -0.451368
v 0.038221 -0.070688 -0.449136
v 0.036156 -0.064978 -0.445339
v 0.033753 -0.060563 -0.440238
v 0.031176 -0.057744 -0.434179
v 0.028602 -0.056714 -0.427576
v 0.026205 -0.057542 -0.420879
v 0.024149 -0.060173 -0.414543
v 0.024640 -0.056109 -0.412037
v 0.022809 -0.061055 -0.405593
v 0.021661 -0.067551 -0.400511
v 0.021276 -0.075155 -0.397137
v 0.021679 -0.083348 -0.395702
v 0.022843 -0.091572 -0.396302
v 0.024689 -0.099267 -0.398898
v 0.027091 -0.105907 -0.403313
v 0.029884 -0.111041 -0.409244
v 0.032880 -0.114318 -0.416289
v 0.035874 -0.115516 -0.423967
v 0.038661 -0.114553 -0.431755
v 0.041052 -0.111494 -0.439122
v 0.042883 -0.106547 -0.445566
v 0.044031 -0.100051 -0.450649
v 0.044416 -0.092447 -0.454022
v 0.044013 -0.084254 -0.455458
v 0.042849 -0.076030 -0.454857
v 0.041003 -0.068336 -0.452261
v 0.038602 -0.061695 -0.447847
v 0.035808 -0.056561 -0.441915
v 0.032812 -0.053284 -0.434870
v 0.029818 -0.052086 -0.427192
v 0.027031 -0.053050 -0.419404
v 0.024640 -0.056109 -0.412037
v 0.032602 -0.055198 -0.409075
v 0.030770 -0.060144 -0.402631
v 0.029623 -0.066641 -0.397549
v 0.029237 -0.074245 -0.394175
v 0.029640 -0.082438 -0.392740
v 0.030804 -0.090662 -0.393340
v 0.032650 -0.098356 -0.395936
v 0.035052 -0.104996 -0.400351
v 0.037846 -0.110130 -0.406282
v 0.040842 -0.113408 -0.413327
v 0.043835 -0.114606 -0.421005
v 0.046622 -0.113642 -0.428793
v 0.049013 -0.110583 -0.436160
v 0.050845 -0.105637 -0.442605
v 0.051993 -0.099140 -0.447687
v 0.052378 -0.091536 -0.451060
v 0.051975 -0.083343 -0.452496
v 0.050811 -0.075119 -0.451895
v 0.048965 -0.067425 -0.449299
v 0.046563 -0.060785 -0.444885
v 0.043769 -0.055651 -0.438953
v 0.040773 -0.052373 -0.431908
v 0.037780 -0.051175 -0.424230
v 0.034993 -0.052139 -0.416442
v 0.032602 -0.055198 -0.409075
v 0.035391 -0.058887 -0.410361
v 0.033816 -0.063141 -0.404819
v 0.032829 -0.068728 -0.400448
v 0.032497 -0.075268 -0.397547
v 0.032844 -0.082314 -0.396312
v 0.033845 -0.089386 -0.396829
v 0.035432 -0.096003 -0.399062
v 0.037498 -0.101714 -0.402858
v 0.039901 -0.106129 -0.407959
v 0.042477 -0.108948 -0.414018
v 0.045052 -0.109978 -0.420621
v 0.047449 -0.109149 -0.427319
v 0.049505 -0.106518 -0.433654
v 0.051080 -0.102264 -0.439196
v 0.052067 -0.096678 -0.443567
v 0.052398 -0.090138 -0.446468
v 0.052052 -0.083092 -0.447703
v 0.051050 -0.076020 -0.447186
v 0.049463 -0.069403 -0.444953
v 0.047397 -0.063692 -0.441157
v 0.044995 -0.059277 -0.436056
v 0.042418 -0.056458 -0.429997
v 0.039844 -0.055428 -0.423394
v 0.037447 -0.056257 -0.416696
v 0.035391 -0.058887 -0.410361
v 0.036621 -0.058747 -0.409903
v 0.035046 -0.063001 -0.404361
v 0.034059 -0.068588 -0.399990
v 0.033727 -0.075127 -0.397089
v 0.034074 -0.082173 -0.395855
v 0.035075 -0.089245 -0.396371
v 0.036663 -0.095862 -0.398604
v 0.038728 -0.101573 -0.402400
v 0.041131 -0.105988 -0.407501
v 0.043707 -0.108807 -0.413560
v 0.046282 -0.109837 -0.420163
v 0.048679 -0.109009 -0.426861
v 0.050735 -0.106378 -0.433197
v 0.052310 -0.102124 -0.438739
v 0.053297 -0.096537 -0.443109
v 0.053628 -0.089998 -0.446011
v 0.053282 -0.082952 -0.447245
v 0.052281 -0.075879 -0.446728
v 0.050693 -0.069262 -0.444496
v 0.048628 -0.063551 -0.440699
v 0.046225 -0.059136 -0.435598
v 0.043648 -0.056317 -0.429539
v 0.041074 -0.055287 -0.422936
v 0.038677 -0.056116 -0.416239
v 0.036621 -0.058747 -0.409903
v 0.037112 -0.054682 -0.407397
v 0.035281 -0.059629 -0.400953
v 0.034133 -0.066125 -0.395871
v 0.033748 -0.073729 -0.392497
v 0.034151 -0.081922 -0.391062
v 0.035315 -0.090146 -0.391662
v 0.037161 -0.097840 -0.394258
v 0.039562 -0.104480 -0.398673
v 0.042356 -0.109614 -0.404604
v 0.045352 -0.112892 -0.411649
v 0.048346 -0.114090 -0.419327
v 0.051133 -0.113126 -0.427115
v 0.053524 -0.110067 -0.434482
v 0.055355 -0.105121 -0.440927
v 0.056503 -0.098624 -0.446009
v 0.056888 -0.091020 -0.449382
v 0.056485 -0.082827 -0.450818
v 0.055321 -0.074603 -0.450217
v 0.053475 -0.066909 -0.447621
v 0.051074 -0.060269 -0.443207
v 0.048280 -0.055135 -0.437275
v 0.045284 -0.051857 -0.430230
v 0.042290 -0.050660 -0.422552
v 0.039503 -0.051623 -0.414764
v 0.037112 -0.054682 -0.407397
v 0.045074 -0.053772 -0.404435
v 0.043242 -0.058718 -0.397991
v 0.042095 -0.065214 -0.392909
v 0.041709 -0.072818 -0.389535
v 0.042112 -0.081011 -0.388100
v 0.043276 -0.089235 -0.388700
v 0.045122 -0.096929 -0.391296
v 0.047524 -0.103570 -0.395711
v 0.050318 -0.108704 -0.401642
v 0.053314 -0.111981 -0.408687
v 0.056307 -0.113179 -0.416365
v 0.059094 -0.112216 -0.424153
v 0.061485 -0.109156 -0.431520
v 0.063317 -0.104210 -0.437965
v 0.064465 -0.097714 -0.443047
v 0.064850 -0.090110 -0.446420
v 0.064447 -0.081917 -0.447856
v 0.063283 -0.073693 -0.447255
v 0.061437 -0.065999 -0.444659
v 0.059035 -0.059358 -0.440245
v 0.056241 -0.054224 -0.434313
v 0.053245 -0.050947 -0.427268
v 0.050252 -0.049749 -0.419590
v 0.047465 -0.050712 -0.411802
v 0.045074 -0.053772 -0.404435
v 0.047863 -0.057461 -0.405721
v 0.046288 -0.061715 -0.400179
v 0.045301 -0.067302 -0.395808
v 0.044969 -0.073841 -0.392907
v 0.045316 -0.080887 -0.391672
v 0.046317 -0.087960 -0.392189
v 0.047904 -0.094577 -0.394422
v 0.049970 -0.100287 -0.398218
v 0.052373 -0.104702 -0.403319
v 0.054949 -0.107521 -0.409378
v 0.057524 -0.108551 -0.415981
v 0.059920 -0.107723 -0.422679
v 0.061977 -0.105092 -0.429014
v 0.063552 -0.100838 -0.434556
v 0.064539 -0.095251 -0.438927
v 0.064870 -0.088712 -0.441828
v 0.064524 -0.081666 -0.443063
v 0.063522 -0.074593 -0.442546
v 0.061935 -0.067976 -0.440313
v 0.059869 -0.062265 -0.436517
v 0.057467 -0.057850 -0.431416
v 0.054890 -0.055032 -0.425357
v 0.052316 -0.054001 -0.418754
v 0.049919 -0.054830 -0.412056
v 0.047863 -0.057461 -0.405721
v 0.049093 -0.057320 -0.405263
v 0.047518 -0.061574 -0.399721
v 0.046531 -0.067161 -0.395351
v 0.046199 -0.073700 -0.392449
v 0.046546 -0.080746 -0.391215
v 0.047547 -0.087819 -0.391731
v 0.049135 -0.094436 -0.393964
v 0.051200 -0.100147 -0.397760
v 0.053603 -0.104562 -0.402862
v 0.056179 -0.107380 -0.408920
v 0.058754 -0.108411 -0.415523
v 0.061151 -0.107582 -0.422221
v 0.063207 -0.104951 -0.428557
v 0.064782 -0.100697 -0.434099
v 0.065769 -0.095110 -0.438469
v 0.066100 -0.088571 -0.441371
v 0.065754 -0.081525 -0.442605
v 0.064752 -0.074452 -0.442088
v 0.063165 -0.067835 -0.439856
v 0.061100 -0.062125 -0.436059
v 0.058697 -0.057710 -0.430958
v 0.056120 -0.054891 -0.424900
v 0.053546 -0.053861 -0.418296
v 0.051149 -0.054689 -0.411599
v 0.049093 -0.057320 -0.405263
v 0.049584 -0.053256 -0.402757
v 0.047753 -0.058202 -0.396313
v 0.046605 -0.064698 -0.391231
v 0.046220 -0.072302 -0.387857
v 0.046623 -0.080495 -0.386422
v 0.047787 -0.088719 -0.387022
v 0.049633 -0.096413 -0.389618
v 0.052034 -0.103054 -0.394033
v 0.054828 -0.108188 -0.399964
v 0.057824 -0.111465 -0.407009
v 0.060818 -0.112663 -0.414687
v 0.063605 -0.111700 -0.422475
v 0.065996 -0.108640 -0.429842
v 0.067827 -0.103694 -0.436287
v 0.068975 -0.097198 -0.441369
v 0.069360 -0.089594 -0.444742
v 0.068957 -0.081401 -0.446178
v 0.067793 -0.073177 -0.445577
v 0.065947 -0.065483 -0.442981
v 0.063545 -0.058842 -0.438567
v 0.060752 -0.053708 -0.432635
v 0.057756 -0.050431 -0.425590
v 0.054762 -0.049233 -0.417912
v 0.051975 -0.050197 -0.410124
v 0.049584 -0.053256 -0.402757
v 0.057546 -0.052345 -0.399795
v 0.055714 -0.057291 -0.393351
v 0.054567 -0.063788 -0.388269
v 0.054181 -0.071392 -0.384895
v 0.054584 -0.079585 -0.383460
v 0.055748 -0.087809 -0.384061
v 0.057594 -0.095503 -0.386657
v 0.059996 -0.102143 -0.391071
v 0.062790 -0.107277 -0.397003
v 0.065786 -0.110555 -0.404047
v 0.068779 -0.111752 -0.411726
v 0.071566 -0.110789 -0.419513
v 0.073957 -0.107730 -0.426881
v 0.075789 -0.102783 -0.433325
v 0.076937 -0.096287 -0.438407
v 0.077322 -0.088683 -0.441780
v 0.076919 -0.080490 -0.443216
v 0.075755 -0.072266 -0.442615
v 0.073909 -0.064572 -0.440019
v 0.071507 -0.057932 -0.435605
v 0.068713 -0.052798 -0.429673
v 0.065717 -0.049520 -0.422628
v 0.062724 -0.048322 -0.414950
v 0.059937 -0.049286 -0.407162
v 0.057546 -0.052345 -0.399795
v 0.060335 -0.056034 -0.401081
v 0.058760 -0.060288 -0.395539
v 0.057773 -0.065875 -0.391168
v 0.057441 -0.072414 -0.388267
v 0.057788 -0.079460 -0.387032
v 0.058789 -0.086533 -0.387549
v 0.060376 -0.093150 -0.389782
v 0.062442 -0.098861 -0.393578
v 0.064845 -0.103276 -0.398679
v 0.067421 -0.106095 -0.404738
v 0.069995 -0.107125 -0.411341
v 0.072392 -0.106296 -0.418039
v 0.074449 -0.103665 -0.424374
v 0.076024 -0.099411 -0.429916
v 0.077011 -0.093825 -0.434287
v 0.077342 -0.087285 -0.437188
v 0.076996 -0.080239 -0.438423
v 0.075994 -0.073167 -0.437906
v 0.074407 -0.066550 -0.435673
v 0.072341 -0.060839 -0.431877
v 0.069939 -0.056424 -0.426776
v 0.067362 -0.053605 -0.420717
v 0.064788 -0.052575 -0.414114
v 0.062391 -0.053404 -0.407416
v 0.060335 -0.056034 -0.401081
v 0.061565 -0.055894 -0.400623
v 0.059990 -0.060148 -0.395081
v 0.059003 -0.065734 -0.390711
v 0.058671 -0.072274 -0.387809
v 0.059018 -0.079320 -0.386575
v 0.060019 -0.086392 -0.387092
v 0.061607 -0.093009 -0.389324
v 0.063672 -0.098720 -0.393120
v 0.066075 -0.103135 -0.398222
v 0.068651 -0.105954 -0.404280
v 0.071226 -0.106984 -0.410883
v 0.073623 -0.106155 -0.417581
v 0.075679 -0.103525 -0.423917
v 0.077254 -0.099271 -0.429459
v 0.078241 -0.093684 -0.433829
v 0.078572 -0.087145 -0.436731
v 0.078226 -0.080099 -0.437965
v 0.077224 -0.073026 -0.437448
v 0.075637 -0.066409 -0.435216
v 0.073572 -0.060698 -0.431420
v 0.071169 -0.056283 -0.426318
v 0.068592 -0.053464 -0.420260
v 0.066018 -0.052434 -0.413656
v 0.063621 -0.053263 -0.406959
v 0.061565 -0.055894 -0.400623
v 0.062056 -0.051829 -0.398117
v 0.060225 -0.056775 -0.391673
v 0.059077 -0.063272 -0.386591
v 0.058692 -0.070876 -0.383217
v 0.059095 -0.079069 -0.381782
v 0.060259 -0.087293 -0.382383
v 0.062105 -0.094987 -0.384979
v 0.064506 -0.101627 -0.389393
v 0.067300 -0.106761 -0.395325
v 0.070296 -0.110039 -0.402369
v 0.073290 -0.111237 -0.410048
v 0.076077 -0.110273 -0.417835
v 0.078468 -0.107214 -0.425203
v 0.080299 -0.102268 -0.431647
v 0.081447 -0.095771 -0.436729
v 0.081832 -0.088167 -0.440102
v 0.081429 -0.079974 -0.441538
v 0.080265 -0.071750 -0.440937
v 0.078419 -0.064056 -0.438341
v 0.076017 -0.057416 -0.433927
v 0.073223 -0.052282 -0.427995
v 0.070228 -0.049004 -0.420950
v 0.067234 -0.047807 -0.413272
v 0.064447 -0.048770 -0.405484
v 0.062056 -0.051829 -0.398117
v 0.070018 -0.050919 -0.395155
v 0.068186 -0.055865 -0.388711
v 0.067038 -0.062361 -0.383629
v 0.066653 -0.069965 -0.380255
v 0.067056 -0.078158 -0.378820
v 0.068220 -0.086382 -0.379421
v 0.070066 -0.094076 -0.382017
v 0.072468 -0.100717 -0.386431
v 0.075262 -0.105851 -0.392363
v 0.078258 -0.109128 -0.399408
v 0.081251 -0.110326 -0.407086
v 0.084038 -0.109362 -0.414874
v 0.086429 -0.106303 -0.422241
v 0.088261 -0.101357 -0.428685
v 0.089408 -0.094861 -0.433767
v 0.089794 -0.087257 -0.437141
v 0.089391 -0.079064 -0.438576
v 0.088227 -0.070840 -0.437975
v 0.086381 -0.063145 -0.435379
v 0.083979 -0.056505 -0.430965
v 0.081185 -0.051371 -0.425033
v 0.078189 -0.048094 -0.417988
v 0.075196 -0.046896 -0.410310
v 0.072409 -0.047859 -0.402522
v 0.070018 -0.050919 -0.395155
v 0.072807 -0.054608 -0.396441
v 0.071231 -0.058862 -0.390899
v 0.070245 -0.064449 -0.386528
v 0.069913 -0.070988 -0.383627
v 0.070260 -0.078034 -0.382393
v 0.071261 -0.085106 -0.382909
v 0.072848 -0.091724 -0.385142
v 0.074914 -0.097434 -0.388938
v 0.077317 -0.101849 -0.394039
v 0.079893 -0.104668 -0.400098
v 0.082467 -0.105698 -0.406701
v 0.084864 -0.104870 -0.413399
v 0.086921 -0.102239 -0.419734
v 0.088496 -0.097985 -0.425276
v 0.089483 -0.092398 -0.429647
v 0.089814 -0.085859 -0.432548
v 0.089467 -0.078813 -0.433783
v 0.088466 -0.071740 -0.433266
v 0.086879 -0.065123 -0.431034
v 0.084813 -0.059412 -0.427237
v 0.082411 -0.054997 -0.422136
v 0.079834 -0.052179 -0.416077
v 0.077260 -0.051148 -0.409474
v 0.074863 -0.051977 -0.402777
v 0.072807 -0.054608 -0.396441
v 0.074037 -0.054467 -0.395983
v 0.072462 -0.058721 -0.390441
v 0.071475 -0.064308 -0.386071
v 0.071143 -0.070847 -0.383169
v 0.071490 -0.077893 -0.381935
v 0.072491 -0.084966 -0.382452
v 0.074078 -0.091583 -0.384684
v 0.076144 -0.097294 -0.388480
v 0.078547 -0.101709 -0.393582
v 0.081123 -0.104527 -0.399640
v 0.083698 -0.105558 -0.406244
v 0.086094 -0.104729 -0.412941
v 0.088151 -0.102098 -0.419277
v 0.089726 -0.097844 -0.424819
v 0.090713 -0.092257 -0.429189
v 0.091044 -0.085718 -0.432091
v 0.090698 -0.078672 -0.433325
v 0.089696 -0.071599 -0.432808
v 0.088109 -0.064982 -0.430576
v 0.086043 -0.059272 -0.426780
v 0.083641 -0.054857 -0.421678
v 0.081064 -0.052038 -0.415620
v 0.078490 -0.051008 -0.409017
v 0.076093 -0.051836 -0.402319
v 0.074037 -0.054467 -0.395983
v 0.074528 -0.050403 -0.393477
v 0.072697 -0.055349 -0.387033
v 0.071549 -0.061845 -0.381951
v 0.071163 -0.069449 -0.378577
v 0.071567 -0.077642 -0.377142
v 0.072731 -0.085866 -0.377743
v 0.074577 -0.093560 -0.380339
v 0.076978 -0.100201 -0.384753
v 0.079772 -0.105335 -0.390685
v 0.082768 -0.108612 -0.397730
v 0.085762 -0.109810 -0.405408
v 0.088549 -0.108847 -0.413196
v 0.090940 -0.105787 -0.420563
v 0.092771 -0.100841 -0.427007
v 0.093919 -0.094345 -0.432089
v 0.094304 -0.086741 -0.435463
v 0.093901 -0.078548 -0.436898
v 0.092737 -0.070324 -0.436297
v 0.090891 -0.062630 -0.433701
v 0.088489 -0.055989 -0.429287
v 0.085695 -0.050855 -0.423355
v 0.082700 -0.047578 -0.416310
v 0.079706 -0.046380 -0.408632
v 0.076919 -0.047343 -0.400844
v 0.074528 -0.050403 -0.393477
v 0.082490 -0.049492 -0.390515
v 0.080658 -0.054438 -0.384071
v 0.079510 -0.060935 -0.378989
v 0.079125 -0.068539 -0.375615
v 0.079528 -0.076732 -0.374180
v 0.080692 -0.084956 -0.374781
v 0.082538 -0.092650 -0.377377
v 0.084940 -0.099290 -0.381791
v 0.087734 -0.104424 -0.387723
v 0.090730 -0.107702 -0.394768
v 0.093723 -0.108899 -0.402446
v 0.096510 -0.107936 -0.410234
v 0.098901 -0.104877 -0.417601
v 0.100733 -0.099930 -0.424045
v 0.101880 -0.093434 -0.429127
v 0.102266 -0.085830 -0.432501
v 0.101863 -0.077637 -0.433936
v 0.100699 -0.069413 -0.433335
v 0.098853 -0.061719 -0.430739
v 0.096451 -0.055079 -0.426325
v 0.093657 -0.049945 -0.420393
v 0.090661 -0.046667 -0.413348
v 0.087668 -0.045469 -0.405670
v 0.084881 -0.046433 -0.397882
v 0.082490 -0.049492 -0.390515
v 0.085279 -0.053181 -0.391801
v 0.083703 -0.057435 -0.386259
v 0.082716 -0.063022 -0.381888
v 0.082385 -0.069561 -0.378987
v 0.082732 -0.076607 -0.377753
v 0.083733 -0.083680 -0.378269
v 0.085320 -0.090297 -0.380502
v 0.087386 -0.096008 -0.384298
v 0.089789 -0.100423 -0.389399
v 0.092365 -0.103242 -0.395458
v 0.094939 -0.104272 -0.402061
v 0.097336 -0.103443 -0.408759
v 0.099392 -0.100812 -0.415095
v 0.100968 -0.096558 -0.420637
v 0.101955 -0.090971 -0.425007
v 0.102286 -0.084432 -0.427908
v 0.101939 -0.077386 -0.429143
v 0.100938 -0.070314 -0.428626
v 0.099351 -0.063697 -0.426394
v 0.097285 -0.057986 -0.422597
v 0.094883 -0.053571 -0.417496
v 0.092306 -0.050752 -0.411437
v 0.089732 -0.049722 -0.404834
v 0.087335 -0.050550 -0.398137
v 0.085279 -0.053181 -0.391801
v 0.086509 -0.053041 -0.391343
v 0.084934 -0.057294 -0.385801
v 0.083947 -0.062881 -0.381431
v 0.083615 -0.069421 -0.378529
v 0.083962 -0.076467 -0.377295
v 0.084963 -0.083539 -0.377812
v 0.086550 -0.090156 -0.380044
v 0.088616 -0.095867 -0.383841
v 0.091019 -0.100282 -0.388942
v 0.093595 -0.103101 -0.395000
v 0.096170 -0.104131 -0.401604
v 0.098566 -0.103302 -0.408301
v 0.100623 -0.100672 -0.414637
v 0.102198 -0.096418 -0.420179
v 0.103185 -0.090831 -0.424549
v 0.103516 -0.084291 -0.427451
v 0.103170 -0.077245 -0.428685
v 0.102168 -0.070173 -0.428169
v 0.100581 -0.063556 -0.425936
v 0.098515 -0.057845 -0.422140
v 0.096113 -0.053430 -0.417038
v 0.093536 -0.050611 -0.410980
v 0.090962 -0.049581 -0.404377
v 0.088565 -0.050410 -0.397679
v 0.086509 -0.053041 -0.391343
v 0.087000 -0.048976 -0.388837
v 0.085168 -0.053922 -0.382393
v 0.084021 -0.060419 -0.377311
v 0.083635 -0.068023 -0.373937
v 0.084039 -0.076216 -0.372502
v 0.085203 -0.084440 -0.373103
v 0.087049 -0.092134 -0.375699
v 0.089450 -0.098774 -0.380113
v 0.092244 -0.103908 -0.386045
v 0.095240 -0.107186 -0.393090
v 0.098234 -0.108384 -0.400768
v 0.101021 -0.107420 -0.408556
v 0.103412 -0.104361 -0.415923
v 0.105243 -0.099415 -0.422367
v 0.106391 -0.092918 -0.427449
v 0.106776 -0.085314 -0.430823
v 0.106373 -0.077121 -0.432258
v 0.105209 -0.068897 -0.431657
v 0.103363 -0.061203 -0.429061
v 0.100961 -0.054563 -0.424647
v 0.098167 -0.049429 -0.418715
v 0.095172 -0.046151 -0.411670
v 0.092178 -0.044953 -0.403992
v 0.089391 -0.045917 -0.396204
v 0.087000 -0.048976 -0.388837
v 0.094962 -0.048065 -0.385875
v 0.093130 -0.053012 -0.379431
v 0.091982 -0.059508 -0.374349
v 0.091597 -0.067112 -0.370975
v 0.092000 -0.075305 -0.369540
v 0.093164 -0.083529 -0.370141
v 0.095010 -0.091223 -0.372737
v 0.097412 -0.097864 -0.377151
v 0.100206 -0.102998 -0.383083
v 0.103202 -0.106275 -0.390128
v 0.106195 -0.107473 -0.397806
v 0.108982 -0.106509 -0.405594
v 0.111373 -0.103450 -0.412961
v 0.113205 -0.098504 -0.419405
v 0.114352 -0.092007 -0.424487
v 0.114738 -0.084404 -0.427861
v 0.114335 -0.076211 -0.429296
v 0.113171 -0.067987 -0.428695
v 0.111325 -0.060292 -0.426099
v 0.108923 -0.053652 -0.421685
v 0.106129 -0.048518 -0.415753
v 0.103133 -0.045241 -0.408708
v 0.100140 -0.044043 -0.401030
v 0.097353 -0.045006 -0.393242
v 0.094962 -0.048065 -0.385875
v 0.097751 -0.051755 -0.387161
v 0.096175 -0.056009 -0.381619
v 0.095188 -0.061596 -0.377248
v 0.094857 -0.068135 -0.374347
v 0.095204 -0.075181 -0.373113
v 0.096205 -0.082253 -0.373629
v 0.097792 -0.088871 -0.375862
v 0.099858 -0.094581 -0.379658
v 0.102261 -0.098996 -0.384760
v 0.104837 -0.101815 -0.390818
v 0.107411 -0.102845 -0.397421
v 0.109808 -0.102017 -0.404119
v 0.111864 -0.099386 -0.410455
v 0.113440 -0.095132 -0.415997
v 0.114427 -0.089545 -0.420367
v 0.114758 -0.083006 -0.423269
v 0.114411 -0.075960 -0.424503
v 0.113410 -0.068887 -0.423986
v 0.111823 -0.062270 -0.421754
v 0.109757 -0.056559 -0.417957
v 0.107354 -0.052144 -0.412856
v 0.104778 -0.049325 -0.406797
v 0.102204 -0.048295 -0.400194
v 0.099807 -0.049124 -0.393497
v 0.097751 -0.051755 -0.387161
v 0.031206 -0.083989 -0.426190
v 0.024149 -0.060173 -0.414543
v 0.022574 -0.064427 -0.409001
v 0.021587 -0.070014 -0.404630
v 0.021255 -0.076553 -0.401729
v 0.021602 -0.083599 -0.400495
v 0.022603 -0.090672 -0.401011
v 0.024191 -0.097289 -0.403244
v 0.026256 -0.103000 -0.407040
v 0.028659 -0.107415 -0.412141
v 0.031235 -0.110233 -0.418200
v 0.033810 -0.111264 -0.424803
v 0.036207 -0.110435 -0.431501
v 0.038263 -0.107804 -0.437837
v 0.039838 -0.103550 -0.443379
v 0.040825 -0.097963 -0.447749
v 0.041156 -0.091424 -0.450650
v 0.040810 -0.084378 -0.451885
v 0.039809 -0.077306 -0.451368
v 0.038221 -0.070688 -0.449136
v 0.036156 -0.064978 -0.445339
v 0.033753 -0.060563 -0.440238
v 0.031176 -0.057744 -0.434179
v 0.028602 -0.056714 -0.427576
v 0.026205 -0.057542 -0.420879
v 0.104808 -0.075570 -0.398808
v 0.097751 -0.051755 -0.387161
v 0.096175 -0.056009 -0.381619
v 0.095188 -0.061596 -0.377248
v 0.094857 -0.068135 -0.374347
v 0.095204 -0.075181 -0.373113
v 0.096205 -0.082253 -0.373629
v 0.097792 -0.088871 -0.375862
v 0.099858 -0.094581 -0.379658
v 0.102261 -0.098996 -0.384760
v 0.104837 -0.101815 -0.390818
v 0.107411 -0.102845 -0.397421
v 0.109808 -0.102017 -0.404119
v 0.111864 -0.099386 -0.410455
v 0.113440 -0.095132 -0.415997
v 0.114427 -0.089545 -0.420367
v 0.114758 -0.083006 -0.423269
v 0.114411 -0.075960 -0.424503
v 0.113410 -0.068887 -0.423986
v 0.111823 -0.062270 -0.421754
v 0.109757 -0.056559 -0.417957
v 0.107354 -0.052144 -0.412856
v 0.104778 -0.049325 -0.406797
v 0.102204 -0.048295 -0.400194
v 0.099807 -0.049124 -0.393497
vt 0.000000 0.008219
vt 0.041667 0.008219
vt 0.083333 0.008219
vt 0.125000 0.008219
vt 0.166667 0.008219
vt 0.208333 0.008219
vt 0.250000 0.008219
vt 0.291667 0.008219
vt 0.333333 0.008219
vt 0.375000 0.008219
vt 0.416667 0.008219
vt 0.458333 0.008219
vt 0.500000 0.008219
vt 0.541667 0.008219
vt 0.583333 0.008219
vt 0.625000 0.008219
vt 0.666667 0.008219
vt 0.708333 0.008219
vt 0.750000 0.008219
vt 0.791667 0.008219
vt 0.833333 0.008219
vt 0.875000 0.008219
vt 0.916667 0.008219
vt 0.958333 0.008219
vt 1.000000 0.008219
vt 0.000000 0.030137
vt 0.041667 0.030137
vt 0.083333 0.030137
vt 0.125000 0.030137
vt 0.166667 0.030137
vt 0.208333 0.030137
vt 0.250000 0.030137
vt 0.291667 0.030137
vt 0.333333 0.030137
vt 0.375000 0.030137
vt 0.416667 0.030137
vt 0.458333 0.030137
vt 0.500000 0.030137
vt 0.541667 0.030137
vt 0.583333 0.030137
vt 0.625000 0.030137
vt 0.666667 0.030137
vt 0.708333 0.030137
vt 0.750000 0.030137
vt 0.791667 0.030137
vt 0.833333 0.030137
vt 0.875000 0.030137
vt 0.916667 0.030137
vt 0.958333 0.030137
vt 1.000000 0.030137
vt 0.000000 0.136530
vt 0.041667 0.136530
vt 0.083333 0.136530
vt 0.125000 0.136530
vt 0.166667 0.136530
vt 0.208333 0.136530
vt 0.250000 0.136530
vt 0.291667 0.136530
vt 0.333333 0.136530
vt 0.375000 0.136530
vt 0.416667 0.136530
vt 0.458333 0.136530
vt 0.500000 0.136530
vt 0.541667 0.136530
vt 0.583333 0.136530
vt 0.625000 0.136530
vt 0.666667 0.136530
vt 0.708333 0.136530
vt 0.750000 0.136530
vt 0.791667 0.136530
vt 0.833333 0.136530
vt 0.875000 0.136530
vt 0.916667 0.136530
vt 0.958333 0.136530
vt 1.000000 0.136530
vt 0.000000 0.158447
vt 0.041667 0.158447
vt 0.083333 0.158447
vt 0.125000 0.158447
vt 0.166667 0.158447
vt 0.208333 0.158447
vt 0.250000 0.158447
vt 0.291667 0.158447
vt 0.333333 0.158447
vt 0.375000 0.158447
vt 0.416667 0.158447
vt 0.458333 0.158447
vt 0.500000 0.158447
vt 0.541667 0.158447
vt 0.583333 0.158447
vt 0.625000 0.158447
vt 0.666667 0.158447
vt 0.708333 0.158447
vt 0.750000 0.158447
vt 0.791667 0.158447
vt 0.833333 0.158447
vt 0.875000 0.158447
vt 0.916667 0.158447
vt 0.958333 0.158447
vt 1.000000 0.158447
vt 0.000000 0.174886
vt 0.041667 0.174886
vt 0.083333 0.174886
vt 0.125000 0.174886
vt 0.166667 0.174886
vt 0.208333 0.174886
vt 0.250000 0.174886
vt 0.291667 0.174886
vt 0.333333 0.174886
vt 0.375000 0.174886
vt 0.416667 0.174886
vt 0.458333 0.174886
vt 0.500000 0.174886
vt 0.541667 0.174886
vt 0.583333 0.174886
vt 0.625000 0.174886
vt 0.666667 0.174886
vt 0.708333 0.174886
vt 0.750000 0.174886
vt 0.791667 0.174886
vt 0.833333 0.174886
vt 0.875000 0.174886
vt 0.916667 0.174886
vt 0.958333 0.174886
vt 1.000000 0.174886
vt 0.000000 0.196804
vt 0.041667 0.196804
vt 0.083333 0.196804
vt 0.125000 0.196804
vt 0.166667 0.196804
vt 0.208333 0.196804
vt 0.250000 0.196804
vt 0.291667 0.196804
vt 0.333333 0.196804
vt 0.375000 0.196804
vt 0.416667 0.196804
vt 0.458333 0.196804
vt 0.500000 0.196804
vt 0.541667 0.196804
vt 0.583333 0.196804
vt 0.625000 0.196804
vt 0.666667 0.196804
vt 0.708333 0.196804
vt 0.750000 0.196804
vt 0.791667 0.196804
vt 0.833333 0.196804
vt 0.875000 0.196804
vt 0.916667 0.196804
vt 0.958333 0.196804
vt 1.000000 0.196804
vt 0.000000 0.303196
vt 0.041667 0.303196
vt 0.083333 0.303196
vt 0.125000 0.303196
vt 0.166667 0.303196
vt 0.208333 0.303196
vt 0.250000 0.303196
vt 0.291667 0.303196
vt 0.333333 0.303196
vt 0.375000 0.303196
vt 0.416667 0.303196
vt 0.458333 0.303196
vt 0.500000 0.303196
vt 0.541667 0.303196
vt 0.583333 0.303196
vt 0.625000 0.303196
vt 0.666667 0.303196
vt 0.708333 0.303196
vt 0.750000 0.303196
vt 0.791667 0.303196
vt 0.833333 0.303196
vt 0.875000 0.303196
vt 0.916667 0.303196
vt 0.958333 0.303196
vt 1.000000 0.303196
vt 0.000000 0.325114
vt 0.041667 0.325114
vt 0.083333 0.325114
vt 0.125000 0.325114
vt 0.166667 0.325114
vt 0.208333 0.325114
vt 0.250000 0.325114
vt 0.291667 0.325114
vt 0.333333 0.325114
vt 0.375000 0.325114
vt 0.416667 0.325114
vt 0.458333 0.325114
vt 0.500000 0.325114
vt 0.541667 0.325114
vt 0.583333 0.325114
vt 0.625000 0.325114
vt 0.666667 0.325114
vt 0.708333 0.325114
vt 0.750000 0.325114
vt 0.791667 0.325114
vt 0.833333 0.325114
vt 0.875000 0.325114
vt 0.916667 0.325114
vt 0.958333 0.325114
vt 1.000000 0.325114
vt 0.000000 0.341553
vt 0.041667 0.341553
vt 0.083333 0.341553
vt 0.125000 0.341553
vt 0.166667 0.341553
vt 0.208333 0.341553
vt 0.250000 0.341553
vt 0.291667 0.341553
vt 0.333333 0.341553
vt 0.375000 0.341553
vt 0.416667 0.341553
vt 0.458333 0.341553
vt 0.500000 0.341553
vt 0.541667 0.341553
vt 0.583333 0.341553
vt 0.625000 0.341553
vt 0.666667 0.341553
vt 0.708333 0.341553
vt 0.750000 0.341553
vt 0.791667 0.341553
vt 0.833333 0.341553
vt 0.875000 0.341553
vt 0.916667 0.341553
vt 0.958333 0.341553
vt 1.000000 0.341553
vt 0.000000 0.363470
vt 0.041667 0.363470
vt 0.083333 0.363470
vt 0.125000 0.363470
vt 0.166667 0.363470
vt 0.208333 0.363470
vt 0.250000 0.363470
vt 0.291667 0.363470
vt 0.333333 0.363470
vt 0.375000 0.363470
vt 0.416667 0.363470
vt 0.458333 0.363470
vt 0.500000 0.363470
vt 0.541667 0.363470
vt 0.583333 0.363470
vt 0.625000 0.363470
vt 0.666667 0.363470
vt 0.708333 0.363470
vt 0.750000 0.363470
vt 0.791667 0.363470
vt 0.833333 0.363470
vt 0.875000 0.363470
vt 0.916667 0.363470
vt 0.958333 0.363470
vt 1.000000 0.363470
vt 0.000000 0.469863
vt 0.041667 0.469863
vt 0.083333 0.469863
vt 0.125000 0.469863
vt 0.166667 0.469863
vt 0.208333 0.469863
vt 0.250000 0.469863
vt 0.291667 0.469863
vt 0.333333 0.469863
vt 0.375000 0.469863
vt 0.416667 0.469863
vt 0.458333 0.469863
vt 0.500000 0.469863
vt 0.541667 0.469863
vt 0.583333 0.469863
vt 0.625000 0.469863
vt 0.666667 0.469863
vt 0.708333 0.469863
vt 0.750000 0.469863
vt 0.791667 0.469863
vt 0.833333 0.469863
vt 0.875000 0.469863
vt 0.916667 0.469863
vt 0.958333 0.469863
vt 1.000000 0.469863
vt 0.000000 0.491781
vt 0.041667 0.491781
vt 0.083333 0.491781
vt 0.125000 0.491781
vt 0.166667 0.491781
vt 0.208333 0.491781
vt 0.250000 0.491781
vt 0.291667 0.491781
vt 0.333333 0.491781
vt 0.375000 0.491781
vt 0.416667 0.491781
vt 0.458333 0.491781
vt 0.500000 0.491781
vt 0.541667 0.491781
vt 0.583333 0.491781
vt 0.625000 0.491781
vt 0.666667 0.491781
vt 0.708333 0.491781
vt 0.750000 0.491781
vt 0.791667 0.491781
vt 0.833333 0.491781
vt 0.875000 0.491781
vt 0.916667 0.491781
vt 0.958333 0.491781
vt 1.000000 0.491781
vt 0.000000 0.508219
vt 0.041667 0.508219
vt 0.083333 0.508219
vt 0.125000 0.508219
vt 0.166667 0.508219
vt 0.208333 0.508219
vt 0.250000 0.508219
vt 0.291667 0.508219
vt 0.333333 0.508219
vt 0.375000 0.508219
vt 0.416667 0.508219
vt 0.458333 0.508219
vt 0.500000 0.508219
vt 0.541667 0.508219
vt 0.583333 0.508219
vt 0.625000 0.508219
vt 0.666667 0.508219
vt 0.708333 0.508219
vt 0.750000 0.508219
vt 0.791667 0.508219
vt 0.833333 0.508219
vt 0.875000 0.508219
vt 0.916667 0.508219
vt 0.958333 0.508219
vt 1.000000 0.508219
vt 0.000000 0.530137
vt 0.041667 0.530137
vt 0.083333 0.530137
vt 0.125000 0.530137
vt 0.166667 0.530137
vt 0.208333 0.530137
vt 0.250000 0.530137
vt 0.291667 0.530137
vt 0.333333 0.530137
vt 0.375000 0.530137
vt 0.416667 0.530137
vt 0.458333 0.530137
vt 0.500000 0.530137
vt 0.541667 0.530137
vt 0.583333 0.530137
vt 0.625000 0.530137
vt 0.666667 0.530137
vt 0.708333 0.530137
vt 0.750000 0.530137
vt 0.791667 0.530137
vt 0.833333 0.530137
vt 0.875000 0.530137
vt 0.916667 0.530137
vt 0.958333 0.530137
vt 1.000000 0.530137
vt 0.000000 0.636530
vt 0.041667 0.636530
vt 0.083333 0.636530
vt 0.125000 0.636530
vt 0.166667 0.636530
vt 0.208333 0.636530
vt 0.250000 0.636530
vt 0.291667 0.636530
vt 0.333333 0.636530
vt 0.375000 0.636530
vt 0.416667 0.636530
vt 0.458333 0.636530
vt 0.500000 0.636530
vt 0.541667 0.636530
vt 0.583333 0.636530
vt 0.625000 0.636530
vt 0.666667 0.636530
vt 0.708333 0.636530
vt 0.750000 0.636530
vt 0.791667 0.636530
vt 0.833333 0.636530
vt 0.875000 0.636530
vt 0.916667 0.636530
vt 0.958333 0.636530
vt 1.000000 0.636530
vt 0.000000 0.658447
vt 0.041667 0.658447
vt 0.083333 0.658447
vt 0.125000 0.658447
vt 0.166667 0.658447
vt 0.208333 0.658447
vt 0.250000 0.658447
vt 0.291667 0.658447
vt 0.333333 0.658447
vt 0.375000 0.658447
vt 0.416667 0.658447
vt 0.458333 0.658447
vt 0.500000 0.658447
vt 0.541667 0.658447
vt 0.583333 0.658447
vt 0.625000 0.658447
vt 0.666667 0.658447
vt 0.708333 0.658447
vt 0.750000 0.658447
vt 0.791667 0.658447
vt 0.833333 0.658447
vt 0.875000 0.658447
vt 0.916667 0.658447
vt 0.958333 0.658447
vt 1.000000 0.658447
vt 0.000000 0.674886
vt 0.041667 0.674886
vt 0.083333 0.674886
vt 0.125000 0.674886
vt 0.166667 0.674886
vt 0.208333 0.674886
vt 0.250000 0.674886
vt 0.291667 0.674886
vt 0.333333 0.674886
vt 0.375000 0.674886
vt 0.416667 0.674886
vt 0.458333 0.674886
vt 0.500000 0.674886
vt 0.541667 0.674886
vt 0.583333 0.674886
vt 0.625000 0.674886
vt 0.666667 0.674886
vt 0.708333 0.674886
vt 0.750000 0.674886
vt 0.791667 0.674886
vt 0.833333 0.674886
vt 0.875000 0.674886
vt 0.916667 0.674886
vt 0.958333 0.674886
vt 1.000000 0.674886
vt 0.000000 0.696804
vt 0.041667 0.696804
vt 0.083333 0.696804
vt 0.125000 0.696804
vt 0.166667 0.696804
vt 0.208333 0.696804
vt 0.250000 0.696804
vt 0.291667 0.696804
vt 0.333333 0.696804
vt 0.375000 0.696804
vt 0.416667 0.696804
vt 0.458333 0.696804
vt 0.500000 0.696804
vt 0.541667 0.696804
vt 0.583333 0.696804
vt 0.625000 0.696804
vt 0.666667 0.696804
vt 0.708333 0.696804
vt 0.750000 0.696804
vt 0.791667 0.696804
vt 0.833333 0.696804
vt 0.875000 0.696804
vt 0.916667 0.696804
vt 0.958333 0.696804
vt 1.000000 0.696804
vt 0.000000 0.803196
vt 0.041667 0.803196
vt 0.083333 0.803196
vt 0.125000 0.803196
vt 0.166667 0.803196
vt 0.208333 0.803196
vt 0.250000 0.803196
vt 0.291667 0.803196
vt 0.333333 0.803196
vt 0.375000 0.803196
vt 0.416667 0.803196
vt 0.458333 0.803196
vt 0.500000 0.803196
vt 0.541667 0.803196
vt 0.583333 0.803196
vt 0.625000 0.803196
vt 0.666667 0.803196
vt 0.708333 0.803196
vt 0.750000 0.803196
vt 0.791667 0.803196
vt 0.833333 0.803196
vt 0.875000 0.803196
vt 0.916667 0.803196
vt 0.958333 0.803196
vt 1.000000 0.803196
vt 0.000000 0.825114
vt 0.041667 0.825114
vt 0.083333 0.825114
vt 0.125000 0.825114
vt 0.166667 0.825114
vt 0.208333 0.825114
vt 0.250000 0.825114
vt 0.291667 0.825114
vt 0.333333 0.825114
vt 0.375000 0.825114
vt 0.416667 0.825114
vt 0.458333 0.825114
vt 0.500000 0.825114
vt 0.541667 0.825114
vt 0.583333 0.825114
vt 0.625000 0.825114
vt 0.666667 0.825114
vt 0.708333 0.825114
vt 0.750000 0.825114
vt 0.791667 0.825114
vt 0.833333 0.825114
vt 0.875000 0.825114
vt 0.916667 0.825114
vt 0.958333 0.825114
vt 1.000000 0.825114
vt 0.000000 0.841553
vt 0.041667 0.841553
vt 0.083333 0.841553
vt 0.125000 0.841553
vt 0.166667 0.841553
vt 0.208333 0.841553
vt 0.250000 0.841553
vt 0.291667 0.841553
vt 0.333333 0.841553
vt 0.375000 0.841553
vt 0.416667 0.841553
vt 0.458333 0.841553
vt 0.500000 0.841553
vt 0.541667 0.841553
vt 0.583333 0.841553
vt 0.625000 0.841553
vt 0.666667 0.841553
vt 0.708333 0.841553
vt 0.750000 0.841553
vt 0.791667 0.841553
vt 0.833333 0.841553
vt 0.875000 0.841553
vt 0.916667 0.841553
vt 0.958333 0.841553
vt 1.000000 0.841553
vt 0.000000 0.863470
vt 0.041667 0.863470
vt 0.083333 0.863470
vt 0.125000 0.863470
vt 0.166667 0.863470
vt 0.208333 0.863470
vt 0.250000 0.863470
vt 0.291667 0.863470
vt 0.333333 0.863470
vt 0.375000 0.863470
vt 0.416667 0.863470
vt 0.458333 0.863470
vt 0.500000 0.863470
vt 0.541667 0.863470
vt 0.583333 0.863470
vt 0.625000 0.863470
vt 0.666667 0.863470
vt 0.708333 0.863470
vt 0.750000 0.863470
vt 0.791667 0.863470
vt 0.833333 0.863470
vt 0.875000 0.863470
vt 0.916667 0.863470
vt 0.958333 0.863470
vt 1.000000 0.863470
vt 0.000000 0.969863
vt 0.041667 0.969863
vt 0.083333 0.969863
vt 0.125000 0.969863
vt 0.166667 0.969863
vt 0.208333 0.969863
vt 0.250000 0.969863
vt 0.291667 0.969863
vt 0.333333 0.969863
vt 0.375000 0.969863
vt 0.416667 0.969863
vt 0.458333 0.969863
vt 0.500000 0.969863
vt 0.541667 0.969863
vt 0.583333 0.969863
vt 0.625000 0.969863
vt 0.666667 0.969863
vt 0.708333 0.969863
vt 0.750000 0.969863
vt 0.791667 0.969863
vt 0.833333 0.969863
vt 0.875000 0.969863
vt 0.916667 0.969863
vt 0.958333 0.969863
vt 1.000000 0.969863
vt 0.000000 0.991781
vt 0.041667 0.991781
vt 0.083333 0.991781
vt 0.125000 0.991781
vt 0.166667 0.991781
vt 0.208333 0.991781
vt 0.250000 0.991781
vt 0.291667 0.991781
vt 0.333333 0.991781
vt 0.375000 0.991781
vt 0.416667 0.991781
vt 0.458333 0.991781
vt 0.500000 0.991781
vt 0.541667 0.991781
vt 0.583333 0.991781
vt 0.625000 0.991781
vt 0.666667 0.991781
vt 0.708333 0.991781
vt 0.750000 0.991781
vt 0.791667 0.991781
vt 0.833333 0.991781
vt 0.875000 0.991781
vt 0.916667 0.991781
vt 0.958333 0.991781
vt 1.000000 0.991781
vt 0.500000 0.500000
vt 0.950000 0.500000
vt 0.934667 0.616469
vt 0.889711 0.725000
vt 0.818198 0.818198
vt 0.725000 0.889711
vt 0.616469 0.934667
vt 0.500000 0.950000
vt 0.383531 0.934667
vt 0.275000 0.889711
vt 0.181802 0.818198
vt 0.110289 0.725000
vt 0.065333 0.616469
vt 0.050000 0.500000
vt 0.065333 0.383531
vt 0.110289 0.275000
vt 0.181802 0.181802
vt 0.275000 0.110289
vt 0.383531 0.065333
vt 0.500000 0.050000
vt 0.616469 0.065333
vt 0.725000 0.110289
vt 0.818198 0.181802
vt 0.889711 0.275000
vt 0.934667 0.383531
vt 0.500000 0.500000
vt 0.950000 0.500000
vt 0.934667 0.616469
vt 0.889711 0.725000
vt 0.818198 0.818198
vt 0.725000 0.889711
vt 0.616469 0.934667
vt 0.500000 0.950000
vt 0.383531 0.934667
vt 0.275000 0.889711
vt 0.181802 0.818198
vt 0.110289 0.725000
vt 0.065333 0.616469
vt 0.050000 0.500000
vt 0.065333 0.383531
vt 0.110289 0.275000
vt 0.181802 0.181802
vt 0.275000 0.110289
vt 0.383531 0.065333
vt 0.500000 0.050000
vt 0.616469 0.065333
vt 0.725000 0.110289
vt 0.818198 0.181802
vt 0.889711 0.275000
vt 0.934667 0.383531
vn -0.961318 0.219118 -0.166896
vn -0.982371 0.162267 -0.092829
vn -0.643371 0.619944 0.449159
vn -0.590206 0.763513 0.262116
vn -0.995561 0.087599 -0.034418
vn -0.676681 0.431383 0.596667
vn -0.999990 0.000204 0.004357
vn -0.687867 0.210680 0.694588
vn -0.995357 -0.093963 0.020854
vn -0.676166 -0.027124 0.736250
vn -0.981977 -0.188485 0.013949
vn -0.642377 -0.265824 0.718811
vn -0.960762 -0.276919 -0.015888
vn -0.588801 -0.489152 0.643462
vn -0.933157 -0.353241 -0.066624
vn -0.519090 -0.681890 0.515337
vn -0.901044 -0.412247 -0.134800
vn -0.437994 -0.830902 0.343167
vn -0.866612 -0.449918 -0.215772
vn -0.351040 -0.926033 0.138686
vn -0.832206 -0.463685 -0.304020
vn -0.264154 -0.960801 -0.084171
vn -0.800172 -0.452612 -0.393532
vn -0.183257 -0.932835 -0.310218
vn -0.772693 -0.417451 -0.478206
vn -0.113862 -0.844043 -0.524049
vn -0.751640 -0.360600 -0.552272
vn -0.060697 -0.700474 -0.711092
vn -0.738450 -0.285933 -0.610683
vn -0.027387 -0.511913 -0.858600
vn -0.734021 -0.198537 -0.649459
vn -0.016201 -0.291211 -0.956522
vn -0.738654 -0.104370 -0.665956
vn -0.027902 -0.053406 -0.998183
vn -0.752034 -0.009849 -0.659051
vn -0.061691 0.185294 -0.980745
vn -0.773249 0.078586 -0.629214
vn -0.115267 0.408622 -0.905396
vn -0.800854 0.154908 -0.578478
vn -0.184978 0.601360 -0.777270
vn -0.832967 0.213914 -0.510301
vn -0.266074 0.750372 -0.605101
vn -0.867399 0.251585 -0.429329
vn -0.353028 0.845503 -0.400620
vn -0.901805 0.265352 -0.341081
vn -0.439914 0.880271 -0.177762
vn -0.933839 0.254278 -0.251570
vn -0.520811 0.852305 0.048285
vn 0.060697 0.700474 0.711092
vn 0.113862 0.844043 0.524049
vn 0.027387 0.511913 0.858600
vn 0.016201 0.291211 0.956522
vn 0.027902 0.053406 0.998183
vn 0.061691 -0.185294 0.980745
vn 0.115267 -0.408622 0.905396
vn 0.184978 -0.601360 0.777270
vn 0.266074 -0.750372 0.605101
vn 0.353028 -0.845503 0.400620
vn 0.439914 -0.880271 0.177762
vn 0.520811 -0.852305 -0.048285
vn 0.590206 -0.763513 -0.262116
vn 0.643371 -0.619944 -0.449159
vn 0.676681 -0.431383 -0.596667
vn 0.687867 -0.210680 -0.694588
vn 0.676166 0.027124 -0.736250
vn 0.642377 0.265824 -0.718811
vn 0.588801 0.489152 -0.643462
vn 0.519090 0.681890 -0.515337
vn 0.437994 0.830902 -0.343167
vn 0.351040 0.926033 -0.138686
vn 0.264154 0.960801 0.084171
vn 0.183257 0.932835 0.310218
vn 0.600453 0.484487 0.636183
vn 0.632328 0.570563 0.524041
vn 0.580482 0.371435 0.724622
vn 0.573775 0.239112 0.783331
vn 0.580790 0.096536 0.808309
vn 0.601049 -0.046577 0.797854
vn 0.633170 -0.180474 0.752678
vn 0.674966 -0.296030 0.675861
vn 0.723587 -0.385370 0.572636
vn 0.775720 -0.442406 0.450039
vn 0.827813 -0.463251 0.316424
vn 0.876315 -0.446484 0.180898
vn 0.917921 -0.393249 0.052695
vn 0.949795 -0.307172 -0.059447
vn 0.969767 -0.194120 -0.147886
vn 0.976473 -0.061797 -0.206594
vn 0.969458 0.080779 -0.231573
vn 0.949200 0.223891 -0.221117
vn 0.917078 0.357788 -0.175942
vn 0.875283 0.473344 -0.099124
vn 0.826661 0.562685 0.004101
vn 0.774528 0.619721 0.126697
vn 0.722436 0.640566 0.260312
vn 0.673934 0.623799 0.395839
vn -0.949795 0.307172 0.059447
vn -0.917921 0.393249 -0.052695
vn -0.969767 0.194120 0.147886
vn -0.976473 0.061797 0.206594
vn -0.969458 -0.080779 0.231573
vn -0.949200 -0.223891 0.221117
vn -0.917078 -0.357788 0.175942
vn -0.875283 -0.473344 0.099124
vn -0.826661 -0.562685 -0.004101
vn -0.774528 -0.619721 -0.126697
vn -0.722436 -0.640566 -0.260312
vn -0.673934 -0.623799 -0.395839
vn -0.632328 -0.570563 -0.524041
vn -0.600453 -0.484487 -0.636183
vn -0.580482 -0.371435 -0.724622
vn -0.573775 -0.239112 -0.783331
vn -0.580790 -0.096536 -0.808309
vn -0.601049 0.046577 -0.797854
vn -0.633170 0.180474 -0.752678
vn -0.674966 0.296030 -0.675861
vn -0.723587 0.385370 -0.572636
vn -0.775720 0.442406 -0.450039
vn -0.827813 0.463251 -0.316424
vn -0.876315 0.446484 -0.180898
vn -0.643371 0.619944 0.449159
vn -0.590206 0.763513 0.262116
vn -0.676681 0.431383 0.596667
vn -0.687867 0.210680 0.694588
vn -0.676166 -0.027124 0.736250
vn -0.642377 -0.265824 0.718811
vn -0.588801 -0.489152 0.643462
vn -0.519090 -0.681890 0.515337
vn -0.437994 -0.830902 0.343167
vn -0.351040 -0.926033 0.138686
vn -0.264154 -0.960801 -0.084171
vn -0.183257 -0.932835 -0.310218
vn -0.113862 -0.844043 -0.524049
vn -0.060697 -0.700474 -0.711092
vn -0.027387 -0.511913 -0.858600
vn -0.016201 -0.291211 -0.956522
vn -0.027902 -0.053406 -0.998183
vn -0.061691 0.185294 -0.980745
vn -0.115267 0.408622 -0.905396
vn -0.184978 0.601360 -0.777270
vn -0.266074 0.750372 -0.605101
vn -0.353028 0.845503 -0.400620
vn -0.439914 0.880271 -0.177762
vn -0.520811 0.852305 0.048285
vn 0.060697 0.700474 0.711092
vn 0.113862 0.844043 0.524049
vn 0.027387 0.511913 0.858600
vn 0.016201 0.291211 0.956522
vn 0.027902 0.053406 0.998183
vn 0.061691 -0.185294 0.980745
vn 0.115267 -0.408622 0.905396
vn 0.184978 -0.601360 0.777270
vn 0.266074 -0.750372 0.605101
vn 0.353028 -0.845503 0.400620
vn 0.439914 -0.880271 0.177762
vn 0.520811 -0.852305 -0.048285
vn 0.590206 -0.763513 -0.262116
vn 0.643371 -0.619944 -0.449159
vn 0.676681 -0.431383 -0.596667
vn 0.687867 -0.210680 -0.694588
vn 0.676166 0.027124 -0.736250
vn 0.642377 0.265824 -0.718811
vn 0.588801 0.489152 -0.643462
vn 0.519090 0.681890 -0.515337
vn 0.437994 0.830902 -0.343167
vn 0.351040 0.926033 -0.138686
vn 0.264154 0.960801 0.084171
vn 0.183257 0.932835 0.310218
vn 0.600453 0.484487 0.636183
vn 0.632328 0.570563 0.524041
vn 0.580482 0.371435 0.724622
vn 0.573775 0.239112 0.783331
vn 0.580790 0.096536 0.808309
vn 0.601049 -0.046577 0.797854
vn 0.633170 -0.180474 0.752678
vn 0.674966 -0.296030 0.675861
vn 0.723587 -0.385370 0.572636
vn 0.775720 -0.442406 0.450039
vn 0.827813 -0.463251 0.316424
vn 0.876315 -0.446484 0.180898
vn 0.917921 -0.393249 0.052695
vn 0.949795 -0.307172 -0.059447
vn 0.969767 -0.194120 -0.147886
vn 0.976473 -0.061797 -0.206594
vn 0.969458 0.080779 -0.231573
vn 0.949200 0.223891 -0.221117
vn 0.917078 0.357788 -0.175942
vn 0.875283 0.473344 -0.099124
vn 0.826661 0.562685 0.004101
vn 0.774528 0.619721 0.126697
vn 0.722436 0.640566 0.260312
vn 0.673934 0.623799 0.395839
vn -0.949795 0.307172 0.059447
vn -0.917921 0.393249 -0.052695
vn -0.969767 0.194120 0.147886
vn -0.976473 0.061797 0.206594
vn -0.969458 -0.080779 0.231573
vn -0.949200 -0.223891 0.221117
vn -0.917078 -0.357788 0.175942
vn -0.875283 -0.473344 0.099124
vn -0.826661 -0.562685 -0.004101
vn -0.774528 -0.619721 -0.126697
vn -0.722436 -0.640566 -0.260312
vn -0.673934 -0.623799 -0.395839
vn -0.632328 -0.570563 -0.524041
vn -0.600453 -0.484487 -0.636183
vn -0.580482 -0.371435 -0.724622
vn -0.573775 -0.239112 -0.783331
vn -0.580790 -0.096536 -0.808309
vn -0.601049 0.046577 -0.797854
vn -0.633170 0.180474 -0.752678
vn -0.674966 0.296030 -0.675861
vn -0.723587 0.385370 -0.572636
vn -0.775720 0.442406 -0.450039
vn -0.827813 0.463251 -0.316424
vn -0.876315 0.446484 -0.180898
vn -0.643371 0.619944 0.449159
vn -0.590206 0.763513 0.262116
vn -0.676681 0.431383 0.596667
vn -0.687867 0.210680 0.694588
vn -0.676166 -0.027124 0.736250
vn -0.642377 -0.265824 0.718811
vn -0.588801 -0.489152 0.643462
vn -0.519090 -0.681890 0.515337
vn -0.437994 -0.830902 0.343167
vn -0.351040 -0.926033 0.138686
vn -0.264154 -0.960801 -0.084171
vn -0.183257 -0.932835 -0.310218
vn -0.113862 -0.844043 -0.524049
vn -0.060697 -0.700474 -0.711092
vn -0.027387 -0.511913 -0.858600
vn -0.016201 -0.291211 -0.956522
vn -0.027902 -0.053406 -0.998183
vn -0.061691 0.185294 -0.980745
vn -0.115267 0.408622 -0.905396
vn -0.184978 0.601360 -0.777270
vn -0.266074 0.750372 -0.605101
vn -0.353028 0.845503 -0.400620
vn -0.439914 0.880271 -0.177762
vn -0.520811 0.852305 0.048285
vn 0.060697 0.700474 0.711092
vn 0.113862 0.844043 0.524049
vn 0.027387 0.511913 0.858600
vn 0.016201 0.291211 0.956522
vn 0.027902 0.053406 0.998183
vn 0.061691 -0.185294 0.980745
vn 0.115267 -0.408622 0.905396
vn 0.184978 -0.601360 0.777270
vn 0.266074 -0.750372 0.605101
vn 0.353028 -0.845503 0.400620
vn 0.439914 -0.880271 0.177762
vn 0.520811 -0.852305 -0.048285
vn 0.590206 -0.763513 -0.262116
vn 0.643371 -0.619944 -0.449159
vn 0.676681 -0.431383 -0.596667
vn 0.687867 -0.210680 -0.694588
vn 0.676166 0.027124 -0.736250
vn 0.642377 0.265824 -0.718811
vn 0.588801 0.489152 -0.643462
vn 0.519090 0.681890 -0.515337
vn 0.437994 0.830902 -0.343167
vn 0.351040 0.926033 -0.138686
vn 0.264154 0.960801 0.084171
vn 0.183257 0.932835 0.310218
vn 0.600453 0.484487 0.636183
vn 0.632328 0.570563 0.524041
vn 0.580482 0.371435 0.724622
vn 0.573775 0.239112 0.783331
vn 0.580790 0.096536 0.808309
vn 0.601049 -0.046577 0.797854
vn 0.633170 -0.180474 0.752678
vn 0.674966 -0.296030 0.675861
vn 0.723587 -0.385370 0.572636
vn 0.775720 -0.442406 0.450039
vn 0.827813 -0.463251 0.316424
vn 0.876315 -0.446484 0.180898
vn 0.917921 -0.393249 0.052695
vn 0.949795 -0.307172 -0.059447
vn 0.969767 -0.194120 -0.147886
vn 0.976473 -0.061797 -0.206594
vn 0.969458 0.080779 -0.231573
vn 0.949200 0.223891 -0.221117
vn 0.917078 0.357788 -0.175942
vn 0.875283 0.473344 -0.099124
vn 0.826661 0.562685 0.004101
vn 0.774528 0.619721 0.126697
vn 0.722436 0.640566 0.260312
vn 0.673934 0.623799 0.395839
vn -0.949795 0.307172 0.059447
vn -0.917921 0.393249 -0.052695
vn -0.969767 0.194120 0.147886
vn -0.976473 0.061797 0.206594
vn -0.969458 -0.080779 0.231573
vn -0.949200 -0.223891 0.221117
vn -0.917078 -0.357788 0.175942
vn -0.875283 -0.473344 0.099124
vn -0.826661 -0.562685 -0.004101
vn -0.774528 -0.619721 -0.126697
vn -0.722436 -0.640566 -0.260312
vn -0.673934 -0.623799 -0.395839
vn -0.632328 -0.570563 -0.524041
vn -0.600453 -0.484487 -0.636183
vn -0.580482 -0.371435 -0.724622
vn -0.573775 -0.239112 -0.783331
vn -0.580790 -0.096536 -0.808309
vn -0.601049 0.046577 -0.797854
vn -0.633170 0.180474 -0.752678
vn -0.674966 0.296030 -0.675861
vn -0.723587 0.385370 -0.572636
vn -0.775720 0.442406 -0.450039
vn -0.827813 0.463251 -0.316424
vn -0.876315 0.446484 -0.180898
vn -0.643371 0.619944 0.449159
vn -0.590206 0.763513 0.262116
vn -0.676681 0.431383 0.596667
vn -0.687867 0.210680 0.694588
vn -0.676166 -0.027124 0.736250
vn -0.642377 -0.265824 0.718811
vn -0.588801 -0.489152 0.643462
vn -0.519090 -0.681890 0.515337
vn -0.437994 -0.830902 0.343167
vn -0.351040 -0.926033 0.138686
vn -0.264154 -0.960801 -0.084171
vn -0.183257 -0.932835 -0.310218
vn -0.113862 -0.844043 -0.524049
vn -0.060697 -0.700474 -0.711092
vn -0.027387 -0.511913 -0.858600
vn -0.016201 -0.291211 -0.956522
vn -0.027902 -0.053406 -0.998183
vn -0.061691 0.185294 -0.980745
vn -0.115267 0.408622 -0.905396
vn -0.184978 0.601360 -0.777270
vn -0.266074 0.750372 -0.605101
vn -0.353028 0.845503 -0.400620
vn -0.439914 0.880271 -0.177762
vn -0.520811 0.852305 0.048285
vn 0.060697 0.700474 0.711092
vn 0.113862 0.844043 0.524049
vn 0.027387 0.511913 0.858600
vn 0.016201 0.291211 0.956522
vn 0.027902 0.053406 0.998183
vn 0.061691 -0.185294 0.980745
vn 0.115267 -0.408622 0.905396
vn 0.184978 -0.601360 0.777270
vn 0.266074 -0.750372 0.605101
vn 0.353028 -0.845503 0.400620
vn 0.439914 -0.880271 0.177762
vn 0.520811 -0.852305 -0.048285
vn 0.590206 -0.763513 -0.262116
vn 0.643371 -0.619944 -0.449159
vn 0.676681 -0.431383 -0.596667
vn 0.687867 -0.210680 -0.694588
vn 0.676166 0.027124 -0.736250
vn 0.642377 0.265824 -0.718811
vn 0.588801 0.489152 -0.643462
vn 0.519090 0.681890 -0.515337
vn 0.437994 0.830902 -0.343167
vn 0.351040 0.926033 -0.138686
vn 0.264154 0.960801 0.084171
vn 0.183257 0.932835 0.310218
vn 0.600453 0.484487 0.636183
vn 0.632328 0.570563 0.524041
vn 0.580482 0.371435 0.724622
vn 0.573775 0.239112 0.783331
vn 0.580790 0.096536 0.808309
vn 0.601049 -0.046577 0.797854
vn 0.633170 -0.180474 0.752678
vn 0.674966 -0.296030 0.675861
vn 0.723587 -0.385370 0.572636
vn 0.775720 -0.442406 0.450039
vn 0.827813 -0.463251 0.316424
vn 0.876315 -0.446484 0.180898
vn 0.917921 -0.393249 0.052695
vn 0.949795 -0.307172 -0.059447
vn 0.969767 -0.194120 -0.147886
vn 0.976473 -0.061797 -0.206594
vn 0.969458 0.080779 -0.231573
vn 0.949200 0.223891 -0.221117
vn 0.917078 0.357788 -0.175942
vn 0.875283 0.473344 -0.099124
vn 0.826661 0.562685 0.004101
vn 0.774528 0.619721 0.126697
vn 0.722436 0.640566 0.260312
vn 0.673934 0.623799 0.395839
vn -0.949795 0.307172 0.059447
vn -0.917921 0.393249 -0.052695
vn -0.969767 0.194120 0.147886
vn -0.976473 0.061797 0.206594
vn -0.969458 -0.080779 0.231573
vn -0.949200 -0.223891 0.221117
vn -0.917078 -0.357788 0.175942
vn -0.875283 -0.473344 0.099124
vn -0.826661 -0.562685 -0.004101
vn -0.774528 -0.619721 -0.126697
vn -0.722436 -0.640566 -0.260312
vn -0.673934 -0.623799 -0.395839
vn -0.632328 -0.570563 -0.524041
vn -0.600453 -0.484487 -0.636183
vn -0.580482 -0.371435 -0.724622
vn -0.573775 -0.239112 -0.783331
vn -0.580790 -0.096536 -0.808309
vn -0.601049 0.046577 -0.797854
vn -0.633170 0.180474 -0.752678
vn -0.674966 0.296030 -0.675861
vn -0.723587 0.385370 -0.572636
vn -0.775720 0.442406 -0.450039
vn -0.827813 0.463251 -0.316424
vn -0.876315 0.446484 -0.180898
vn -0.643371 0.619944 0.449159
vn -0.590206 0.763513 0.262116
vn -0.676681 0.431383 0.596667
vn -0.687867 0.210680 0.694588
vn -0.676166 -0.027124 0.736250
vn -0.642377 -0.265824 0.718811
vn -0.588801 -0.489152 0.643462
vn -0.519090 -0.681890 0.515337
vn -0.437994 -0.830902 0.343167
vn -0.351040 -0.926033 0.138686
vn -0.264154 -0.960801 -0.084171
vn -0.183257 -0.932835 -0.310218
vn -0.113862 -0.844043 -0.524049
vn -0.060697 -0.700474 -0.711092
vn -0.027387 -0.511913 -0.858600
vn -0.016201 -0.291211 -0.956522
vn -0.027902 -0.053406 -0.998183
vn -0.061691 0.185294 -0.980745
vn -0.115267 0.408622 -0.905396
vn -0.184978 0.601360 -0.777270
vn -0.266074 0.750372 -0.605101
vn -0.353028 0.845503 -0.400620
vn -0.439914 0.880271 -0.177762
vn -0.520811 0.852305 0.048285
vn 0.060697 0.700474 0.711092
vn 0.113862 0.844043 0.524049
vn 0.027387 0.511913 0.858600
vn 0.016201 0.291211 0.956522
vn 0.027902 0.053406 0.998183
vn 0.061691 -0.185294 0.980745
vn 0.115267 -0.408622 0.905396
vn 0.184978 -0.601360 0.777270
vn 0.266074 -0.750372 0.605101
vn 0.353028 -0.845503 0.400620
vn 0.439914 -0.880271 0.177762
vn 0.520811 -0.852305 -0.048285
vn 0.590206 -0.763513 -0.262116
vn 0.643371 -0.619944 -0.449159
vn 0.676681 -0.431383 -0.596667
vn 0.687867 -0.210680 -0.694588
vn 0.676166 0.027124 -0.736250
vn 0.642377 0.265824 -0.718811
vn 0.588801 0.489152 -0.643462
vn 0.519090 0.681890 -0.515337
vn 0.437994 0.830902 -0.343167
vn 0.351040 0.926033 -0.138686
vn 0.264154 0.960801 0.084171
vn 0.183257 0.932835 0.310218
vn 0.600453 0.484487 0.636183
vn 0.632328 0.570563 0.524041
vn 0.580482 0.371435 0.724622
vn 0.573775 0.239112 0.783331
vn 0.580790 0.096536 0.808309
vn 0.601049 -0.046577 0.797854
vn 0.633170 -0.180474 0.752678
vn 0.674966 -0.296030 0.675861
vn 0.723587 -0.385370 0.572636
vn 0.775720 -0.442406 0.450039
vn 0.827813 -0.463251 0.316424
vn 0.876315 -0.446484 0.180898
vn 0.917921 -0.393249 0.052695
vn 0.949795 -0.307172 -0.059447
vn 0.969767 -0.194120 -0.147886
vn 0.976473 -0.061797 -0.206594
vn 0.969458 0.080779 -0.231573
vn 0.949200 0.223891 -0.221117
vn 0.917078 0.357788 -0.175942
vn 0.875283 0.473344 -0.099124
vn 0.826661 0.562685 0.004101
vn 0.774528 0.619721 0.126697
vn 0.722436 0.640566 0.260312
vn 0.673934 0.623799 0.395839
vn -0.949795 0.307172 0.059447
vn -0.917921 0.393249 -0.052695
vn -0.969767 0.194120 0.147886
vn -0.976473 0.061797 0.206594
vn -0.969458 -0.080779 0.231573
vn -0.949200 -0.223891 0.221117
vn -0.917078 -0.357788 0.175942
vn -0.875283 -0.473344 0.099124
vn -0.826661 -0.562685 -0.004101
vn -0.774528 -0.619721 -0.126697
vn -0.722436 -0.640566 -0.260312
vn -0.673934 -0.623799 -0.395839
vn -0.632328 -0.570563 -0.524041
vn -0.600453 -0.484487 -0.636183
vn -0.580482 -0.371435 -0.724622
vn -0.573775 -0.239112 -0.783331
vn -0.580790 -0.096536 -0.808309
vn -0.601049 0.046577 -0.797854
vn -0.633170 0.180474 -0.752678
vn -0.674966 0.296030 -0.675861
vn -0.723587 0.385370 -0.572636
vn -0.775720 0.442406 -0.450039
vn -0.827813 0.463251 -0.316424
vn -0.876315 0.446484 -0.180898
vn -0.643371 0.619944 0.449159
vn -0.590206 0.763513 0.262116
vn -0.676681 0.431383 0.596667
vn -0.687867 0.210680 0.694588
vn -0.676166 -0.027124 0.736250
vn -0.642377 -0.265824 0.718811
vn -0.588801 -0.489152 0.643462
vn -0.519090 -0.681890 0.515337
vn -0.437994 -0.830902 0.343167
vn -0.351040 -0.926033 0.138686
vn -0.264154 -0.960801 -0.084171
vn -0.183257 -0.932835 -0.310218
vn -0.113862 -0.844043 -0.524049
vn -0.060697 -0.700474 -0.711092
vn -0.027387 -0.511913 -0.858600
vn -0.016201 -0.291211 -0.956522
vn -0.027902 -0.053406 -0.998183
vn -0.061691 0.185294 -0.980745
vn -0.115267 0.408622 -0.905396
vn -0.184978 0.601360 -0.777270
vn -0.266074 0.750372 -0.605101
vn -0.353028 0.845503 -0.400620
vn -0.439914 0.880271 -0.177762
vn -0.520811 0.852305 0.048285
vn 0.060697 0.700474 0.711092
vn 0.113862 0.844043 0.524049
vn 0.027387 0.511913 0.858600
vn 0.016201 0.291211 0.956522
vn 0.027902 0.053406 0.998183
vn 0.061691 -0.185294 0.980745
vn 0.115267 -0.408622 0.905396
vn 0.184978 -0.601360 0.777270
vn 0.266074 -0.750372 0.605101
vn 0.353028 -0.845503 0.400620
vn 0.439914 -0.880271 0.177762
vn 0.520811 -0.852305 -0.048285
vn 0.590206 -0.763513 -0.262116
vn 0.643371 -0.619944 -0.449159
vn 0.676681 -0.431383 -0.596667
vn 0.687867 -0.210680 -0.694588
vn 0.676166 0.027124 -0.736250
vn 0.642377 0.265824 -0.718811
vn 0.588801 0.489152 -0.643462
vn 0.519090 0.681890 -0.515337
vn 0.437994 0.830902 -0.343167
vn 0.351040 0.926033 -0.138686
vn 0.264154 0.960801 0.084171
vn 0.183257 0.932835 0.310218
vn 0.751640 0.360600 0.552272
vn 0.772693 0.417451 0.478206
vn 0.738450 0.285933 0.610683
vn 0.734021 0.198537 0.649459
vn 0.738654 0.104370 0.665956
vn 0.752034 0.009849 0.659051
vn 0.773249 -0.078586 0.629214
vn 0.800854 -0.154908 0.578478
vn 0.832967 -0.213914 0.510301
vn 0.867399 -0.251585 0.429329
vn 0.901805 -0.265352 0.341081
vn 0.933839 -0.254278 0.251570
vn 0.961318 -0.219118 0.166896
vn 0.982371 -0.162267 0.092829
vn 0.995561 -0.087599 0.034418
vn 0.999990 -0.000204 -0.004357
vn 0.995357 0.093963 -0.020854
vn 0.981977 0.188485 -0.013949
vn 0.960762 0.276919 0.015888
vn 0.933157 0.353241 0.066624
vn 0.901044 0.412247 0.134800
vn 0.866612 0.449918 0.215772
vn 0.832206 0.463685 0.304020
vn 0.800172 0.452612 0.393532
vn -0.931902 -0.106589 -0.346694
vn -0.931902 -0.106589 -0.346694
vn -0.931902 -0.106589 -0.346694
vn -0.931902 -0.106589 -0.346694
vn -0.931902 -0.106589 -0.346694
vn -0.931902 -0.106589 -0.346694
vn -0.931902 -0.106589 -0.346694
vn -0.931902 -0.106589 -0.346694
vn -0.931902 -0.106589 -0.346694
vn -0.931902 -0.106589 -0.346694
vn -0.931902 -0.106589 -0.346694
vn -0.931902 -0.106589 -0.346694
vn -0.931902 -0.106589 -0.346694
vn -0.931902 -0.106589 -0.346694
vn -0.931902 -0.106589 -0.346694
vn -0.931902 -0.106589 -0.346694
vn -0.931902 -0.106589 -0.346694
vn -0.931902 -0.106589 -0.346694
vn -0.931902 -0.106589 -0.346694
vn -0.931902 -0.106589 -0.346694
vn -0.931902 -0.106589 -0.346694
vn -0.931902 -0.106589 -0.346694
vn -0.931902 -0.106589 -0.346694
vn -0.931902 -0.106589 -0.346694
vn -0.931902 -0.106589 -0.346694
vn 0.931902 0.106589 0.346694
vn 0.931902 0.106589 0.346694
vn 0.931902 0.106589 0.346694
vn 0.931902 0.106589 0.346694
vn 0.931902 0.106589 0.346694
vn 0.931902 0.106589 0.346694
vn 0.931902 0.106589 0.346694
vn 0.931902 0.106589 0.346694
vn 0.931902 0.106589 0.346694
vn 0.931902 0.106589 0.346694
vn 0.931902 0.106589 0.346694
vn 0.931902 0.106589 0.346694
vn 0.931902 0.106589 0.346694
vn 0.931902 0.106589 0.346694
vn 0.931902 0.106589 0.346694
vn 0.931902 0.106589 0.346694
vn 0.931902 0.106589 0.346694
vn 0.931902 0.106589 0.346694
vn 0.931902 0.106589 0.346694
vn 0.931902 0.106589 0.346694
vn 0.931902 0.106589 0.346694
vn 0.931902 0.106589 0.346694
vn 0.931902 0.106589 0.346694
vn 0.931902 0.106589 0.346694
vn 0.931902 0.106589 0.346694
f 1872/1872/1820 1873/1873/1821 1898/1898/1822 1897/1897/1823
f 1873/1873/1821 1874/1874/1824 1899/1899/1825 1898/1898/1822
f 1874/1874/1824 1875/1875/1826 1900/1900/1827 1899/1899/1825
f 1875/1875/1826 1876/1876/1828 1901/1901/1829 1900/1900/1827
f 1876/1876/1828 1877/1877/1830 1902/1902/1831 1901/1901/1829
f 1877/1877/1830 1878/1878/1832 1903/1903/1833 1902/1902/1831
f 1878/1878/1832 1879/1879/1834 1904/1904/1835 1903/1903/1833
f 1879/1879/1834 1880/1880/1836 1905/1905/1837 1904/1904/1835
f 1880/1880/1836 1881/1881/1838 1906/1906/1839 1905/1905/1837
f 1881/1881/1838 1882/1882/1840 1907/1907/1841 1906/1906/1839
f 1882/1882/1840 1883/1883/1842 1908/1908/1843 1907/1907/1841
f 1883/1883/1842 1884/1884/1844 1909/1909/1845 1908/1908/1843
f 1884/1884/1844 1885/1885/1846 1910/1910/1847 1909/1909/1845
f 1885/1885/1846 1886/1886/1848 1911/1911/1849 1910/1910/1847
f 1886/1886/1848 1887/1887/1850 1912/1912/1851 1911/1911/1849
f 1887/1887/1850 1888/1888/1852 1913/1913/1853 1912/1912/1851
f 1888/1888/1852 1889/1889/1854 1914/1914/1855 1913/1913/1853
f 1889/1889/1854 1890/1890/1856 1915/1915/1857 1914/1914/1855
f 1890/1890/1856 1891/1891/1858 1916/1916/1859 1915/1915/1857
f 1891/1891/1858 1892/1892/1860 1917/1917/1861 1916/1916/1859
f 1892/1892/1860 1893/1893/1862 1918/1918/1863 1917/1917/1861
f 1893/1893/1862 1894/1894/1864 1919/1919/1865 1918/1918/1863
f 1894/1894/1864 1895/1895/1866 1920/1920/1867 1919/1919/1865
f 1895/1895/1866 1896/1896/1820 1921/1921/1823 1920/1920/1867
f 1897/1897/1823 1898/1898/1822 1923/1923/1868 1922/1922/1869
f 1898/1898/1822 1899/1899/1825 1924/1924/1870 1923/1923/1868
f 1899/1899/1825 1900/1900/1827 1925/1925/1871 1924/1924/1870
f 1900/1900/1827 1901/1901/1829 1926/1926/1872 1925/1925/1871
f 1901/1901/1829 1902/1902/1831 1927/1927/1873 1926/1926/1872
f 1902/1902/1831 1903/1903/1833 1928/1928/1874 1927/1927/1873
f 1903/1903/1833 1904/1904/1835 1929/1929/1875 1928/1928/1874
f 1904/1904/1835 1905/1905/1837 1930/1930/1876 1929/1929/1875
f 1905/1905/1837 1906/1906/1839 1931/1931/1877 1930/1930/1876
f 1906/1906/1839 1907/1907/1841 1932/1932/1878 1931/1931/1877
f 1907/1907/1841 1908/1908/1843 1933/1933/1879 1932/1932/1878
f 1908/1908/1843 1909/1909/1845 1934/1934/1880 1933/1933/1879
f 1909/1909/1845 1910/1910/1847 1935/1935/1881 1934/1934/1880
f 1910/1910/1847 1911/1911/1849 1936/1936/1882 1935/1935/1881
f 1911/1911/1849 1912/1912/1851 1937/1937/1883 1936/1936/1882
f 1912/1912/1851 1913/1913/1853 1938/1938/1884 1937/1937/1883
f 1913/1913/1853 1914/1914/1855 1939/1939/1885 1938/1938/1884
f 1914/1914/1855 1915/1915/1857 1940/1940/1886 1939/1939/1885
f 1915/1915/1857 1916/1916/1859 1941/1941/1887 1940/1940/1886
f 1916/1916/1859 1917/1917/1861 1942/1942/1888 1941/1941/1887
f 1917/1917/1861 1918/1918/1863 1943/1943/1889 1942/1942/1888
f 1918/1918/1863 1919/1919/1865 1944/1944/1890 1943/1943/1889
f 1919/1919/1865 1920/1920/1867 1945/1945/1891 1944/1944/1890
f 1920/1920/1867 1921/1921/1823 1946/1946/1869 1945/1945/1891
f 1922/1922/1869 1923/1923/1868 1948/1948/1892 1947/1947/1893
f 1923/1923/1868 1924/1924/1870 1949/1949/1894 1948/1948/1892
f 1924/1924/1870 1925/1925/1871 1950/1950/1895 1949/1949/1894
f 1925/1925/1871 1926/1926/1872 1951/1951/1896 1950/1950/1895
f 1926/1926/1872 1927/1927/1873 1952/1952/1897 1951/1951/1896
f 1927/1927/1873 1928/1928/1874 1953/1953/1898 1952/1952/1897
f 1928/1928/1874 1929/1929/1875 1954/1954/1899 1953/1953/1898
f 1929/1929/1875 1930/1930/1876 1955/1955/1900 1954/1954/1899
f 1930/1930/1876 1931/1931/1877 1956/1956/1901 1955/1955/1900
f 1931/1931/1877 1932/1932/1878 1957/1957/1902 1956/1956/1901
f 1932/1932/1878 1933/1933/1879 1958/1958/1903 1957/1957/1902
f 1933/1933/1879 1934/1934/1880 1959/1959/1904 1958/1958/1903
f 1934/1934/1880 1935/1935/1881 1960/1960/1905 1959/1959/1904
f 1935/1935/1881 1936/1936/1882 1961/1961/1906 1960/1960/1905
f 1936/1936/1882 1937/1937/1883 1962/1962/1907 1961/1961/1906
f 1937/1937/1883 1938/1938/1884 1963/1963/1908 1962/1962/1907
f 1938/1938/1884 1939/1939/1885 1964/1964/1909 1963/1963/1908
f 1939/1939/1885 1940/1940/1886 1965/1965/1910 1964/1964/1909
f 1940/1940/1886 1941/1941/1887 1966/1966/1911 1965/1965/1910
f 1941/1941/1887 1942/1942/1888 1967/1967/1912 1966/1966/1911
f 1942/1942/1888 1943/1943/1889 1968/1968/1913 1967/1967/1912
f 1943/1943/1889 1944/1944/1890 1969/1969/1914 1968/1968/1913
f 1944/1944/1890 1945/1945/1891 1970/1970/1915 1969/1969/1914
f 1945/1945/1891 1946/1946/1869 1971/1971/1893 1970/1970/1915
f 1947/1947/1893 1948/1948/1892 1973/1973/1916 1972/1972/1917
f 1948/1948/1892 1949/1949/1894 1974/1974/1918 1973/1973/1916
f 1949/1949/1894 1950/1950/1895 1975/1975/1919 1974/1974/1918
f 1950/1950/1895 1951/1951/1896 1976/1976/1920 1975/1975/1919
f 1951/1951/1896 1952/1952/1897 1977/1977/1921 1976/1976/1920
f 1952/1952/1897 1953/1953/1898 1978/1978/1922 1977/1977/1921
f 1953/1953/1898 1954/1954/1899 1979/1979/1923 1978/1978/1922
f 1954/1954/1899 1955/1955/1900 1980/1980/1924 1979/1979/1923
f 1955/1955/1900 1956/1956/1901 1981/1981/1925 1980/1980/1924
f 1956/1956/1901 1957/1957/1902 1982/1982/1926 1981/1981/1925
f 1957/1957/1902 1958/1958/1903 1983/1983/1927 1982/1982/1926
f 1958/1958/1903 1959/1959/1904 1984/1984/1928 1983/1983/1927
f 1959/1959/1904 1960/1960/1905 1985/1985/1929 1984/1984/1928
f 1960/1960/1905 1961/1961/1906 1986/1986/1930 1985/1985/1929
f 1961/1961/1906 1962/1962/1907 1987/1987/1931 1986/1986/1930
f 1962/1962/1907 1963/1963/1908 1988/1988/1932 1987/1987/1931
f 1963/1963/1908 1964/1964/1909 1989/1989/1933 1988/1988/1932
f 1964/1964/1909 1965/1965/1910 1990/1990/1934 1989/1989/1933
f 1965/1965/1910 1966/1966/1911 1991/1991/1935 1990/1990/1934
f 1966/1966/1911 1967/1967/1912 1992/1992/1936 1991/1991/1935
f 1967/1967/1912 1968/1968/1913 1993/1993/1937 1992/1992/1936
f 1968/1968/1913 1969/1969/1914 1994/1994/1938 1993/1993/1937
f 1969/1969/1914 1970/1970/1915 1995/1995/1939 1994/1994/1938
f 1970/1970/1915 1971/1971/1893 1996/1996/1917 1995/1995/1939
f 1972/1972/1917 1973/1973/1916 1998/1998/1940 1997/1997/1941
f 1973/1973/1916 1974/1974/1918 1999/1999/1942 1998/1998/1940
f 1974/1974/1918 1975/1975/1919 2000/2000/1943 1999/1999/1942
f 1975/1975/1919 1976/1976/1920 2001/2001/1944 2000/2000/1943
f 1976/1976/1920 1977/1977/1921 2002/2002/1945 2001/2001/1944
f 1977/1977/1921 1978/1978/1922 2003/2003/1946 2002/2002/1945
f 1978/1978/1922 1979/1979/1923 2004/2004/1947 2003/2003/1946
f 1979/1979/1923 1980/1980/1924 2005/2005/1948 2004/2004/1947
f 1980/1980/1924 1981/1981/1925 2006/2006/1949 2005/2005/1948
f 1981/1981/1925 1982/1982/1926 2007/2007/1950 2006/2006/1949
f 1982/1982/1926 1983/1983/1927 2008/2008/1951 2007/2007/1950
f 1983/1983/1927 1984/1984/1928 2009/2009/1952 2008/2008/1951
f 1984/1984/1928 1985/1985/1929 2010/2010/1953 2009/2009/1952
f 1985/1985/1929 1986/1986/1930 2011/2011/1954 2010/2010/1953
f 1986/1986/1930 1987/1987/1931 2012/2012/1955 2011/2011/1954
f 1987/1987/1931 1988/1988/1932 2013/2013/1956 2012/2012/1955
f 1988/1988/1932 1989/1989/1933 2014/2014/1957 2013/2013/1956
f 1989/1989/1933 1990/1990/1934 2015/2015/1958 2014/2014/1957
f 1990/1990/1934 1991/1991/1935 2016/2016/1959 2015/2015/1958
f 1991/1991/1935 1992/1992/1936 2017/2017/1960 2016/2016/1959
f 1992/1992/1936 1993/1993/1937 2018/2018/1961 2017/2017/1960
f 1993/1993/1937 1994/1994/1938 2019/2019/1962 2018/2018/1961
f 1994/1994/1938 1995/1995/1939 2020/2020/1963 2019/2019/1962
f 1995/1995/1939 1996/1996/1917 2021/2021/1941 2020/2020/1963
f 1997/1997/1941 1998/1998/1940 2023/2023/1964 2022/2022/1965
f 1998/1998/1940 1999/1999/1942 2024/2024/1966 2023/2023/1964
f 1999/1999/1942 2000/2000/1943 2025/2025/1967 2024/2024/1966
f 2000/2000/1943 2001/2001/1944 2026/2026/1968 2025/2025/1967
f 2001/2001/1944 2002/2002/1945 2027/2027/1969 2026/2026/1968
f 2002/2002/1945 2003/2003/1946 2028/2028/1970 2027/2027/1969
f 2003/2003/1946 2004/2004/1947 2029/2029/1971 2028/2028/1970
f 2004/2004/1947 2005/2005/1948 2030/2030/1972 2029/2029/1971
f 2005/2005/1948 2006/2006/1949 2031/2031/1973 2030/2030/1972
f 2006/2006/1949 2007/2007/1950 2032/2032/1974 2031/2031/1973
f 2007/2007/1950 2008/2008/1951 2033/2033/1975 2032/2032/1974
f 2008/2008/1951 2009/2009/1952 2034/2034/1976 2033/2033/1975
f 2009/2009/1952 2010/2010/1953 2035/2035/1977 2034/2034/1976
f 2010/2010/1953 2011/2011/1954 2036/2036/1978 2035/2035/1977
f 2011/2011/1954 2012/2012/1955 2037/2037/1979 2036/2036/1978
f 2012/2012/1955 2013/2013/1956 2038/2038/1980 2037/2037/1979
f 2013/2013/1956 2014/2014/1957 2039/2039/1981 2038/2038/1980
f 2014/2014/1957 2015/2015/1958 2040/2040/1982 2039/2039/1981
f 2015/2015/1958 2016/2016/1959 2041/2041/1983 2040/2040/1982
f 2016/2016/1959 2017/2017/1960 2042/2042/1984 2041/2041/1983
f 2017/2017/1960 2018/2018/1961 2043/2043/1985 2042/2042/1984
f 2018/2018/1961 2019/2019/1962 2044/2044/1986 2043/2043/1985
f 2019/2019/1962 2020/2020/1963 2045/2045/1987 2044/2044/1986
f 2020/2020/1963 2021/2021/1941 2046/2046/1965 2045/2045/1987
f 2022/2022/1965 2023/2023/1964 2048/2048/1988 2047/2047/1989
f 2023/2023/1964 2024/2024/1966 2049/2049/1990 2048/2048/1988
f 2024/2024/1966 2025/2025/1967 2050/2050/1991 2049/2049/1990
f 2025/2025/1967 2026/2026/1968 2051/2051/1992 2050/2050/1991
f 2026/2026/1968 2027/2027/1969 2052/2052/1993 2051/2051/1992
f 2027/2027/1969 2028/2028/1970 2053/2053/1994 2052/2052/1993
f 2028/2028/1970 2029/2029/1971 2054/2054/1995 2053/2053/1994
f 2029/2029/1971 2030/2030/1972 2055/2055/1996 2054/2054/1995
f 2030/2030/1972 2031/2031/1973 2056/2056/1997 2055/2055/1996
f 2031/2031/1973 2032/2032/1974 2057/2057/1998 2056/2056/1997
f 2032/2032/1974 2033/2033/1975 2058/2058/1999 2057/2057/1998
f 2033/2033/1975 2034/2034/1976 2059/2059/2000 2058/2058/1999
f 2034/2034/1976 2035/2035/1977 2060/2060/2001 2059/2059/2000
f 2035/2035/1977 2036/2036/1978 2061/2061/2002 2060/2060/2001
f 2036/2036/1978 2037/2037/1979 2062/2062/2003 2061/2061/2002
f 2037/2037/1979 2038/2038/1980 2063/2063/2004 2062/2062/2003
f 2038/2038/1980 2039/2039/1981 2064/2064/2005 2063/2063/2004
f 2039/2039/1981 2040/2040/1982 2065/2065/2006 2064/2064/2005
f 2040/2040/1982 2041/2041/1983 2066/2066/2007 2065/2065/2006
f 2041/2041/1983 2042/2042/1984 2067/2067/2008 2066/2066/2007
f 2042/2042/1984 2043/2043/1985 2068/2068/2009 2067/2067/2008
f 2043/2043/1985 2044/2044/1986 2069/2069/2010 2068/2068/2009
f 2044/2044/1986 2045/2045/1987 2070/2070/2011 2069/2069/2010
f 2045/2045/1987 2046/2046/1965 2071/2071/1989 2070/2070/2011
f 2047/2047/1989 2048/2048/1988 2073/2073/2012 2072/2072/2013
f 2048/2048/1988 2049/2049/1990 2074/2074/2014 2073/2073/2012
f 2049/2049/1990 2050/2050/1991 2075/2075/2015 2074/2074/2014
f 2050/2050/1991 2051/2051/1992 2076/2076/2016 2075/2075/2015
f 2051/2051/1992 2052/2052/1993 2077/2077/2017 2076/2076/2016
f 2052/2052/1993 2053/2053/1994 2078/2078/2018 2077/2077/2017
f 2053/2053/1994 2054/2054/1995 2079/2079/2019 2078/2078/2018
f 2054/2054/1995 2055/2055/1996 2080/2080/2020 2079/2079/2019
f 2055/2055/1996 2056/2056/1997 2081/2081/2021 2080/2080/2020
f 2056/2056/1997 2057/2057/1998 2082/2082/2022 2081/2081/2021
f 2057/2057/1998 2058/2058/1999 2083/2083/2023 2082/2082/2022
f 2058/2058/1999 2059/2059/2000 2084/2084/2024 2083/2083/2023
f 2059/2059/2000 2060/2060/2001 2085/2085/2025 2084/2084/2024
f 2060/2060/2001 2061/2061/2002 2086/2086/2026 2085/2085/2025
f 2061/2061/2002 2062/2062/2003 2087/2087/2027 2086/2086/2026
f 2062/2062/2003 2063/2063/2004 2088/2088/2028 2087/2087/2027
f 2063/2063/2004 2064/2064/2005 2089/2089/2029 2088/2088/2028
f 2064/2064/2005 2065/2065/2006 2090/2090/2030 2089/2089/2029
f 2065/2065/2006 2066/2066/2007 2091/2091/2031 2090/2090/2030
f 2066/2066/2007 2067/2067/2008 2092/2092/2032 2091/2091/2031
f 2067/2067/2008 2068/2068/2009 2093/2093/2033 2092/2092/2032
f 2068/2068/2009 2069/2069/2010 2094/2094/2034 2093/2093/2033
f 2069/2069/2010 2070/2070/2011 2095/2095/2035 2094/2094/2034
f 2070/2070/2011 2071/2071/1989 2096/2096/2013 2095/2095/2035
f 2072/2072/2013 2073/2073/2012 2098/2098/2036 2097/2097/2037
f 2073/2073/2012 2074/2074/2014 2099/2099/2038 2098/2098/2036
f 2074/2074/2014 2075/2075/2015 2100/2100/2039 2099/2099/2038
f 2075/2075/2015 2076/2076/2016 2101/2101/2040 2100/2100/2039
f 2076/2076/2016 2077/2077/2017 2102/2102/2041 2101/2101/2040
f 2077/2077/2017 2078/2078/2018 2103/2103/2042 2102/2102/2041
f 2078/2078/2018 2079/2079/2019 2104/2104/2043 2103/2103/2042
f 2079/2079/2019 2080/2080/2020 2105/2105/2044 2104/2104/2043
f 2080/2080/2020 2081/2081/2021 2106/2106/2045 2105/2105/2044
f 2081/2081/2021 2082/2082/2022 2107/2107/2046 2106/2106/2045
f 2082/2082/2022 2083/2083/2023 2108/2108/2047 2107/2107/2046
f 2083/2083/2023 2084/2084/2024 2109/2109/2048 2108/2108/2047
f 2084/2084/2024 2085/2085/2025 2110/2110/2049 2109/2109/2048
f 2085/2085/2025 2086/2086/2026 2111/2111/2050 2110/2110/2049
f 2086/2086/2026 2087/2087/2027 2112/2112/2051 2111/2111/2050
f 2087/2087/2027 2088/2088/2028 2113/2113/2052 2112/2112/2051
f 2088/2088/2028 2089/2089/2029 2114/2114/2053 2113/2113/2052
f 2089/2089/2029 2090/2090/2030 2115/2115/2054 2114/2114/2053
f 2090/2090/2030 2091/2091/2031 2116/2116/2055 2115/2115/2054
f 2091/2091/2031 2092/2092/2032 2117/2117/2056 2116/2116/2055
f 2092/2092/2032 2093/2093/2033 2118/2118/2057 2117/2117/2056
f 2093/2093/2033 2094/2094/2034 2119/2119/2058 2118/2118/2057
f 2094/2094/2034 2095/2095/2035 2120/2120/2059 2119/2119/2058
f 2095/2095/2035 2096/2096/2013 2121/2121/2037 2120/2120/2059
f 2097/2097/2037 2098/2098/2036 2123/2123/2060 2122/2122/2061
f 2098/2098/2036 2099/2099/2038 2124/2124/2062 2123/2123/2060
f 2099/2099/2038 2100/2100/2039 2125/2125/2063 2124/2124/2062
f 2100/2100/2039 2101/2101/2040 2126/2126/2064 2125/2125/2063
f 2101/2101/2040 2102/2102/2041 2127/2127/2065 2126/2126/2064
f 2102/2102/2041 2103/2103/2042 2128/2128/2066 2127/2127/2065
f 2103/2103/2042 2104/2104/2043 2129/2129/2067 2128/2128/2066
f 2104/2104/2043 2105/2105/2044 2130/2130/2068 2129/2129/2067
f 2105/2105/2044 2106/2106/2045 2131/2131/2069 2130/2130/2068
f 2106/2106/2045 2107/2107/2046 2132/2132/2070 2131/2131/2069
f 2107/2107/2046 2108/2108/2047 2133/2133/2071 2132/2132/2070
f 2108/2108/2047 2109/2109/2048 2134/2134/2072 2133/2133/2071
f 2109/2109/2048 2110/2110/2049 2135/2135/2073 2134/2134/2072
f 2110/2110/2049 2111/2111/2050 2136/2136/2074 2135/2135/2073
f 2111/2111/2050 2112/2112/2051 2137/2137/2075 2136/2136/2074
f 2112/2112/2051 2113/2113/2052 2138/2138/2076 2137/2137/2075
f 2113/2113/2052 2114/2114/2053 2139/2139/2077 2138/2138/2076
f 2114/2114/2053 2115/2115/2054 2140/2140/2078 2139/2139/2077
f 2115/2115/2054 2116/2116/2055 2141/2141/2079 2140/2140/2078
f 2116/2116/2055 2117/2117/2056 2142/2142/2080 2141/2141/2079
f 2117/2117/2056 2118/2118/2057 2143/2143/2081 2142/2142/2080
f 2118/2118/2057 2119/2119/2058 2144/2144/2082 2143/2143/2081
f 2119/2119/2058 2120/2120/2059 2145/2145/2083 2144/2144/2082
f 2120/2120/2059 2121/2121/2037 2146/2146/2061 2145/2145/2083
f 2122/2122/2061 2123/2123/2060 2148/2148/2084 2147/2147/2085
f 2123/2123/2060 2124/2124/2062 2149/2149/2086 2148/2148/2084
f 2124/2124/2062 2125/2125/2063 2150/2150/2087 2149/2149/2086
f 2125/2125/2063 2126/2126/2064 2151/2151/2088 2150/2150/2087
f 2126/2126/2064 2127/2127/2065 2152/2152/2089 2151/2151/2088
f 2127/2127/2065 2128/2128/2066 2153/2153/2090 2152/2152/2089
f 2128/2128/2066 2129/2129/2067 2154/2154/2091 2153/2153/2090
f 2129/2129/2067 2130/2130/2068 2155/2155/2092 2154/2154/2091
f 2130/2130/2068 2131/2131/2069 2156/2156/2093 2155/2155/2092
f 2131/2131/2069 2132/2132/2070 2157/2157/2094 2156/2156/2093
f 2132/2132/2070 2133/2133/2071 2158/2158/2095 2157/2157/2094
f 2133/2133/2071 2134/2134/2072 2159/2159/2096 2158/2158/2095
f 2134/2134/2072 2135/2135/2073 2160/2160/2097 2159/2159/2096
f 2135/2135/2073 2136/2136/2074 2161/2161/2098 2160/2160/2097
f 2136/2136/2074 2137/2137/2075 2162/2162/2099 2161/2161/2098
f 2137/2137/2075 2138/2138/2076 2163/2163/2100 2162/2162/2099
f 2138/2138/2076 2139/2139/2077 2164/2164/2101 2163/2163/2100
f 2139/2139/2077 2140/2140/2078 2165/2165/2102 2164/2164/2101
f 2140/2140/2078 2141/2141/2079 2166/2166/2103 2165/2165/2102
f 2141/2141/2079 2142/2142/2080 2167/2167/2104 2166/2166/2103
f 2142/2142/2080 2143/2143/2081 2168/2168/2105 2167/2167/2104
f 2143/2143/2081 2144/2144/2082 2169/2169/2106 2168/2168/2105
f 2144/2144/2082 2145/2145/2083 2170/2170/2107 2169/2169/2106
f 2145/2145/2083 2146/2146/2061 2171/2171/2085 2170/2170/2107
f 2147/2147/2085 2148/2148/2084 2173/2173/2108 2172/2172/2109
f 2148/2148/2084 2149/2149/2086 2174/2174/2110 2173/2173/2108
f 2149/2149/2086 2150/2150/2087 2175/2175/2111 2174/2174/2110
f 2150/2150/2087 2151/2151/2088 2176/2176/2112 2175/2175/2111
f 2151/2151/2088 2152/2152/2089 2177/2177/2113 2176/2176/2112
f 2152/2152/2089 2153/2153/2090 2178/2178/2114 2177/2177/2113
f 2153/2153/2090 2154/2154/2091 2179/2179/2115 2178/2178/2114
f 2154/2154/2091 2155/2155/2092 2180/2180/2116 2179/2179/2115
f 2155/2155/2092 2156/2156/2093 2181/2181/2117 2180/2180/2116
f 2156/2156/2093 2157/2157/2094 2182/2182/2118 2181/2181/2117
f 2157/2157/2094 2158/2158/2095 2183/2183/2119 2182/2182/2118
f 2158/2158/2095 2159/2159/2096 2184/2184/2120 2183/2183/2119
f 2159/2159/2096 2160/2160/2097 2185/2185/2121 2184/2184/2120
f 2160/2160/2097 2161/2161/2098 2186/2186/2122 2185/2185/2121
f 2161/2161/2098 2162/2162/2099 2187/2187/2123 2186/2186/2122
f 2162/2162/2099 2163/2163/2100 2188/2188/2124 2187/2187/2123
f 2163/2163/2100 2164/2164/2101 2189/2189/2125 2188/2188/2124
f 2164/2164/2101 2165/2165/2102 2190/2190/2126 2189/2189/2125
f 2165/2165/2102 2166/2166/2103 2191/2191/2127 2190/2190/2126
f 2166/2166/2103 2167/2167/2104 2192/2192/2128 2191/2191/2127
f 2167/2167/2104 2168/2168/2105 2193/2193/2129 2192/2192/2128
f 2168/2168/2105 2169/2169/2106 2194/2194/2130 2193/2193/2129
f 2169/2169/2106 2170/2170/2107 2195/2195/2131 2194/2194/2130
f 2170/2170/2107 2171/2171/2085 2196/2196/2109 2195/2195/2131
f 2172/2172/2109 2173/2173/2108 2198/2198/2132 2197/2197/2133
f 2173/2173/2108 2174/2174/2110 2199/2199/2134 2198/2198/2132
f 2174/2174/2110 2175/2175/2111 2200/2200/2135 2199/2199/2134
f 2175/2175/2111 2176/2176/2112 2201/2201/2136 2200/2200/2135
f 2176/2176/2112 2177/2177/2113 2202/2202/2137 2201/2201/2136
f 2177/2177/2113 2178/2178/2114 2203/2203/2138 2202/2202/2137
f 2178/2178/2114 2179/2179/2115 2204/2204/2139 2203/2203/2138
f 2179/2179/2115 2180/2180/2116 2205/2205/2140 2204/2204/2139
f 2180/2180/2116 2181/2181/2117 2206/2206/2141 2205/2205/2140
f 2181/2181/2117 2182/2182/2118 2207/2207/2142 2206/2206/2141
f 2182/2182/2118 2183/2183/2119 2208/2208/2143 2207/2207/2142
f 2183/2183/2119 2184/2184/2120 2209/2209/2144 2208/2208/2143
f 2184/2184/2120 2185/2185/2121 2210/2210/2145 2209/2209/2144
f 2185/2185/2121 2186/2186/2122 2211/2211/2146 2210/2210/2145
f 2186/2186/2122 2187/2187/2123 2212/2212/2147 2211/2211/2146
f 2187/2187/2123 2188/2188/2124 2213/2213/2148 2212/2212/2147
f 2188/2188/2124 2189/2189/2125 2214/2214/2149 2213/2213/2148
f 2189/2189/2125 2190/2190/2126 2215/2215/2150 2214/2214/2149
f 2190/2190/2126 2191/2191/2127 2216/2216/2151 2215/2215/2150
f 2191/2191/2127 2192/2192/2128 2217/2217/2152 2216/2216/2151
f 2192/2192/2128 2193/2193/2129 2218/2218/2153 2217/2217/2152
f 2193/2193/2129 2194/2194/2130 2219/2219/2154 2218/2218/2153
f 2194/2194/2130 2195/2195/2131 2220/2220/2155 2219/2219/2154
f 2195/2195/2131 2196/2196/2109 2221/2221/2133 2220/2220/2155
f 2197/2197/2133 2198/2198/2132 2223/2223/2156 2222/2222/2157
f 2198/2198/2132 2199/2199/2134 2224/2224/2158 2223/2223/2156
f 2199/2199/2134 2200/2200/2135 2225/2225/2159 2224/2224/2158
f 2200/2200/2135 2201/2201/2136 2226/2226/2160 2225/2225/2159
f 2201/2201/2136 2202/2202/2137 2227/2227/2161 2226/2226/2160
f 2202/2202/2137 2203/2203/2138 2228/2228/2162 2227/2227/2161
f 2203/2203/2138 2204/2204/2139 2229/2229/2163 2228/2228/2162
f 2204/2204/2139 2205/2205/2140 2230/2230/2164 2229/2229/2163
f 2205/2205/2140 2206/2206/2141 2231/2231/2165 2230/2230/2164
f 2206/2206/2141 2207/2207/2142 2232/2232/2166 2231/2231/2165
f 2207/2207/2142 2208/2208/2143 2233/2233/2167 2232/2232/2166
f 2208/2208/2143 2209/2209/2144 2234/2234/2168 2233/2233/2167
f 2209/2209/2144 2210/2210/2145 2235/2235/2169 2234/2234/2168
f 2210/2210/2145 2211/2211/2146 2236/2236/2170 2235/2235/2169
f 2211/2211/2146 2212/2212/2147 2237/2237/2171 2236/2236/2170
f 2212/2212/2147 2213/2213/2148 2238/2238/2172 2237/2237/2171
f 2213/2213/2148 2214/2214/2149 2239/2239/2173 2238/2238/2172
f 2214/2214/2149 2215/2215/2150 2240/2240/2174 2239/2239/2173
f 2215/2215/2150 2216/2216/2151 2241/2241/2175 2240/2240/2174
f 2216/2216/2151 2217/2217/2152 2242/2242/2176 2241/2241/2175
f 2217/2217/2152 2218/2218/2153 2243/2243/2177 2242/2242/2176
f 2218/2218/2153 2219/2219/2154 2244/2244/2178 2243/2243/2177
f 2219/2219/2154 2220/2220/2155 2245/2245/2179 2244/2244/2178
f 2220/2220/2155 2221/2221/2133 2246/2246/2157 2245/2245/2179
f 2222/2222/2157 2223/2223/2156 2248/2248/2180 2247/2247/2181
f 2223/2223/2156 2224/2224/2158 2249/2249/2182 2248/2248/2180
f 2224/2224/2158 2225/2225/2159 2250/2250/2183 2249/2249/2182
f 2225/2225/2159 2226/2226/2160 2251/2251/2184 2250/2250/2183
f 2226/2226/2160 2227/2227/2161 2252/2252/2185 2251/2251/2184
f 2227/2227/2161 2228/2228/2162 2253/2253/2186 2252/2252/2185
f 2228/2228/2162 2229/2229/2163 2254/2254/2187 2253/2253/2186
f 2229/2229/2163 2230/2230/2164 2255/2255/2188 2254/2254/2187
f 2230/2230/2164 2231/2231/2165 2256/2256/2189 2255/2255/2188
f 2231/2231/2165 2232/2232/2166 2257/2257/2190 2256/2256/2189
f 2232/2232/2166 2233/2233/2167 2258/2258/2191 2257/2257/2190
f 2233/2233/2167 2234/2234/2168 2259/2259/2192 2258/2258/2191
f 2234/2234/2168 2235/2235/2169 2260/2260/2193 2259/2259/2192
f 2235/2235/2169 2236/2236/2170 2261/2261/2194 2260/2260/2193
f 2236/2236/2170 2237/2237/2171 2262/2262/2195 2261/2261/2194
f 2237/2237/2171 2238/2238/2172 2263/2263/2196 2262/2262/2195
f 2238/2238/2172 2239/2239/2173 2264/2264/2197 2263/2263/2196
f 2239/2239/2173 2240/2240/2174 2265/2265/2198 2264/2264/2197
f 2240/2240/2174 2241/2241/2175 2266/2266/2199 2265/2265/2198
f 2241/2241/2175 2242/2242/2176 2267/2267/2200 2266/2266/2199
f 2242/2242/2176 2243/2243/2177 2268/2268/2201 2267/2267/2200
f 2243/2243/2177 2244/2244/2178 2269/2269/2202 2268/2268/2201
f 2244/2244/2178 2245/2245/2179 2270/2270/2203 2269/2269/2202
f 2245/2245/2179 2246/2246/2157 2271/2271/2181 2270/2270/2203
f 2247/2247/2181 2248/2248/2180 2273/2273/2204 2272/2272/2205
f 2248/2248/2180 2249/2249/2182 2274/2274/2206 2273/2273/2204
f 2249/2249/2182 2250/2250/2183 2275/2275/2207 2274/2274/2206
f 2250/2250/2183 2251/2251/2184 2276/2276/2208 2275/2275/2207
f 2251/2251/2184 2252/2252/2185 2277/2277/2209 2276/2276/2208
f 2252/2252/2185 2253/2253/2186 2278/2278/2210 2277/2277/2209
f 2253/2253/2186 2254/2254/2187 2279/2279/2211 2278/2278/2210
f 2254/2254/2187 2255/2255/2188 2280/2280/2212 2279/2279/2211
f 2255/2255/2188 2256/2256/2189 2281/2281/2213 2280/2280/2212
f 2256/2256/2189 2257/2257/2190 2282/2282/2214 2281/2281/2213
f 2257/2257/2190 2258/2258/2191 2283/2283/2215 2282/2282/2214
f 2258/2258/2191 2259/2259/2192 2284/2284/2216 2283/2283/2215
f 2259/2259/2192 2260/2260/2193 2285/2285/2217 2284/2284/2216
f 2260/2260/2193 2261/2261/2194 2286/2286/2218 2285/2285/2217
f 2261/2261/2194 2262/2262/2195 2287/2287/2219 2286/2286/2218
f 2262/2262/2195 2263/2263/2196 2288/2288/2220 2287/2287/2219
f 2263/2263/2196 2264/2264/2197 2289/2289/2221 2288/2288/2220
f 2264/2264/2197 2265/2265/2198 2290/2290/2222 2289/2289/2221
f 2265/2265/2198 2266/2266/2199 2291/2291/2223 2290/2290/2222
f 2266/2266/2199 2267/2267/2200 2292/2292/2224 2291/2291/2223
f 2267/2267/2200 2268/2268/2201 2293/2293/2225 2292/2292/2224
f 2268/2268/2201 2269/2269/2202 2294/2294/2226 2293/2293/2225
f 2269/2269/2202 2270/2270/2203 2295/2295/2227 2294/2294/2226
f 2270/2270/2203 2271/2271/2181 2296/2296/2205 2295/2295/2227
f 2272/2272/2205 2273/2273/2204 2298/2298/2228 2297/2297/2229
f 2273/2273/2204 2274/2274/2206 2299/2299/2230 2298/2298/2228
f 2274/2274/2206 2275/2275/2207 2300/2300/2231 2299/2299/2230
f 2275/2275/2207 2276/2276/2208 2301/2301/2232 2300/2300/2231
f 2276/2276/2208 2277/2277/2209 2302/2302/2233 2301/2301/2232
f 2277/2277/2209 2278/2278/2210 2303/2303/2234 2302/2302/2233
f 2278/2278/2210 2279/2279/2211 2304/2304/2235 2303/2303/2234
f 2279/2279/2211 2280/2280/2212 2305/2305/2236 2304/2304/2235
f 2280/2280/2212 2281/2281/2213 2306/2306/2237 2305/2305/2236
f 2281/2281/2213 2282/2282/2214 2307/2307/2238 2306/2306/2237
f 2282/2282/2214 2283/2283/2215 2308/2308/2239 2307/2307/2238
f 2283/2283/2215 2284/2284/2216 2309/2309/2240 2308/2308/2239
f 2284/2284/2216 2285/2285/2217 2310/2310/2241 2309/2309/2240
f 2285/2285/2217 2286/2286/2218 2311/2311/2242 2310/2310/2241
f 2286/2286/2218 2287/2287/2219 2312/2312/2243 2311/2311/2242
f 2287/2287/2219 2288/2288/2220 2313/2313/2244 2312/2312/2243
f 2288/2288/2220 2289/2289/2221 2314/2314/2245 2313/2313/2244
f 2289/2289/2221 2290/2290/2222 2315/2315/2246 2314/2314/2245
f 2290/2290/2222 2291/2291/2223 2316/2316/2247 2315/2315/2246
f 2291/2291/2223 2292/2292/2224 2317/2317/2248 2316/2316/2247
f 2292/2292/2224 2293/2293/2225 2318/2318/2249 2317/2317/2248
f 2293/2293/2225 2294/2294/2226 2319/2319/2250 2318/2318/2249
f 2294/2294/2226 2295/2295/2227 2320/2320/2251 2319/2319/2250
f 2295/2295/2227 2296/2296/2205 2321/2321/2229 2320/2320/2251
f 2297/2297/2229 2298/2298/2228 2323/2323/2252 2322/2322/2253
f 2298/2298/2228 2299/2299/2230 2324/2324/2254 2323/2323/2252
f 2299/2299/2230 2300/2300/2231 2325/2325/2255 2324/2324/2254
f 2300/2300/2231 2301/2301/2232 2326/2326/2256 2325/2325/2255
f 2301/2301/2232 2302/2302/2233 2327/2327/2257 2326/2326/2256
f 2302/2302/2233 2303/2303/2234 2328/2328/2258 2327/2327/2257
f 2303/2303/2234 2304/2304/2235 2329/2329/2259 2328/2328/2258
f 2304/2304/2235 2305/2305/2236 2330/2330/2260 2329/2329/2259
f 2305/2305/2236 2306/2306/2237 2331/2331/2261 2330/2330/2260
f 2306/2306/2237 2307/2307/2238 2332/2332/2262 2331/2331/2261
f 2307/2307/2238 2308/2308/2239 2333/2333/2263 2332/2332/2262
f 2308/2308/2239 2309/2309/2240 2334/2334/2264 2333/2333/2263
f 2309/2309/2240 2310/2310/2241 2335/2335/2265 2334/2334/2264
f 2310/2310/2241 2311/2311/2242 2336/2336/2266 2335/2335/2265
f 2311/2311/2242 2312/2312/2243 2337/2337/2267 2336/2336/2266
f 2312/2312/2243 2313/2313/2244 2338/2338/2268 2337/2337/2267
f 2313/2313/2244 2314/2314/2245 2339/2339/2269 2338/2338/2268
f 2314/2314/2245 2315/2315/2246 2340/2340/2270 2339/2339/2269
f 2315/2315/2246 2316/2316/2247 2341/2341/2271 2340/2340/2270
f 2316/2316/2247 2317/2317/2248 2342/2342/2272 2341/2341/2271
f 2317/2317/2248 2318/2318/2249 2343/2343/2273 2342/2342/2272
f 2318/2318/2249 2319/2319/2250 2344/2344/2274 2343/2343/2273
f 2319/2319/2250 2320/2320/2251 2345/2345/2275 2344/2344/2274
f 2320/2320/2251 2321/2321/2229 2346/2346/2253 2345/2345/2275
f 2322/2322/2253 2323/2323/2252 2348/2348/2276 2347/2347/2277
f 2323/2323/2252 2324/2324/2254 2349/2349/2278 2348/2348/2276
f 2324/2324/2254 2325/2325/2255 2350/2350/2279 2349/2349/2278
f 2325/2325/2255 2326/2326/2256 2351/2351/2280 2350/2350/2279
f 2326/2326/2256 2327/2327/2257 2352/2352/2281 2351/2351/2280
f 2327/2327/2257 2328/2328/2258 2353/2353/2282 2352/2352/2281
f 2328/2328/2258 2329/2329/2259 2354/2354/2283 2353/2353/2282
f 2329/2329/2259 2330/2330/2260 2355/2355/2284 2354/2354/2283
f 2330/2330/2260 2331/2331/2261 2356/2356/2285 2355/2355/2284
f 2331/2331/2261 2332/2332/2262 2357/2357/2286 2356/2356/2285
f 2332/2332/2262 2333/2333/2263 2358/2358/2287 2357/2357/2286
f 2333/2333/2263 2334/2334/2264 2359/2359/2288 2358/2358/2287
f 2334/2334/2264 2335/2335/2265 2360/2360/2289 2359/2359/2288
f 2335/2335/2265 2336/2336/2266 2361/2361/2290 2360/2360/2289
f 2336/2336/2266 2337/2337/2267 2362/2362/2291 2361/2361/2290
f 2337/2337/2267 2338/2338/2268 2363/2363/2292 2362/2362/2291
f 2338/2338/2268 2339/2339/2269 2364/2364/2293 2363/2363/2292
f 2339/2339/2269 2340/2340/2270 2365/2365/2294 2364/2364/2293
f 2340/2340/2270 2341/2341/2271 2366/2366/2295 2365/2365/2294
f 2341/2341/2271 2342/2342/2272 2367/2367/2296 2366/2366/2295
f 2342/2342/2272 2343/2343/2273 2368/2368/2297 2367/2367/2296
f 2343/2343/2273 2344/2344/2274 2369/2369/2298 2368/2368/2297
f 2344/2344/2274 2345/2345/2275 2370/2370/2299 2369/2369/2298
f 2345/2345/2275 2346/2346/2253 2371/2371/2277 2370/2370/2299
f 2347/2347/2277 2348/2348/2276 2373/2373/2300 2372/2372/2301
f 2348/2348/2276 2349/2349/2278 2374/2374/2302 2373/2373/2300
f 2349/2349/2278 2350/2350/2279 2375/2375/2303 2374/2374/2302
f 2350/2350/2279 2351/2351/2280 2376/2376/2304 2375/2375/2303
f 2351/2351/2280 2352/2352/2281 2377/2377/2305 2376/2376/2304
f 2352/2352/2281 2353/2353/2282 2378/2378/2306 2377/2377/2305
f 2353/2353/2282 2354/2354/2283 2379/2379/2307 2378/2378/2306
f 2354/2354/2283 2355/2355/2284 2380/2380/2308 2379/2379/2307
f 2355/2355/2284 2356/2356/2285 2381/2381/2309 2380/2380/2308
f 2356/2356/2285 2357/2357/2286 2382/2382/2310 2381/2381/2309
f 2357/2357/2286 2358/2358/2287 2383/2383/2311 2382/2382/2310
f 2358/2358/2287 2359/2359/2288 2384/2384/2312 2383/2383/2311
f 2359/2359/2288 2360/2360/2289 2385/2385/2313 2384/2384/2312
f 2360/2360/2289 2361/2361/2290 2386/2386/2314 2385/2385/2313
f 2361/2361/2290 2362/2362/2291 2387/2387/2315 2386/2386/2314
f 2362/2362/2291 2363/2363/2292 2388/2388/2316 2387/2387/2315
f 2363/2363/2292 2364/2364/2293 2389/2389/2317 2388/2388/2316
f 2364/2364/2293 2365/2365/2294 2390/2390/2318 2389/2389/2317
f 2365/2365/2294 2366/2366/2295 2391/2391/2319 2390/2390/2318
f 2366/2366/2295 2367/2367/2296 2392/2392/2320 2391/2391/2319
f 2367/2367/2296 2368/2368/2297 2393/2393/2321 2392/2392/2320
f 2368/2368/2297 2369/2369/2298 2394/2394/2322 2393/2393/2321
f 2369/2369/2298 2370/2370/2299 2395/2395/2323 2394/2394/2322
f 2370/2370/2299 2371/2371/2277 2396/2396/2301 2395/2395/2323
f 2372/2372/2301 2373/2373/2300 2398/2398/2324 2397/2397/2325
f 2373/2373/2300 2374/2374/2302 2399/2399/2326 2398/2398/2324
f 2374/2374/2302 2375/2375/2303 2400/2400/2327 2399/2399/2326
f 2375/2375/2303 2376/2376/2304 2401/2401/2328 2400/2400/2327
f 2376/2376/2304 2377/2377/2305 2402/2402/2329 2401/2401/2328
f 2377/2377/2305 2378/2378/2306 2403/2403/2330 2402/2402/2329
f 2378/2378/2306 2379/2379/2307 2404/2404/2331 2403/2403/2330
f 2379/2379/2307 2380/2380/2308 2405/2405/2332 2404/2404/2331
f 2380/2380/2308 2381/2381/2309 2406/2406/2333 2405/2405/2332
f 2381/2381/2309 2382/2382/2310 2407/2407/2334 2406/2406/2333
f 2382/2382/2310 2383/2383/2311 2408/2408/2335 2407/2407/2334
f 2383/2383/2311 2384/2384/2312 2409/2409/2336 2408/2408/2335
f 2384/2384/2312 2385/2385/2313 2410/2410/2337 2409/2409/2336
f 2385/2385/2313 2386/2386/2314 2411/2411/2338 2410/2410/2337
f 2386/2386/2314 2387/2387/2315 2412/2412/2339 2411/2411/2338
f 2387/2387/2315 2388/2388/2316 2413/2413/2340 2412/2412/2339
f 2388/2388/2316 2389/2389/2317 2414/2414/2341 2413/2413/2340
f 2389/2389/2317 2390/2390/2318 2415/2415/2342 2414/2414/2341
f 2390/2390/2318 2391/2391/2319 2416/2416/2343 2415/2415/2342
f 2391/2391/2319 2392/2392/2320 2417/2417/2344 2416/2416/2343
f 2392/2392/2320 2393/2393/2321 2418/2418/2345 2417/2417/2344
f 2393/2393/2321 2394/2394/2322 2419/2419/2346 2418/2418/2345
f 2394/2394/2322 2395/2395/2323 2420/2420/2347 2419/2419/2346
f 2395/2395/2323 2396/2396/2301 2421/2421/2325 2420/2420/2347
f 2397/2397/2325 2398/2398/2324 2423/2423/2348 2422/2422/2349
f 2398/2398/2324 2399/2399/2326 2424/2424/2350 2423/2423/2348
f 2399/2399/2326 2400/2400/2327 2425/2425/2351 2424/2424/2350
f 2400/2400/2327 2401/2401/2328 2426/2426/2352 2425/2425/2351
f 2401/2401/2328 2402/2402/2329 2427/2427/2353 2426/2426/2352
f 2402/2402/2329 2403/2403/2330 2428/2428/2354 2427/2427/2353
f 2403/2403/2330 2404/2404/2331 2429/2429/2355 2428/2428/2354
f 2404/2404/2331 2405/2405/2332 2430/2430/2356 2429/2429/2355
f 2405/2405/2332 2406/2406/2333 2431/2431/2357 2430/2430/2356
f 2406/2406/2333 2407/2407/2334 2432/2432/2358 2431/2431/2357
f 2407/2407/2334 2408/2408/2335 2433/2433/2359 2432/2432/2358
f 2408/2408/2335 2409/2409/2336 2434/2434/2360 2433/2433/2359
f 2409/2409/2336 2410/2410/2337 2435/2435/2361 2434/2434/2360
f 2410/2410/2337 2411/2411/2338 2436/2436/2362 2435/2435/2361
f 2411/2411/2338 2412/2412/2339 2437/2437/2363 2436/2436/2362
f 2412/2412/2339 2413/2413/2340 2438/2438/2364 2437/2437/2363
f 2413/2413/2340 2414/2414/2341 2439/2439/2365 2438/2438/2364
f 2414/2414/2341 2415/2415/2342 2440/2440/2366 2439/2439/2365
f 2415/2415/2342 2416/2416/2343 2441/2441/2367 2440/2440/2366
f 2416/2416/2343 2417/2417/2344 2442/2442/2368 2441/2441/2367
f 2417/2417/2344 2418/2418/2345 2443/2443/2369 2442/2442/2368
f 2418/2418/2345 2419/2419/2346 2444/2444/2370 2443/2443/2369
f 2419/2419/2346 2420/2420/2347 2445/2445/2371 2444/2444/2370
f 2420/2420/2347 2421/2421/2325 2446/2446/2349 2445/2445/2371
f 2422/2422/2349 2423/2423/2348 2448/2448/2372 2447/2447/2373
f 2423/2423/2348 2424/2424/2350 2449/2449/2374 2448/2448/2372
f 2424/2424/2350 2425/2425/2351 2450/2450/2375 2449/2449/2374
f 2425/2425/2351 2426/2426/2352 2451/2451/2376 2450/2450/2375
f 2426/2426/2352 2427/2427/2353 2452/2452/2377 2451/2451/2376
f 2427/2427/2353 2428/2428/2354 2453/2453/2378 2452/2452/2377
f 2428/2428/2354 2429/2429/2355 2454/2454/2379 2453/2453/2378
f 2429/2429/2355 2430/2430/2356 2455/2455/2380 2454/2454/2379
f 2430/2430/2356 2431/2431/2357 2456/2456/2381 2455/2455/2380
f 2431/2431/2357 2432/2432/2358 2457/2457/2382 2456/2456/2381
f 2432/2432/2358 2433/2433/2359 2458/2458/2383 2457/2457/2382
f 2433/2433/2359 2434/2434/2360 2459/2459/2384 2458/2458/2383
f 2434/2434/2360 2435/2435/2361 2460/2460/2385 2459/2459/2384
f 2435/2435/2361 2436/2436/2362 2461/2461/2386 2460/2460/2385
f 2436/2436/2362 2437/2437/2363 2462/2462/2387 2461/2461/2386
f 2437/2437/2363 2438/2438/2364 2463/2463/2388 2462/2462/2387
f 2438/2438/2364 2439/2439/2365 2464/2464/2389 2463/2463/2388
f 2439/2439/2365 2440/2440/2366 2465/2465/2390 2464/2464/2389
f 2440/2440/2366 2441/2441/2367 2466/2466/2391 2465/2465/2390
f 2441/2441/2367 2442/2442/2368 2467/2467/2392 2466/2466/2391
f 2442/2442/2368 2443/2443/2369 2468/2468/2393 2467/2467/2392
f 2443/2443/2369 2444/2444/2370 2469/2469/2394 2468/2468/2393
f 2444/2444/2370 2445/2445/2371 2470/2470/2395 2469/2469/2394
f 2445/2445/2371 2446/2446/2349 2471/2471/2373 2470/2470/2395
f 2472/2472/2396 2474/2474/2397 2473/2473/2398
f 2472/2472/2396 2475/2475/2399 2474/2474/2397
f 2472/2472/2396 2476/2476/2400 2475/2475/2399
f 2472/2472/2396 2477/2477/2401 2476/2476/2400
f 2472/2472/2396 2478/2478/2402 2477/2477/2401
f 2472/2472/2396 2479/2479/2403 2478/2478/2402
f 2472/2472/2396 2480/2480/2404 2479/2479/2403
f 2472/2472/2396 2481/2481/2405 2480/2480/2404
f 2472/2472/2396 2482/2482/2406 2481/2481/2405
f 2472/2472/2396 2483/2483/2407 2482/2482/2406
f 2472/2472/2396 2484/2484/2408 2483/2483/2407
f 2472/2472/2396 2485/2485/2409 2484/2484/2408
f 2472/2472/2396 2486/2486/2410 2485/2485/2409
f 2472/2472/2396 2487/2487/2411 2486/2486/2410
f 2472/2472/2396 2488/2488/2412 2487/2487/2411
f 2472/2472/2396 2489/2489/2413 2488/2488/2412
f 2472/2472/2396 2490/2490/2414 2489/2489/2413
f 2472/2472/2396 2491/2491/2415 2490/2490/2414
f 2472/2472/2396 2492/2492/2416 2491/2491/2415
f 2472/2472/2396 2493/2493/2417 2492/2492/2416
f 2472/2472/2396 2494/2494/2418 2493/2493/2417
f 2472/2472/2396 2495/2495/2419 2494/2494/2418
f 2472/2472/2396 2496/2496/2420 2495/2495/2419
f 2472/2472/2396 2473/2473/2398 2496/2496/2420
f 2497/2497/2421 2498/2498/2422 2499/2499/2423
f 2497/2497/2421 2499/2499/2423 2500/2500/2424
f 2497/2497/2421 2500/2500/2424 2501/2501/2425
f 2497/2497/2421 2501/2501/2425 2502/2502/2426
f 2497/2497/2421 2502/2502/2426 2503/2503/2427
f 2497/2497/2421 2503/2503/2427 2504/2504/2428
f 2497/2497/2421 2504/2504/2428 2505/2505/2429
f 2497/2497/2421 2505/2505/2429 2506/2506/2430
f 2497/2497/2421 2506/2506/2430 2507/2507/2431
f 2497/2497/2421 2507/2507/2431 2508/2508/2432
f 2497/2497/2421 2508/2508/2432 2509/2509/2433
f 2497/2497/2421 2509/2509/2433 2510/2510/2434
f 2497/2497/2421 2510/2510/2434 2511/2511/2435
f 2497/2497/2421 2511/2511/2435 2512/2512/2436
f 2497/2497/2421 2512/2512/2436 2513/2513/2437
f 2497/2497/2421 2513/2513/2437 2514/2514/2438
f 2497/2497/2421 2514/2514/2438 2515/2515/2439
f 2497/2497/2421 2515/2515/2439 2516/2516/2440
f 2497/2497/2421 2516/2516/2440 2517/2517/2441
f 2497/2497/2421 2517/2517/2441 2518/2518/2442
f 2497/2497/2421 2518/2518/2442 2519/2519/2443
f 2497/2497/2421 2519/2519/2443 2520/2520/2444
f 2497/2497/2421 2520/2520/2444 2521/2521/2445
f 2497/2497/2421 2521/2521/2445 2498/2498/2422

o Stamp_Spring
usemtl Steel_Machined
v 0.089801 -0.037216 -0.380094
v 0.088263 -0.034841 -0.379663
v 0.085778 -0.033830 -0.380660
v 0.083801 -0.034775 -0.382502
v 0.083491 -0.037122 -0.384109
v 0.085029 -0.039498 -0.384541
v 0.087514 -0.040509 -0.383544
v 0.089491 -0.039564 -0.381702
v 0.089801 -0.037216 -0.380094
v 0.081746 -0.044613 -0.367809
v 0.080367 -0.042117 -0.367563
v 0.078254 -0.040822 -0.368996
v 0.076646 -0.041486 -0.371269
v 0.076485 -0.043720 -0.373051
v 0.077864 -0.046216 -0.373297
v 0.079977 -0.047512 -0.371864
v 0.081584 -0.046847 -0.369591
v 0.081746 -0.044613 -0.367809
v 0.067495 -0.051324 -0.360560
v 0.066573 -0.048614 -0.360547
v 0.065512 -0.046827 -0.362515
v 0.064931 -0.047011 -0.365312
v 0.065173 -0.049057 -0.367300
v 0.066095 -0.051767 -0.367313
v 0.067157 -0.053554 -0.365344
v 0.067737 -0.053370 -0.362547
v 0.067495 -0.051324 -0.360560
v 0.050603 -0.055229 -0.360648
v 0.050256 -0.052388 -0.360633
v 0.050452 -0.050314 -0.362596
v 0.051075 -0.050223 -0.365388
v 0.051761 -0.052168 -0.367374
v 0.052108 -0.055009 -0.367389
v 0.051912 -0.057083 -0.365426
v 0.051289 -0.057174 -0.362633
v 0.050603 -0.055229 -0.360648
v 0.034886 -0.055253 -0.367962
v 0.035104 -0.052412 -0.367684
v 0.036481 -0.050340 -0.369100
v 0.038209 -0.050250 -0.371380
v 0.039277 -0.052195 -0.373188
v 0.039059 -0.055036 -0.373466
v 0.037683 -0.057108 -0.372050
v 0.035955 -0.057198 -0.369770
v 0.034886 -0.055253 -0.367962
v 0.023892 -0.051209 -0.380733
v 0.024525 -0.048523 -0.379974
v 0.026735 -0.046760 -0.380424
v 0.029227 -0.046953 -0.381821
v 0.030540 -0.048989 -0.383345
v 0.029906 -0.051676 -0.384104
v 0.027696 -0.053438 -0.383653
v 0.025205 -0.053245 -0.382257
v 0.023892 -0.051209 -0.380733
v 0.020081 -0.043843 -0.395944
v 0.020866 -0.041451 -0.394583
v 0.023368 -0.040253 -0.393874
v 0.026120 -0.040952 -0.394233
v 0.027511 -0.043139 -0.395449
v 0.026726 -0.045531 -0.396810
v 0.024224 -0.046729 -0.397519
v 0.021472 -0.046030 -0.397160
v 0.020081 -0.043843 -0.395944
v 0.024267 -0.034664 -0.410019
v 0.024879 -0.032653 -0.408075
v 0.027060 -0.032165 -0.406287
v 0.029532 -0.033484 -0.405701
v 0.030847 -0.035838 -0.406661
v 0.030235 -0.037849 -0.408605
v 0.028054 -0.038337 -0.410393
v 0.025582 -0.037018 -0.410979
v 0.024267 -0.034664 -0.410019
v 0.035431 -0.025592 -0.419647
v 0.035561 -0.023976 -0.417288
v 0.036880 -0.024192 -0.414756
v 0.038614 -0.026115 -0.413535
v 0.039748 -0.028616 -0.414339
v 0.039618 -0.030233 -0.416698
v 0.038300 -0.030016 -0.419230
v 0.036566 -0.028094 -0.420451
v 0.035431 -0.025592 -0.419647
v 0.050955 -0.018524 -0.422537
v 0.050386 -0.017228 -0.420049
v 0.050498 -0.017998 -0.417294
v 0.051224 -0.020382 -0.415886
v 0.052140 -0.022984 -0.416650
v 0.052708 -0.024280 -0.419139
v 0.052597 -0.023511 -0.421893
v 0.051870 -0.021127 -0.423301
v 0.050955 -0.018524 -0.422537
v 0.067224 -0.014894 -0.417947
v 0.065895 -0.013770 -0.415675
v 0.064736 -0.014827 -0.413280
v 0.064425 -0.017446 -0.412167
v 0.065144 -0.020092 -0.412987
v 0.066473 -0.021216 -0.415259
v 0.067632 -0.020160 -0.417653
v 0.067943 -0.017541 -0.418767
v 0.067224 -0.014894 -0.417947
v 0.080458 -0.015347 -0.406849
v 0.078488 -0.014203 -0.405116
v 0.076290 -0.015228 -0.403595
v 0.075151 -0.017821 -0.403177
v 0.075740 -0.020463 -0.404107
v 0.077709 -0.021607 -0.405841
v 0.079907 -0.020583 -0.407362
v 0.081046 -0.017990 -0.407779
v 0.080458 -0.015347 -0.406849
v 0.087577 -0.019592 -0.391705
v 0.085250 -0.018237 -0.390732
v 0.082492 -0.018931 -0.390407
v 0.080918 -0.021266 -0.390919
v 0.081450 -0.023875 -0.391969
v 0.083777 -0.025230 -0.392941
v 0.086535 -0.024537 -0.393266
v 0.088109 -0.022202 -0.392754
v 0.087577 -0.019592 -0.391705
v 0.086907 -0.026469 -0.375899
v 0.084615 -0.024760 -0.375747
v 0.081911 -0.024913 -0.376674
v 0.080378 -0.026838 -0.378135
v 0.080914 -0.029408 -0.379276
v 0.083206 -0.031117 -0.379428
v 0.085910 -0.030964 -0.378501
v 0.087443 -0.029039 -0.377040
v 0.086907 -0.026469 -0.375899
v 0.078561 -0.034218 -0.362964
v 0.076717 -0.032096 -0.363505
v 0.074675 -0.031638 -0.365458
v 0.073633 -0.033112 -0.367680
v 0.074199 -0.035654 -0.368868
v 0.076043 -0.037775 -0.368327
v 0.078085 -0.038233 -0.366373
v 0.079128 -0.036760 -0.364152
v 0.078561 -0.034218 -0.362964
v 0.064411 -0.040881 -0.355766
v 0.063347 -0.038396 -0.356705
v 0.062430 -0.037412 -0.359232
v 0.062198 -0.038506 -0.361866
v 0.062787 -0.041038 -0.363066
v 0.063851 -0.043524 -0.362127
v 0.064767 -0.044508 -0.359600
v 0.064999 -0.043413 -0.356965
v 0.064411 -0.040881 -0.355766
v 0.047654 -0.044756 -0.355853
v 0.047540 -0.042053 -0.356788
v 0.047957 -0.040765 -0.359310
v 0.048661 -0.041645 -0.361941
v 0.049240 -0.044179 -0.363140
v 0.049354 -0.046882 -0.362205
v 0.048936 -0.048171 -0.359683
v 0.048232 -0.047290 -0.357052
v 0.047654 -0.044756 -0.355853
v 0.032078 -0.044780 -0.363101
v 0.032871 -0.042078 -0.363616
v 0.034528 -0.040791 -0.365563
v 0.036079 -0.041673 -0.367801
v 0.036616 -0.044207 -0.369020
v 0.035823 -0.046909 -0.368505
v 0.034165 -0.048196 -0.366559
v 0.032614 -0.047314 -0.364320
v 0.032078 -0.044780 -0.363101
v 0.021191 -0.040776 -0.375747
v 0.022635 -0.038316 -0.375508
v 0.025159 -0.037351 -0.376451
v 0.027287 -0.038446 -0.378022
v 0.027770 -0.040960 -0.379302
v 0.026327 -0.043421 -0.379541
v 0.023802 -0.044386 -0.378598
v 0.021675 -0.043290 -0.377027
v 0.021191 -0.040776 -0.375747
v 0.017421 -0.033490 -0.390795
v 0.019096 -0.031478 -0.389637
v 0.021922 -0.031096 -0.389385
v 0.024243 -0.032567 -0.390185
v 0.024700 -0.035030 -0.391570
v 0.023025 -0.037042 -0.392727
v 0.020200 -0.037425 -0.392980
v 0.017878 -0.035953 -0.392179
v 0.017421 -0.033490 -0.390795
v 0.021559 -0.024418 -0.404706
v 0.022976 -0.022976 -0.402679
v 0.025474 -0.023318 -0.401324
v 0.027590 -0.025242 -0.401434
v 0.028085 -0.027622 -0.402945
v 0.026668 -0.029064 -0.404972
v 0.024170 -0.028723 -0.406327
v 0.022054 -0.026798 -0.406217
v 0.021559 -0.024418 -0.404706
v 0.032583 -0.015461 -0.414213
v 0.033295 -0.014595 -0.411580
v 0.034921 -0.015650 -0.409473
v 0.036508 -0.018007 -0.409127
v 0.037126 -0.020286 -0.410744
v 0.036414 -0.021152 -0.413378
v 0.034788 -0.020097 -0.415485
v 0.033201 -0.017740 -0.415831
v 0.032583 -0.015461 -0.414213
v 0.047898 -0.008489 -0.417065
v 0.047611 -0.008081 -0.414246
v 0.048027 -0.009690 -0.411916
v 0.048903 -0.012373 -0.411438
v 0.049726 -0.014558 -0.413094
v 0.050014 -0.014966 -0.415913
v 0.049597 -0.013357 -0.418243
v 0.048721 -0.010674 -0.418721
v 0.047898 -0.008489 -0.417065
v 0.063934 -0.004912 -0.412541
v 0.062579 -0.004745 -0.410026
v 0.061733 -0.006639 -0.408053
v 0.061892 -0.009484 -0.407779
v 0.062964 -0.011613 -0.409364
v 0.064319 -0.011780 -0.411880
v 0.065165 -0.009886 -0.413852
v 0.065005 -0.007041 -0.414127
v 0.063934 -0.004912 -0.412541
v 0.076967 -0.005358 -0.401612
v 0.074727 -0.005165 -0.399840
v 0.072860 -0.007027 -0.398727
v 0.072460 -0.009854 -0.398923
v 0.073760 -0.011991 -0.400316
v 0.076000 -0.012185 -0.402088
v 0.077867 -0.010322 -0.403201
v 0.078267 -0.007495 -0.403005
v 0.076967 -0.005358 -0.401612
v 0.083971 -0.009536 -0.386712
v 0.081248 -0.009056 -0.385972
v 0.078835 -0.010595 -0.386023
v 0.078146 -0.013252 -0.386835
v 0.079585 -0.015470 -0.387933
v 0.082308 -0.015950 -0.388673
v 0.084721 -0.014411 -0.388622
v 0.085410 -0.011754 -0.387810
v 0.083971 -0.009536 -0.386712
v 0.083313 -0.016297 -0.371175
v 0.080637 -0.015344 -0.371529
v 0.078276 -0.016362 -0.372788
v 0.077614 -0.018754 -0.374214
v 0.079038 -0.021119 -0.374972
v 0.081714 -0.022071 -0.374617
v 0.084074 -0.021053 -0.373358
v 0.084737 -0.018661 -0.371932
v 0.083313 -0.016297 -0.371175
v 0.075116 -0.023908 -0.358470
v 0.073027 -0.022415 -0.359734
v 0.071300 -0.022848 -0.361976
v 0.070947 -0.024956 -0.363881
v 0.072174 -0.027502 -0.364333
v 0.074263 -0.028995 -0.363069
v 0.075990 -0.028561 -0.360827
v 0.076343 -0.026454 -0.358923
v 0.075116 -0.023908 -0.358470
v 0.061230 -0.030449 -0.351406
v 0.060150 -0.028483 -0.353186
v 0.059489 -0.028419 -0.355970
v 0.059632 -0.030294 -0.358128
v 0.060497 -0.033009 -0.358396
v 0.061577 -0.034975 -0.356617
v 0.062239 -0.035039 -0.353833
v 0.062095 -0.033164 -0.351675
v 0.061230 -0.030449 -0.351406
v 0.044799 -0.034249 -0.351492
v 0.044932 -0.032006 -0.353267
v 0.045521 -0.031656 -0.356046
v 0.046222 -0.033404 -0.358202
v 0.046624 -0.036225 -0.358472
v 0.046491 -0.038467 -0.356698
v 0.045902 -0.038817 -0.353919
v 0.045201 -0.037070 -0.351762
v 0.044799 -0.034249 -0.351492
v 0.029539 -0.034273 -0.358594
v 0.030813 -0.032032 -0.359840
v 0.032554 -0.031684 -0.362085
v 0.033743 -0.033432 -0.364015
v 0.033683 -0.036252 -0.364499
v 0.032410 -0.038493 -0.363253
v 0.030669 -0.038842 -0.361008
v 0.029480 -0.037094 -0.359078
v 0.029539 -0.034273 -0.358594
v 0.018883 -0.030354 -0.370974
v 0.020964 -0.028413 -0.371284
v 0.023503 -0.028361 -0.372605
v 0.025012 -0.030228 -0.374164
v 0.024608 -0.032921 -0.375047
v 0.022527 -0.034862 -0.374737
v 0.019988 -0.034914 -0.373416
v 0.018479 -0.033047 -0.371857
v 0.018883 -0.030354 -0.370974
v 0.015196 -0.023229 -0.385692
v 0.017560 -0.021837 -0.384876
v 0.020373 -0.022315 -0.385109
v 0.021986 -0.024383 -0.386256
v 0.021455 -0.026830 -0.387644
v 0.019090 -0.028222 -0.388460
v 0.016278 -0.027743 -0.388227
v 0.014665 -0.025675 -0.387080
v 0.015196 -0.023229 -0.385692
v 0.019240 -0.014364 -0.399289
v 0.021292 -0.013662 -0.397420
v 0.023809 -0.014793 -0.396659
v 0.025318 -0.017093 -0.397452
v 0.024933 -0.019215 -0.399334
v 0.022881 -0.019917 -0.401203
v 0.020364 -0.018786 -0.401964
v 0.018856 -0.016486 -0.401171
v 0.019240 -0.014364 -0.399289
v 0.030006 -0.005618 -0.408573
v 0.031215 -0.005605 -0.405979
v 0.032954 -0.007372 -0.404548
v 0.034204 -0.009883 -0.405118
v 0.034233 -0.011668 -0.407356
v 0.033023 -0.011680 -0.409950
v 0.031284 -0.009914 -0.411381
v 0.030034 -0.007402 -0.410811
v 0.030006 -0.005618 -0.408573
v 0.044950 0.001185 -0.411356
v 0.044978 0.000655 -0.408543
v 0.045649 -0.001601 -0.406915
v 0.046571 -0.004262 -0.407425
v 0.047203 -0.005770 -0.409774
v 0.047176 -0.005241 -0.412587
v 0.046504 -0.002985 -0.414216
v 0.045582 -0.000323 -0.413706
v 0.044950 0.001185 -0.411356
v 0.060586 0.004672 -0.406946
v 0.059366 0.003860 -0.404487
v 0.058935 0.001355 -0.403171
v 0.059546 -0.001377 -0.403769
v 0.060841 -0.002735 -0.405931
v 0.062061 -0.001924 -0.408390
v 0.062492 0.000582 -0.409706
v 0.061881 0.003313 -0.409108
v 0.060586 0.004672 -0.406946
v 0.073284 0.004235 -0.396299
v 0.071042 0.003456 -0.394699
v 0.069729 0.000978 -0.394125
v 0.070114 -0.001747 -0.394913
v 0.071972 -0.003123 -0.396601
v 0.074214 -0.002343 -0.398200
v 0.075527 0.000135 -0.398774
v 0.075142 0.002859 -0.397987
v 0.073284 0.004235 -0.396299
v 0.080104 0.000167 -0.381792
v 0.077309 -0.000285 -0.381372
v 0.075530 -0.002488 -0.381794
v 0.075808 -0.005149 -0.382809
v 0.077981 -0.006711 -0.383824
v 0.080777 -0.006259 -0.384244
v 0.082556 -0.004057 -0.383822
v 0.082278 -0.001395 -0.382807
v 0.080104 0.000167 -0.381792
v 0.079539 -0.006217 -0.367093
v 0.076691 -0.006419 -0.367302
v 0.074868 -0.008413 -0.368247
v 0.075137 -0.011030 -0.369375
v 0.077341 -0.012737 -0.370025
v 0.080189 -0.012534 -0.369817
v 0.082012 -0.010541 -0.368871
v 0.081743 -0.007924 -0.367743
v 0.079539 -0.006217 -0.367093
v 0.086646 -0.037169 -0.382102
v 0.089801 -0.037216 -0.380094
v 0.088263 -0.034841 -0.379663
v 0.085778 -0.033830 -0.380660
v 0.083801 -0.034775 -0.382502
v 0.083491 -0.037122 -0.384109
v 0.085029 -0.039498 -0.384541
v 0.087514 -0.040509 -0.383544
v 0.089491 -0.039564 -0.381702
v 0.078440 -0.009477 -0.368559
v 0.079539 -0.006217 -0.367093
v 0.076691 -0.006419 -0.367302
v 0.074868 -0.008413 -0.368247
v 0.075137 -0.011030 -0.369375
v 0.077341 -0.012737 -0.370025
v 0.080189 -0.012534 -0.369817
v 0.082012 -0.010541 -0.368871
v 0.081743 -0.007924 -0.367743
vt 0.000000 0.000000
vt 0.125000 0.000000
vt 0.250000 0.000000
vt 0.375000 0.000000
vt 0.500000 0.000000
vt 0.625000 0.000000
vt 0.750000 0.000000
vt 0.875000 0.000000
vt 1.000000 0.000000
vt 0.000000 0.025539
vt 0.125000 0.025539
vt 0.250000 0.025539
vt 0.375000 0.025539
vt 0.500000 0.025539
vt 0.625000 0.025539
vt 0.750000 0.025539
vt 0.875000 0.025539
vt 1.000000 0.025539
vt 0.000000 0.051239
vt 0.125000 0.051239
vt 0.250000 0.051239
vt 0.375000 0.051239
vt 0.500000 0.051239
vt 0.625000 0.051239
vt 0.750000 0.051239
vt 0.875000 0.051239
vt 1.000000 0.051239
vt 0.000000 0.076939
vt 0.125000 0.076939
vt 0.250000 0.076939
vt 0.375000 0.076939
vt 0.500000 0.076939
vt 0.625000 0.076939
vt 0.750000 0.076939
vt 0.875000 0.076939
vt 1.000000 0.076939
vt 0.000000 0.102639
vt 0.125000 0.102639
vt 0.250000 0.102639
vt 0.375000 0.102639
vt 0.500000 0.102639
vt 0.625000 0.102639
vt 0.750000 0.102639
vt 0.875000 0.102639
vt 1.000000 0.102639
vt 0.000000 0.128338
vt 0.125000 0.128338
vt 0.250000 0.128338
vt 0.375000 0.128338
vt 0.500000 0.128338
vt 0.625000 0.128338
vt 0.750000 0.128338
vt 0.875000 0.128338
vt 1.000000 0.128338
vt 0.000000 0.154036
vt 0.125000 0.154036
vt 0.250000 0.154036
vt 0.375000 0.154036
vt 0.500000 0.154036
vt 0.625000 0.154036
vt 0.750000 0.154036
vt 0.875000 0.154036
vt 1.000000 0.154036
vt 0.000000 0.179732
vt 0.125000 0.179732
vt 0.250000 0.179732
vt 0.375000 0.179732
vt 0.500000 0.179732
vt 0.625000 0.179732
vt 0.750000 0.179732
vt 0.875000 0.179732
vt 1.000000 0.179732
vt 0.000000 0.205427
vt 0.125000 0.205427
vt 0.250000 0.205427
vt 0.375000 0.205427
vt 0.500000 0.205427
vt 0.625000 0.205427
vt 0.750000 0.205427
vt 0.875000 0.205427
vt 1.000000 0.205427
vt 0.000000 0.231121
vt 0.125000 0.231121
vt 0.250000 0.231121
vt 0.375000 0.231121
vt 0.500000 0.231121
vt 0.625000 0.231121
vt 0.750000 0.231121
vt 0.875000 0.231121
vt 1.000000 0.231121
vt 0.000000 0.256812
vt 0.125000 0.256812
vt 0.250000 0.256812
vt 0.375000 0.256812
vt 0.500000 0.256812
vt 0.625000 0.256812
vt 0.750000 0.256812
vt 0.875000 0.256812
vt 1.000000 0.256812
vt 0.000000 0.282501
vt 0.125000 0.282501
vt 0.250000 0.282501
vt 0.375000 0.282501
vt 0.500000 0.282501
vt 0.625000 0.282501
vt 0.750000 0.282501
vt 0.875000 0.282501
vt 1.000000 0.282501
vt 0.000000 0.308188
vt 0.125000 0.308188
vt 0.250000 0.308188
vt 0.375000 0.308188
vt 0.500000 0.308188
vt 0.625000 0.308188
vt 0.750000 0.308188
vt 0.875000 0.308188
vt 1.000000 0.308188
vt 0.000000 0.333872
vt 0.125000 0.333872
vt 0.250000 0.333872
vt 0.375000 0.333872
vt 0.500000 0.333872
vt 0.625000 0.333872
vt 0.750000 0.333872
vt 0.875000 0.333872
vt 1.000000 0.333872
vt 0.000000 0.359554
vt 0.125000 0.359554
vt 0.250000 0.359554
vt 0.375000 0.359554
vt 0.500000 0.359554
vt 0.625000 0.359554
vt 0.750000 0.359554
vt 0.875000 0.359554
vt 1.000000 0.359554
vt 0.000000 0.385232
vt 0.125000 0.385232
vt 0.250000 0.385232
vt 0.375000 0.385232
vt 0.500000 0.385232
vt 0.625000 0.385232
vt 0.750000 0.385232
vt 0.875000 0.385232
vt 1.000000 0.385232
vt 0.000000 0.410907
vt 0.125000 0.410907
vt 0.250000 0.410907
vt 0.375000 0.410907
vt 0.500000 0.410907
vt 0.625000 0.410907
vt 0.750000 0.410907
vt 0.875000 0.410907
vt 1.000000 0.410907
vt 0.000000 0.436579
vt 0.125000 0.436579
vt 0.250000 0.436579
vt 0.375000 0.436579
vt 0.500000 0.436579
vt 0.625000 0.436579
vt 0.750000 0.436579
vt 0.875000 0.436579
vt 1.000000 0.436579
vt 0.000000 0.462247
vt 0.125000 0.462247
vt 0.250000 0.462247
vt 0.375000 0.462247
vt 0.500000 0.462247
vt 0.625000 0.462247
vt 0.750000 0.462247
vt 0.875000 0.462247
vt 1.000000 0.462247
vt 0.000000 0.487911
vt 0.125000 0.487911
vt 0.250000 0.487911
vt 0.375000 0.487911
vt 0.500000 0.487911
vt 0.625000 0.487911
vt 0.750000 0.487911
vt 0.875000 0.487911
vt 1.000000 0.487911
vt 0.000000 0.513571
vt 0.125000 0.513571
vt 0.250000 0.513571
vt 0.375000 0.513571
vt 0.500000 0.513571
vt 0.625000 0.513571
vt 0.750000 0.513571
vt 0.875000 0.513571
vt 1.000000 0.513571
vt 0.000000 0.539227
vt 0.125000 0.539227
vt 0.250000 0.539227
vt 0.375000 0.539227
vt 0.500000 0.539227
vt 0.625000 0.539227
vt 0.750000 0.539227
vt 0.875000 0.539227
vt 1.000000 0.539227
vt 0.000000 0.564878
vt 0.125000 0.564878
vt 0.250000 0.564878
vt 0.375000 0.564878
vt 0.500000 0.564878
vt 0.625000 0.564878
vt 0.750000 0.564878
vt 0.875000 0.564878
vt 1.000000 0.564878
vt 0.000000 0.590524
vt 0.125000 0.590524
vt 0.250000 0.590524
vt 0.375000 0.590524
vt 0.500000 0.590524
vt 0.625000 0.590524
vt 0.750000 0.590524
vt 0.875000 0.590524
vt 1.000000 0.590524
vt 0.000000 0.616166
vt 0.125000 0.616166
vt 0.250000 0.616166
vt 0.375000 0.616166
vt 0.500000 0.616166
vt 0.625000 0.616166
vt 0.750000 0.616166
vt 0.875000 0.616166
vt 1.000000 0.616166
vt 0.000000 0.641802
vt 0.125000 0.641802
vt 0.250000 0.641802
vt 0.375000 0.641802
vt 0.500000 0.641802
vt 0.625000 0.641802
vt 0.750000 0.641802
vt 0.875000 0.641802
vt 1.000000 0.641802
vt 0.000000 0.667433
vt 0.125000 0.667433
vt 0.250000 0.667433
vt 0.375000 0.667433
vt 0.500000 0.667433
vt 0.625000 0.667433
vt 0.750000 0.667433
vt 0.875000 0.667433
vt 1.000000 0.667433
vt 0.000000 0.693059
vt 0.125000 0.693059
vt 0.250000 0.693059
vt 0.375000 0.693059
vt 0.500000 0.693059
vt 0.625000 0.693059
vt 0.750000 0.693059
vt 0.875000 0.693059
vt 1.000000 0.693059
vt 0.000000 0.718679
vt 0.125000 0.718679
vt 0.250000 0.718679
vt 0.375000 0.718679
vt 0.500000 0.718679
vt 0.625000 0.718679
vt 0.750000 0.718679
vt 0.875000 0.718679
vt 1.000000 0.718679
vt 0.000000 0.744294
vt 0.125000 0.744294
vt 0.250000 0.744294
vt 0.375000 0.744294
vt 0.500000 0.744294
vt 0.625000 0.744294
vt 0.750000 0.744294
vt 0.875000 0.744294
vt 1.000000 0.744294
vt 0.000000 0.769902
vt 0.125000 0.769902
vt 0.250000 0.769902
vt 0.375000 0.769902
vt 0.500000 0.769902
vt 0.625000 0.769902
vt 0.750000 0.769902
vt 0.875000 0.769902
vt 1.000000 0.769902
vt 0.000000 0.795504
vt 0.125000 0.795504
vt 0.250000 0.795504
vt 0.375000 0.795504
vt 0.500000 0.795504
vt 0.625000 0.795504
vt 0.750000 0.795504
vt 0.875000 0.795504
vt 1.000000 0.795504
vt 0.000000 0.821100
vt 0.125000 0.821100
vt 0.250000 0.821100
vt 0.375000 0.821100
vt 0.500000 0.821100
vt 0.625000 0.821100
vt 0.750000 0.821100
vt 0.875000 0.821100
vt 1.000000 0.821100
vt 0.000000 0.846690
vt 0.125000 0.846690
vt 0.250000 0.846690
vt 0.375000 0.846690
vt 0.500000 0.846690
vt 0.625000 0.846690
vt 0.750000 0.846690
vt 0.875000 0.846690
vt 1.000000 0.846690
vt 0.000000 0.872273
vt 0.125000 0.872273
vt 0.250000 0.872273
vt 0.375000 0.872273
vt 0.500000 0.872273
vt 0.625000 0.872273
vt 0.750000 0.872273
vt 0.875000 0.872273
vt 1.000000 0.872273
vt 0.000000 0.897849
vt 0.125000 0.897849
vt 0.250000 0.897849
vt 0.375000 0.897849
vt 0.500000 0.897849
vt 0.625000 0.897849
vt 0.750000 0.897849
vt 0.875000 0.897849
vt 1.000000 0.897849
vt 0.000000 0.923418
vt 0.125000 0.923418
vt 0.250000 0.923418
vt 0.375000 0.923418
vt 0.500000 0.923418
vt 0.625000 0.923418
vt 0.750000 0.923418
vt 0.875000 0.923418
vt 1.000000 0.923418
vt 0.000000 0.948981
vt 0.125000 0.948981
vt 0.250000 0.948981
vt 0.375000 0.948981
vt 0.500000 0.948981
vt 0.625000 0.948981
vt 0.750000 0.948981
vt 0.875000 0.948981
vt 1.000000 0.948981
vt 0.000000 0.974536
vt 0.125000 0.974536
vt 0.250000 0.974536
vt 0.375000 0.974536
vt 0.500000 0.974536
vt 0.625000 0.974536
vt 0.750000 0.974536
vt 0.875000 0.974536
vt 1.000000 0.974536
vt 0.000000 1.000000
vt 0.125000 1.000000
vt 0.250000 1.000000
vt 0.375000 1.000000
vt 0.500000 1.000000
vt 0.625000 1.000000
vt 0.750000 1.000000
vt 0.875000 1.000000
vt 1.000000 1.000000
vt 0.500000 0.500000
vt 0.950000 0.500000
vt 0.818198 0.818198
vt 0.500000 0.950000
vt 0.181802 0.818198
vt 0.050000 0.500000
vt 0.181802 0.181802
vt 0.500000 0.050000
vt 0.818198 0.181802
vt 0.500000 0.500000
vt 0.950000 0.500000
vt 0.818198 0.818198
vt 0.500000 0.950000
vt 0.181802 0.818198
vt 0.050000 0.500000
vt 0.181802 0.181802
vt 0.500000 0.050000
vt 0.818198 0.181802
vn 0.891167 0.036016 0.452243
vn 0.494105 0.661170 0.564547
vn 0.334672 0.542403 0.770580
vn 0.697778 -0.123097 0.705658
vn -0.165225 0.940450 0.297076
vn -0.222516 0.892208 0.393004
vn -0.697125 0.689127 -0.197792
vn -0.659635 0.721398 -0.210869
vn -0.779845 0.066196 -0.622463
vn -0.709811 0.114779 -0.694978
vn -0.371617 -0.562769 -0.738371
vn -0.329016 -0.560181 -0.760228
vn 0.295816 -0.832627 -0.468215
vn 0.238238 -0.896549 -0.373420
vn 0.815813 -0.577545 0.029851
vn 0.658310 -0.716331 0.231296
vn 0.068700 0.411815 0.908674
vn 0.310614 -0.303564 0.900759
vn -0.214506 0.894024 0.393329
vn -0.374363 0.855193 -0.358465
vn -0.310279 0.302366 -0.901278
vn -0.058907 -0.432755 -0.899585
vn 0.224908 -0.904229 -0.363024
vn 0.375362 -0.845695 0.379347
vn -0.246799 0.339366 0.907701
vn -0.154568 -0.410243 0.898782
vn -0.197687 0.897825 0.393484
vn -0.031704 0.933381 -0.357483
vn 0.155074 0.408212 -0.899619
vn 0.248018 -0.362930 -0.898203
vn 0.192423 -0.911582 -0.363306
vn 0.025690 -0.925648 0.377513
vn -0.532069 0.339350 0.775722
vn -0.586750 -0.410091 0.698247
vn -0.170517 0.897754 0.406155
vn 0.295150 0.932897 -0.206374
vn 0.587334 0.407222 -0.699435
vn 0.524621 -0.363562 -0.769802
vn 0.150771 -0.911446 -0.382798
vn -0.306986 -0.925273 0.222776
vn -0.725829 0.410861 0.551693
vn -0.888553 -0.298394 0.348475
vn -0.143444 0.887657 0.437594
vn 0.529426 0.845909 0.064391
vn 0.889128 0.294727 -0.350125
vn 0.711751 -0.433371 -0.552812
vn 0.113690 -0.897537 -0.426030
vn -0.544699 -0.836938 -0.053265
vn -0.791236 0.536667 0.293144
vn -0.993102 -0.096175 -0.067068
vn -0.131258 0.863957 0.486159
vn 0.612875 0.684750 0.394338
vn 0.993667 0.091808 0.064783
vn 0.774367 -0.555299 -0.303313
vn 0.098182 -0.867027 -0.488492
vn -0.628702 -0.673498 -0.388761
vn -0.722925 0.688157 0.061804
vn -0.879358 0.154809 -0.450292
vn -0.147678 0.827712 0.541373
vn 0.520603 0.479846 0.706201
vn 0.880054 -0.159735 0.447202
vn 0.708096 -0.701460 -0.080956
vn 0.118590 -0.822417 -0.556387
vn -0.534328 -0.466066 -0.705179
vn -0.546282 0.832653 -0.090916
vn -0.576674 0.401875 -0.711297
vn -0.199645 0.785231 0.586135
vn 0.268441 0.273189 0.923746
vn 0.577793 -0.407223 0.707337
vn 0.538188 -0.840308 0.065080
vn 0.180762 -0.771803 -0.609627
vn -0.278222 -0.257300 -0.925413
vn -0.309554 0.941231 -0.135133
vn -0.157589 0.593691 -0.789111
vn -0.283225 0.746896 0.601606
vn -0.089230 0.108747 0.990057
vn 0.159514 -0.599386 0.784405
vn 0.311578 -0.944206 0.106743
vn 0.278245 -0.727269 -0.627423
vn 0.084095 -0.091657 -0.992233
vn -0.071102 0.995154 -0.067918
vn 0.279359 0.692130 -0.665518
vn -0.382642 0.724405 0.573430
vn -0.471011 0.022042 0.881852
vn -0.276284 -0.698218 0.660423
vn 0.084380 -0.995546 0.042053
vn 0.391930 -0.701737 -0.594941
vn 0.470087 -0.004876 -0.882607
vn 0.114876 0.989476 0.087980
vn 0.632702 0.680936 -0.368802
vn -0.473092 0.727167 0.497405
vn -0.786940 0.031390 0.616231
vn -0.628329 -0.687612 0.363859
vn -0.091883 -0.990060 -0.106479
vn 0.493681 -0.705078 -0.509062
vn 0.788924 -0.015199 -0.614302
vn 0.210617 0.933131 0.291388
vn 0.821517 0.569207 0.033362
vn -0.526871 0.758883 0.382756
vn -0.959603 0.132969 0.247955
vn -0.816030 -0.576787 -0.037557
vn -0.181920 -0.936715 -0.299115
vn 0.553239 -0.740605 -0.381354
vn 0.962773 -0.118503 -0.242951
vn 0.202270 0.845729 0.493790
vn 0.803838 0.388941 0.450077
vn -0.521295 0.815407 0.251719
vn -0.942924 0.301035 -0.142379
vn -0.797809 -0.397786 -0.453064
vn -0.173512 -0.854460 -0.489686
vn 0.546721 -0.803051 -0.237077
vn 0.945617 -0.288621 0.150022
vn 0.101091 0.752064 0.651292
vn 0.585747 0.187296 0.788556
vn -0.446216 0.884662 0.135147
vn -0.734014 0.493387 -0.466682
vn -0.580062 -0.197691 -0.790219
vn -0.078271 -0.766856 -0.637029
vn 0.464384 -0.878770 -0.110052
vn 0.735019 -0.482930 0.475948
vn -0.061448 0.675825 0.734497
vn 0.219170 0.015455 0.975564
vn -0.308872 0.948880 0.064997
vn -0.375047 0.660908 -0.650031
vn -0.214833 -0.027484 -0.976264
vn 0.073418 -0.696072 -0.714208
vn 0.315321 -0.948359 -0.034461
vn 0.373819 -0.651998 0.659665
vn -0.243000 0.634122 0.734057
vn -0.210931 -0.083257 0.973949
vn -0.134360 0.988763 0.065541
vn 0.055547 0.759002 -0.648714
vn 0.213085 0.069802 -0.974537
vn 0.241535 -0.657761 -0.713450
vn 0.127451 -0.991207 -0.035554
vn -0.058880 -0.751084 0.657576
vn -0.401469 0.634093 0.660870
vn -0.606793 -0.083207 0.790493
vn 0.038848 0.988571 0.145664
vn 0.460731 0.758239 -0.461304
vn 0.606403 0.068849 -0.792171
vn 0.387035 -0.658031 -0.645910
vn -0.057670 -0.990881 -0.121771
vn -0.465531 -0.750783 0.468620
vn -0.505015 0.672258 0.541321
vn -0.880654 0.018009 0.473418
vn 0.167612 0.940827 0.294535
vn 0.747323 0.651633 -0.129932
vn 0.878058 -0.032508 -0.477450
vn 0.481141 -0.693070 -0.536803
vn -0.194283 -0.939963 -0.280577
vn -0.752713 -0.644273 0.135409
vn -0.538556 0.736559 0.409193
vn -0.974740 0.199537 0.100331
vn 0.215050 0.849275 0.482167
vn 0.848029 0.456757 0.268739
vn 0.971026 -0.213341 -0.107674
vn 0.511100 -0.751291 -0.417539
vn -0.243953 -0.842965 -0.479475
vn -0.853163 -0.449348 -0.264952
vn -0.505414 0.810309 0.296574
vn -0.873842 0.422637 -0.240373
vn 0.160916 0.729144 0.665172
vn 0.737750 0.212075 0.640897
vn 0.870689 -0.435053 0.229412
vn 0.481235 -0.817201 -0.317168
vn -0.186254 -0.716378 -0.672393
vn -0.742027 -0.204688 -0.638356
vn -0.424153 0.876888 0.226190
vn -0.607700 0.640059 -0.470134
vn 0.008593 0.604384 0.796647
vn 0.440218 -0.031730 0.897330
vn 0.607013 -0.650754 0.456130
vn 0.409498 -0.875825 -0.255425
vn -0.025733 -0.585585 -0.810202
vn -0.443376 0.038880 -0.895492
vn -0.321883 0.923873 0.207003
vn -0.242920 0.807153 -0.538047
vn -0.213475 0.502357 0.837894
vn 0.023184 -0.223457 0.974438
vn 0.246330 -0.816308 0.522459
vn 0.320876 -0.916455 -0.239057
vn 0.206997 -0.479214 -0.852940
vn -0.025276 0.230100 -0.972839
vn -0.226133 0.945594 0.233915
vn 0.133443 0.892064 -0.431758
vn -0.456719 0.447180 0.769050
vn -0.416846 -0.323380 0.849508
vn -0.125085 -0.900403 0.416686
vn 0.239735 -0.934795 -0.262080
vn 0.460766 -0.422186 -0.780676
vn 0.415558 0.329279 -0.847872
vn -0.157619 0.943573 0.291248
vn 0.434551 0.882659 -0.179107
vn -0.662994 0.453335 0.595757
vn -0.776857 -0.312690 0.546551
vn -0.421541 -0.891331 0.166829
vn 0.183327 -0.933057 -0.309508
vn 0.675029 -0.429167 -0.600126
vn 0.776044 0.317699 -0.544815
vn -0.125791 0.924949 0.358672
vn 0.593753 0.788660 0.159603
vn -0.778411 0.521239 0.349838
vn -0.971356 -0.198129 0.131195
vn -0.577636 -0.798984 -0.167218
vn 0.158165 -0.918212 -0.363140
vn 0.794247 -0.500141 -0.345008
vn 0.970750 0.202198 -0.129459
vn -0.128129 0.899523 0.417661
vn 0.579208 0.638647 0.506605
vn -0.767132 0.636046 0.083388
vn -0.952531 -0.010646 -0.304255
vn -0.562552 -0.651771 -0.508654
vn 0.160030 -0.899056 -0.407539
vn 0.782022 -0.619350 -0.069623
vn 0.951990 0.013803 0.305819
vn -0.153014 0.876420 0.456590
vn 0.399928 0.472784 0.785196
vn -0.621610 0.770221 -0.142688
vn -0.721719 0.201639 -0.662166
vn -0.385792 -0.489348 -0.782115
vn 0.177273 -0.883104 -0.434397
vn 0.631386 -0.758115 0.163138
vn 0.721225 -0.199335 0.663400
vn -0.184989 0.861381 0.473077
vn 0.102120 0.333133 0.937334
vn -0.366426 0.889461 -0.273113
vn -0.329413 0.384560 -0.862323
vn -0.093310 -0.353018 -0.930952
vn 0.196103 -0.874258 -0.444090
vn 0.368416 -0.881049 0.296687
vn 0.329029 -0.383055 0.863139
vn -0.210609 0.855455 0.473118
vn -0.242965 0.253896 0.936219
vn -0.054361 0.960698 -0.272221
vn 0.136260 0.490505 -0.860719
vn 0.244651 -0.276152 -0.929455
vn 0.206046 -0.871939 -0.444148
vn 0.047886 -0.954305 0.294971
vn -0.136462 -0.489777 0.861102
vn -0.222976 0.855399 0.467519
vn -0.556492 0.253888 0.791112
vn 0.244779 0.960285 -0.133926
vn 0.569941 0.489541 -0.659936
vn 0.550855 -0.276870 -0.787339
vn 0.203795 -0.871875 -0.445311
vn -0.258421 -0.953925 0.152463
vn -0.569927 -0.489594 0.659910
vn -0.223599 0.855541 0.466962
vn -0.770526 0.332902 0.543568
vn 0.460196 0.880333 0.115036
vn 0.873527 0.376421 -0.308638
vn 0.759189 -0.354603 -0.545791
vn 0.194206 -0.868210 -0.456613
vn -0.478212 -0.872205 -0.102818
vn -0.873312 -0.377265 0.308216
vn -0.221071 0.850418 0.477406
vn -0.843139 0.472662 0.256334
vn 0.537279 0.731523 0.419768
vn 0.978998 0.171824 0.109725
vn 0.829329 -0.491179 -0.266376
vn 0.188182 -0.856196 -0.481160
vn -0.556170 -0.720417 -0.414335
vn -0.978615 -0.173451 -0.110573
vn -0.227090 0.837287 0.497373
vn -0.766761 0.641929 -0.002160
vn 0.451715 0.541507 0.709030
vn 0.864202 -0.082468 0.496341
vn 0.754641 -0.655948 -0.015753
vn 0.198152 -0.834523 -0.514109
vn -0.468155 -0.527037 -0.709269
vn -0.863650 0.080098 -0.497687
vn -0.251210 0.817620 0.518064
vn -0.568107 0.804381 -0.173856
vn 0.216905 0.349080 0.911644
vn 0.557895 -0.333320 0.760033
vn 0.561814 -0.813555 0.149979
vn 0.232648 -0.806475 -0.543574
vn -0.228490 -0.331692 -0.915300
vn -0.557095 0.330275 -0.761947
vn -0.296118 0.797055 0.526325
vn -0.300126 0.927257 -0.223875
vn -0.117465 0.195361 0.973671
vn 0.132879 -0.528617 0.838396
vn 0.302720 -0.932370 0.197603
vn 0.291842 -0.779453 -0.554330
vn 0.111766 -0.176146 -0.977998
vn -0.131664 0.524961 -0.840881
vn -0.355110 0.783736 0.509563
vn -0.028263 0.988701 -0.147210
vn -0.475728 0.114008 0.872173
vn -0.311126 -0.629347 0.712126
vn 0.040868 -0.991561 0.123029
vn 0.365628 -0.762897 -0.533202
vn 0.475494 -0.094381 -0.874641
vn 0.312956 0.625095 -0.715063
vn -0.412787 0.785525 0.461039
vn 0.185409 0.982142 0.031941
vn -0.773283 0.122817 0.622053
vn -0.670775 -0.618551 0.409213
vn -0.164049 -0.985201 -0.049672
vn 0.435135 -0.765195 -0.474483
vn 0.776927 -0.104157 -0.620915
vn 0.673362 0.613640 -0.412347
vn -0.451344 0.806429 0.382049
vn 0.289833 0.919299 0.266246
vn -0.937521 0.222395 0.267572
vn -0.864593 -0.502359 -0.010706
vn -0.271075 -0.921201 -0.279119
vn 0.472153 -0.792792 -0.385424
vn 0.939081 -0.204687 -0.276099
vn 0.863778 0.503815 -0.007579
vn -0.464136 0.765405 0.445795
vn 0.300158 0.816159 0.493751
vn -0.953412 0.232465 0.192266
vn -0.882013 -0.458975 -0.106745
vn -0.295878 -0.913879 -0.277996
vn 0.469532 -0.854347 -0.222779
vn 0.947958 -0.317574 0.022852
vn 0.875798 0.365755 0.314962
vn 0.484178 0.449890 -0.750447
vn -0.038758 -0.398943 0.916156
f 2522/2522/2446 2523/2523/2447 2532/2532/2448 2531/2531/2449
f 2523/2523/2447 2524/2524/2450 2533/2533/2451 2532/2532/2448
f 2524/2524/2450 2525/2525/2452 2534/2534/2453 2533/2533/2451
f 2525/2525/2452 2526/2526/2454 2535/2535/2455 2534/2534/2453
f 2526/2526/2454 2527/2527/2456 2536/2536/2457 2535/2535/2455
f 2527/2527/2456 2528/2528/2458 2537/2537/2459 2536/2536/2457
f 2528/2528/2458 2529/2529/2460 2538/2538/2461 2537/2537/2459
f 2529/2529/2460 2530/2530/2446 2539/2539/2449 2538/2538/2461
f 2531/2531/2449 2532/2532/2448 2541/2541/2462 2540/2540/2463
f 2532/2532/2448 2533/2533/2451 2542/2542/2464 2541/2541/2462
f 2533/2533/2451 2534/2534/2453 2543/2543/2465 2542/2542/2464
f 2534/2534/2453 2535/2535/2455 2544/2544/2466 2543/2543/2465
f 2535/2535/2455 2536/2536/2457 2545/2545/2467 2544/2544/2466
f 2536/2536/2457 2537/2537/2459 2546/2546/2468 2545/2545/2467
f 2537/2537/2459 2538/2538/2461 2547/2547/2469 2546/2546/2468
f 2538/2538/2461 2539/2539/2449 2548/2548/2463 2547/2547/2469
f 2540/2540/2463 2541/2541/2462 2550/2550/2470 2549/2549/2471
f 2541/2541/2462 2542/2542/2464 2551/2551/2472 2550/2550/2470
f 2542/2542/2464 2543/2543/2465 2552/2552/2473 2551/2551/2472
f 2543/2543/2465 2544/2544/2466 2553/2553/2474 2552/2552/2473
f 2544/2544/2466 2545/2545/2467 2554/2554/2475 2553/2553/2474
f 2545/2545/2467 2546/2546/2468 2555/2555/2476 2554/2554/2475
f 2546/2546/2468 2547/2547/2469 2556/2556/2477 2555/2555/2476
f 2547/2547/2469 2548/2548/2463 2557/2557/2471 2556/2556/2477
f 2549/2549/2471 2550/2550/2470 2559/2559/2478 2558/2558/2479
f 2550/2550/2470 2551/2551/2472 2560/2560/2480 2559/2559/2478
f 2551/2551/2472 2552/2552/2473 2561/2561/2481 2560/2560/2480
f 2552/2552/2473 2553/2553/2474 2562/2562/2482 2561/2561/2481
f 2553/2553/2474 2554/2554/2475 2563/2563/2483 2562/2562/2482
f 2554/2554/2475 2555/2555/2476 2564/2564/2484 2563/2563/2483
f 2555/2555/2476 2556/2556/2477 2565/2565/2485 2564/2564/2484
f 2556/2556/2477 2557/2557/2471 2566/2566/2479 2565/2565/2485
f 2558/2558/2479 2559/2559/2478 2568/2568/2486 2567/2567/2487
f 2559/2559/2478 2560/2560/2480 2569/2569/2488 2568/2568/2486
f 2560/2560/2480 2561/2561/2481 2570/2570/2489 2569/2569/2488
f 2561/2561/2481 2562/2562/2482 2571/2571/2490 2570/2570/2489
f 2562/2562/2482 2563/2563/2483 2572/2572/2491 2571/2571/2490
f 2563/2563/2483 2564/2564/2484 2573/2573/2492 2572/2572/2491
f 2564/2564/2484 2565/2565/2485 2574/2574/2493 2573/2573/2492
f 2565/2565/2485 2566/2566/2479 2575/2575/2487 2574/2574/2493
f 2567/2567/2487 2568/2568/2486 2577/2577/2494 2576/2576/2495
f 2568/2568/2486 2569/2569/2488 2578/2578/2496 2577/2577/2494
f 2569/2569/2488 2570/2570/2489 2579/2579/2497 2578/2578/2496
f 2570/2570/2489 2571/2571/2490 2580/2580/2498 2579/2579/2497
f 2571/2571/2490 2572/2572/2491 2581/2581/2499 2580/2580/2498
f 2572/2572/2491 2573/2573/2492 2582/2582/2500 2581/2581/2499
f 2573/2573/2492 2574/2574/2493 2583/2583/2501 2582/2582/2500
f 2574/2574/2493 2575/2575/2487 2584/2584/2495 2583/2583/2501
f 2576/2576/2495 2577/2577/2494 2586/2586/2502 2585/2585/2503
f 2577/2577/2494 2578/2578/2496 2587/2587/2504 2586/2586/2502
f 2578/2578/2496 2579/2579/2497 2588/2588/2505 2587/2587/2504
f 2579/2579/2497 2580/2580/2498 2589/2589/2506 2588/2588/2505
f 2580/2580/2498 2581/2581/2499 2590/2590/2507 2589/2589/2506
f 2581/2581/2499 2582/2582/2500 2591/2591/2508 2590/2590/2507
f 2582/2582/2500 2583/2583/2501 2592/2592/2509 2591/2591/2508
f 2583/2583/2501 2584/2584/2495 2593/2593/2503 2592/2592/2509
f 2585/2585/2503 2586/2586/2502 2595/2595/2510 2594/2594/2511
f 2586/2586/2502 2587/2587/2504 2596/2596/2512 2595/2595/2510
f 2587/2587/2504 2588/2588/2505 2597/2597/2513 2596/2596/2512
f 2588/2588/2505 2589/2589/2506 2598/2598/2514 2597/2597/2513
f 2589/2589/2506 2590/2590/2507 2599/2599/2515 2598/2598/2514
f 2590/2590/2507 2591/2591/2508 2600/2600/2516 2599/2599/2515
f 2591/2591/2508 2592/2592/2509 2601/2601/2517 2600/2600/2516
f 2592/2592/2509 2593/2593/2503 2602/2602/2511 2601/2601/2517
f 2594/2594/2511 2595/2595/2510 2604/2604/2518 2603/2603/2519
f 2595/2595/2510 2596/2596/2512 2605/2605/2520 2604/2604/2518
f 2596/2596/2512 2597/2597/2513 2606/2606/2521 2605/2605/2520
f 2597/2597/2513 2598/2598/2514 2607/2607/2522 2606/2606/2521
f 2598/2598/2514 2599/2599/2515 2608/2608/2523 2607/2607/2522
f 2599/2599/2515 2600/2600/2516 2609/2609/2524 2608/2608/2523
f 2600/2600/2516 2601/2601/2517 2610/2610/2525 2609/2609/2524
f 2601/2601/2517 2602/2602/2511 2611/2611/2519 2610/2610/2525
f 2603/2603/2519 2604/2604/2518 2613/2613/2526 2612/2612/2527
f 2604/2604/2518 2605/2605/2520 2614/2614/2528 2613/2613/2526
f 2605/2605/2520 2606/2606/2521 2615/2615/2529 2614/2614/2528
f 2606/2606/2521 2607/2607/2522 2616/2616/2530 2615/2615/2529
f 2607/2607/2522 2608/2608/2523 2617/2617/2531 2616/2616/2530
f 2608/2608/2523 2609/2609/2524 2618/2618/2532 2617/2617/2531
f 2609/2609/2524 2610/2610/2525 2619/2619/2533 2618/2618/2532
f 2610/2610/2525 2611/2611/2519 2620/2620/2527 2619/2619/2533
f 2612/2612/2527 2613/2613/2526 2622/2622/2534 2621/2621/2535
f 2613/2613/2526 2614/2614/2528 2623/2623/2536 2622/2622/2534
f 2614/2614/2528 2615/2615/2529 2624/2624/2537 2623/2623/2536
f 2615/2615/2529 2616/2616/2530 2625/2625/2538 2624/2624/2537
f 2616/2616/2530 2617/2617/2531 2626/2626/2539 2625/2625/2538
f 2617/2617/2531 2618/2618/2532 2627/2627/2540 2626/2626/2539
f 2618/2618/2532 2619/2619/2533 2628/2628/2541 2627/2627/2540
f 2619/2619/2533 2620/2620/2527 2629/2629/2535 2628/2628/2541
f 2621/2621/2535 2622/2622/2534 2631/2631/2542 2630/2630/2543
f 2622/2622/2534 2623/2623/2536 2632/2632/2544 2631/2631/2542
f 2623/2623/2536 2624/2624/2537 2633/2633/2545 2632/2632/2544
f 2624/2624/2537 2625/2625/2538 2634/2634/2546 2633/2633/2545
f 2625/2625/2538 2626/2626/2539 2635/2635/2547 2634/2634/2546
f 2626/2626/2539 2627/2627/2540 2636/2636/2548 2635/2635/2547
f 2627/2627/2540 2628/2628/2541 2637/2637/2549 2636/2636/2548
f 2628/2628/2541 2629/2629/2535 2638/2638/2543 2637/2637/2549
f 2630/2630/2543 2631/2631/2542 2640/2640/2550 2639/2639/2551
f 2631/2631/2542 2632/2632/2544 2641/2641/2552 2640/2640/2550
f 2632/2632/2544 2633/2633/2545 2642/2642/2553 2641/2641/2552
f 2633/2633/2545 2634/2634/2546 2643/2643/2554 2642/2642/2553
f 2634/2634/2546 2635/2635/2547 2644/2644/2555 2643/2643/2554
f 2635/2635/2547 2636/2636/2548 2645/2645/2556 2644/2644/2555
f 2636/2636/2548 2637/2637/2549 2646/2646/2557 2645/2645/2556
f 2637/2637/2549 2638/2638/2543 2647/2647/2551 2646/2646/2557
f 2639/2639/2551 2640/2640/2550 2649/2649/2558 2648/2648/2559
f 2640/2640/2550 2641/2641/2552 2650/2650/2560 2649/2649/2558
f 2641/2641/2552 2642/2642/2553 2651/2651/2561 2650/2650/2560
f 2642/2642/2553 2643/2643/2554 2652/2652/2562 2651/2651/2561
f 2643/2643/2554 2644/2644/2555 2653/2653/2563 2652/2652/2562
f 2644/2644/2555 2645/2645/2556 2654/2654/2564 2653/2653/2563
f 2645/2645/2556 2646/2646/2557 2655/2655/2565 2654/2654/2564
f 2646/2646/2557 2647/2647/2551 2656/2656/2559 2655/2655/2565
f 2648/2648/2559 2649/2649/2558 2658/2658/2566 2657/2657/2567
f 2649/2649/2558 2650/2650/2560 2659/2659/2568 2658/2658/2566
f 2650/2650/2560 2651/2651/2561 2660/2660/2569 2659/2659/2568
f 2651/2651/2561 2652/2652/2562 2661/2661/2570 2660/2660/2569
f 2652/2652/2562 2653/2653/2563 2662/2662/2571 2661/2661/2570
f 2653/2653/2563 2654/2654/2564 2663/2663/2572 2662/2662/2571
f 2654/2654/2564 2655/2655/2565 2664/2664/2573 2663/2663/2572
f 2655/2655/2565 2656/2656/2559 2665/2665/2567 2664/2664/2573
f 2657/2657/2567 2658/2658/2566 2667/2667/2574 2666/2666/2575
f 2658/2658/2566 2659/2659/2568 2668/2668/2576 2667/2667/2574
f 2659/2659/2568 2660/2660/2569 2669/2669/2577 2668/2668/2576
f 2660/2660/2569 2661/2661/2570 2670/2670/2578 2669/2669/2577
f 2661/2661/2570 2662/2662/2571 2671/2671/2579 2670/2670/2578
f 2662/2662/2571 2663/2663/2572 2672/2672/2580 2671/2671/2579
f 2663/2663/2572 2664/2664/2573 2673/2673/2581 2672/2672/2580
f 2664/2664/2573 2665/2665/2567 2674/2674/2575 2673/2673/2581
f 2666/2666/2575 2667/2667/2574 2676/2676/2582 2675/2675/2583
f 2667/2667/2574 2668/2668/2576 2677/2677/2584 2676/2676/2582
f 2668/2668/2576 2669/2669/2577 2678/2678/2585 2677/2677/2584
f 2669/2669/2577 2670/2670/2578 2679/2679/2586 2678/2678/2585
f 2670/2670/2578 2671/2671/2579 2680/2680/2587 2679/2679/2586
f 2671/2671/2579 2672/2672/2580 2681/2681/2588 2680/2680/2587
f 2672/2672/2580 2673/2673/2581 2682/2682/2589 2681/2681/2588
f 2673/2673/2581 2674/2674/2575 2683/2683/2583 2682/2682/2589
f 2675/2675/2583 2676/2676/2582 2685/2685/2590 2684/2684/2591
f 2676/2676/2582 2677/2677/2584 2686/2686/2592 2685/2685/2590
f 2677/2677/2584 2678/2678/2585 2687/2687/2593 2686/2686/2592
f 2678/2678/2585 2679/2679/2586 2688/2688/2594 2687/2687/2593
f 2679/2679/2586 2680/2680/2587 2689/2689/2595 2688/2688/2594
f 2680/2680/2587 2681/2681/2588 2690/2690/2596 2689/2689/2595
f 2681/2681/2588 2682/2682/2589 2691/2691/2597 2690/2690/2596
f 2682/2682/2589 2683/2683/2583 2692/2692/2591 2691/2691/2597
f 2684/2684/2591 2685/2685/2590 2694/2694/2598 2693/2693/2599
f 2685/2685/2590 2686/2686/2592 2695/2695/2600 2694/2694/2598
f 2686/2686/2592 2687/2687/2593 2696/2696/2601 2695/2695/2600
f 2687/2687/2593 2688/2688/2594 2697/2697/2602 2696/2696/2601
f 2688/2688/2594 2689/2689/2595 2698/2698/2603 2697/2697/2602
f 2689/2689/2595 2690/2690/2596 2699/2699/2604 2698/2698/2603
f 2690/2690/2596 2691/2691/2597 2700/2700/2605 2699/2699/2604
f 2691/2691/2597 2692/2692/2591 2701/2701/2599 2700/2700/2605
f 2693/2693/2599 2694/2694/2598 2703/2703/2606 2702/2702/2607
f 2694/2694/2598 2695/2695/2600 2704/2704/2608 2703/2703/2606
f 2695/2695/2600 2696/2696/2601 2705/2705/2609 2704/2704/2608
f 2696/2696/2601 2697/2697/2602 2706/2706/2610 2705/2705/2609
f 2697/2697/2602 2698/2698/2603 2707/2707/2611 2706/2706/2610
f 2698/2698/2603 2699/2699/2604 2708/2708/2612 2707/2707/2611
f 2699/2699/2604 2700/2700/2605 2709/2709/2613 2708/2708/2612
f 2700/2700/2605 2701/2701/2599 2710/2710/2607 2709/2709/2613
f 2702/2702/2607 2703/2703/2606 2712/2712/2614 2711/2711/2615
f 2703/2703/2606 2704/2704/2608 2713/2713/2616 2712/2712/2614
f 2704/2704/2608 2705/2705/2609 2714/2714/2617 2713/2713/2616
f 2705/2705/2609 2706/2706/2610 2715/2715/2618 2714/2714/2617
f 2706/2706/2610 2707/2707/2611 2716/2716/2619 2715/2715/2618
f 2707/2707/2611 2708/2708/2612 2717/2717/2620 2716/2716/2619
f 2708/2708/2612 2709/2709/2613 2718/2718/2621 2717/2717/2620
f 2709/2709/2613 2710/2710/2607 2719/2719/2615 2718/2718/2621
f 2711/2711/2615 2712/2712/2614 2721/2721/2622 2720/2720/2623
f 2712/2712/2614 2713/2713/2616 2722/2722/2624 2721/2721/2622
f 2713/2713/2616 2714/2714/2617 2723/2723/2625 2722/2722/2624
f 2714/2714/2617 2715/2715/2618 2724/2724/2626 2723/2723/2625
f 2715/2715/2618 2716/2716/2619 2725/2725/2627 2724/2724/2626
f 2716/2716/2619 2717/2717/2620 2726/2726/2628 2725/2725/2627
f 2717/2717/2620 2718/2718/2621 2727/2727/2629 2726/2726/2628
f 2718/2718/2621 2719/2719/2615 2728/2728/2623 2727/2727/2629
f 2720/2720/2623 2721/2721/2622 2730/2730/2630 2729/2729/2631
f 2721/2721/2622 2722/2722/2624 2731/2731/2632 2730/2730/2630
f 2722/2722/2624 2723/2723/2625 2732/2732/2633 2731/2731/2632
f 2723/2723/2625 2724/2724/2626 2733/2733/2634 2732/2732/2633
f 2724/2724/2626 2725/2725/2627 2734/2734/2635 2733/2733/2634
f 2725/2725/2627 2726/2726/2628 2735/2735/2636 2734/2734/2635
f 2726/2726/2628 2727/2727/2629 2736/2736/2637 2735/2735/2636
f 2727/2727/2629 2728/2728/2623 2737/2737/2631 2736/2736/2637
f 2729/2729/2631 2730/2730/2630 2739/2739/2638 2738/2738/2639
f 2730/2730/2630 2731/2731/2632 2740/2740/2640 2739/2739/2638
f 2731/2731/2632 2732/2732/2633 2741/2741/2641 2740/2740/2640
f 2732/2732/2633 2733/2733/2634 2742/2742/2642 2741/2741/2641
f 2733/2733/2634 2734/2734/2635 2743/2743/2643 2742/2742/2642
f 2734/2734/2635 2735/2735/2636 2744/2744/2644 2743/2743/2643
f 2735/2735/2636 2736/2736/2637 2745/2745/2645 2744/2744/2644
f 2736/2736/2637 2737/2737/2631 2746/2746/2639 2745/2745/2645
f 2738/2738/2639 2739/2739/2638 2748/2748/2646 2747/2747/2647
f 2739/2739/2638 2740/2740/2640 2749/2749/2648 2748/2748/2646
f 2740/2740/2640 2741/2741/2641 2750/2750/2649 2749/2749/2648
f 2741/2741/2641 2742/2742/2642 2751/2751/2650 2750/2750/2649
f 2742/2742/2642 2743/2743/2643 2752/2752/2651 2751/2751/2650
f 2743/2743/2643 2744/2744/2644 2753/2753/2652 2752/2752/2651
f 2744/2744/2644 2745/2745/2645 2754/2754/2653 2753/2753/2652
f 2745/2745/2645 2746/2746/2639 2755/2755/2647 2754/2754/2653
f 2747/2747/2647 2748/2748/2646 2757/2757/2654 2756/2756/2655
f 2748/2748/2646 2749/2749/2648 2758/2758/2656 2757/2757/2654
f 2749/2749/2648 2750/2750/2649 2759/2759/2657 2758/2758/2656
f 2750/2750/2649 2751/2751/2650 2760/2760/2658 2759/2759/2657
f 2751/2751/2650 2752/2752/2651 2761/2761/2659 2760/2760/2658
f 2752/2752/2651 2753/2753/2652 2762/2762/2660 2761/2761/2659
f 2753/2753/2652 2754/2754/2653 2763/2763/2661 2762/2762/2660
f 2754/2754/2653 2755/2755/2647 2764/2764/2655 2763/2763/2661
f 2756/2756/2655 2757/2757/2654 2766/2766/2662 2765/2765/2663
f 2757/2757/2654 2758/2758/2656 2767/2767/2664 2766/2766/2662
f 2758/2758/2656 2759/2759/2657 2768/2768/2665 2767/2767/2664
f 2759/2759/2657 2760/2760/2658 2769/2769/2666 2768/2768/2665
f 2760/2760/2658 2761/2761/2659 2770/2770/2667 2769/2769/2666
f 2761/2761/2659 2762/2762/2660 2771/2771/2668 2770/2770/2667
f 2762/2762/2660 2763/2763/2661 2772/2772/2669 2771/2771/2668
f 2763/2763/2661 2764/2764/2655 2773/2773/2663 2772/2772/2669
f 2765/2765/2663 2766/2766/2662 2775/2775/2670 2774/2774/2671
f 2766/2766/2662 2767/2767/2664 2776/2776/2672 2775/2775/2670
f 2767/2767/2664 2768/2768/2665 2777/2777/2673 2776/2776/2672
f 2768/2768/2665 2769/2769/2666 2778/2778/2674 2777/2777/2673
f 2769/2769/2666 2770/2770/2667 2779/2779/2675 2778/2778/2674
f 2770/2770/2667 2771/2771/2668 2780/2780/2676 2779/2779/2675
f 2771/2771/2668 2772/2772/2669 2781/2781/2677 2780/2780/2676
f 2772/2772/2669 2773/2773/2663 2782/2782/2671 2781/2781/2677
f 2774/2774/2671 2775/2775/2670 2784/2784/2678 2783/2783/2679
f 2775/2775/2670 2776/2776/2672 2785/2785/2680 2784/2784/2678
f 2776/2776/2672 2777/2777/2673 2786/2786/2681 2785/2785/2680
f 2777/2777/2673 2778/2778/2674 2787/2787/2682 2786/2786/2681
f 2778/2778/2674 2779/2779/2675 2788/2788/2683 2787/2787/2682
f 2779/2779/2675 2780/2780/2676 2789/2789/2684 2788/2788/2683
f 2780/2780/2676 2781/2781/2677 2790/2790/2685 2789/2789/2684
f 2781/2781/2677 2782/2782/2671 2791/2791/2679 2790/2790/2685
f 2783/2783/2679 2784/2784/2678 2793/2793/2686 2792/2792/2687
f 2784/2784/2678 2785/2785/2680 2794/2794/2688 2793/2793/2686
f 2785/2785/2680 2786/2786/2681 2795/2795/2689 2794/2794/2688
f 2786/2786/2681 2787/2787/2682 2796/2796/2690 2795/2795/2689
f 2787/2787/2682 2788/2788/2683 2797/2797/2691 2796/2796/2690
f 2788/2788/2683 2789/2789/2684 2798/2798/2692 2797/2797/2691
f 2789/2789/2684 2790/2790/2685 2799/2799/2693 2798/2798/2692
f 2790/2790/2685 2791/2791/2679 2800/2800/2687 2799/2799/2693
f 2792/2792/2687 2793/2793/2686 2802/2802/2694 2801/2801/2695
f 2793/2793/2686 2794/2794/2688 2803/2803/2696 2802/2802/2694
f 2794/2794/2688 2795/2795/2689 2804/2804/2697 2803/2803/2696
f 2795/2795/2689 2796/2796/2690 2805/2805/2698 2804/2804/2697
f 2796/2796/2690 2797/2797/2691 2806/2806/2699 2805/2805/2698
f 2797/2797/2691 2798/2798/2692 2807/2807/2700 2806/2806/2699
f 2798/2798/2692 2799/2799/2693 2808/2808/2701 2807/2807/2700
f 2799/2799/2693 2800/2800/2687 2809/2809/2695 2808/2808/2701
f 2801/2801/2695 2802/2802/2694 2811/2811/2702 2810/2810/2703
f 2802/2802/2694 2803/2803/2696 2812/2812/2704 2811/2811/2702
f 2803/2803/2696 2804/2804/2697 2813/2813/2705 2812/2812/2704
f 2804/2804/2697 2805/2805/2698 2814/2814/2706 2813/2813/2705
f 2805/2805/2698 2806/2806/2699 2815/2815/2707 2814/2814/2706
f 2806/2806/2699 2807/2807/2700 2816/2816/2708 2815/2815/2707
f 2807/2807/2700 2808/2808/2701 2817/2817/2709 2816/2816/2708
f 2808/2808/2701 2809/2809/2695 2818/2818/2703 2817/2817/2709
f 2810/2810/2703 2811/2811/2702 2820/2820/2710 2819/2819/2711
f 2811/2811/2702 2812/2812/2704 2821/2821/2712 2820/2820/2710
f 2812/2812/2704 2813/2813/2705 2822/2822/2713 2821/2821/2712
f 2813/2813/2705 2814/2814/2706 2823/2823/2714 2822/2822/2713
f 2814/2814/2706 2815/2815/2707 2824/2824/2715 2823/2823/2714
f 2815/2815/2707 2816/2816/2708 2825/2825/2716 2824/2824/2715
f 2816/2816/2708 2817/2817/2709 2826/2826/2717 2825/2825/2716
f 2817/2817/2709 2818/2818/2703 2827/2827/2711 2826/2826/2717
f 2819/2819/2711 2820/2820/2710 2829/2829/2718 2828/2828/2719
f 2820/2820/2710 2821/2821/2712 2830/2830/2720 2829/2829/2718
f 2821/2821/2712 2822/2822/2713 2831/2831/2721 2830/2830/2720
f 2822/2822/2713 2823/2823/2714 2832/2832/2722 2831/2831/2721
f 2823/2823/2714 2824/2824/2715 2833/2833/2723 2832/2832/2722
f 2824/2824/2715 2825/2825/2716 2834/2834/2724 2833/2833/2723
f 2825/2825/2716 2826/2826/2717 2835/2835/2725 2834/2834/2724
f 2826/2826/2717 2827/2827/2711 2836/2836/2719 2835/2835/2725
f 2828/2828/2719 2829/2829/2718 2838/2838/2726 2837/2837/2727
f 2829/2829/2718 2830/2830/2720 2839/2839/2728 2838/2838/2726
f 2830/2830/2720 2831/2831/2721 2840/2840/2729 2839/2839/2728
f 2831/2831/2721 2832/2832/2722 2841/2841/2730 2840/2840/2729
f 2832/2832/2722 2833/2833/2723 2842/2842/2731 2841/2841/2730
f 2833/2833/2723 2834/2834/2724 2843/2843/2732 2842/2842/2731
f 2834/2834/2724 2835/2835/2725 2844/2844/2733 2843/2843/2732
f 2835/2835/2725 2836/2836/2719 2845/2845/2727 2844/2844/2733
f 2837/2837/2727 2838/2838/2726 2847/2847/2734 2846/2846/2735
f 2838/2838/2726 2839/2839/2728 2848/2848/2736 2847/2847/2734
f 2839/2839/2728 2840/2840/2729 2849/2849/2737 2848/2848/2736
f 2840/2840/2729 2841/2841/2730 2850/2850/2738 2849/2849/2737
f 2841/2841/2730 2842/2842/2731 2851/2851/2739 2850/2850/2738
f 2842/2842/2731 2843/2843/2732 2852/2852/2740 2851/2851/2739
f 2843/2843/2732 2844/2844/2733 2853/2853/2741 2852/2852/2740
f 2844/2844/2733 2845/2845/2727 2854/2854/2735 2853/2853/2741
f 2846/2846/2735 2847/2847/2734 2856/2856/2742 2855/2855/2743
f 2847/2847/2734 2848/2848/2736 2857/2857/2744 2856/2856/2742
f 2848/2848/2736 2849/2849/2737 2858/2858/2745 2857/2857/2744
f 2849/2849/2737 2850/2850/2738 2859/2859/2746 2858/2858/2745
f 2850/2850/2738 2851/2851/2739 2860/2860/2747 2859/2859/2746
f 2851/2851/2739 2852/2852/2740 2861/2861/2748 2860/2860/2747
f 2852/2852/2740 2853/2853/2741 2862/2862/2749 2861/2861/2748
f 2853/2853/2741 2854/2854/2735 2863/2863/2743 2862/2862/2749
f 2855/2855/2743 2856/2856/2742 2865/2865/2750 2864/2864/2751
f 2856/2856/2742 2857/2857/2744 2866/2866/2752 2865/2865/2750
f 2857/2857/2744 2858/2858/2745 2867/2867/2753 2866/2866/2752
f 2858/2858/2745 2859/2859/2746 2868/2868/2754 2867/2867/2753
f 2859/2859/2746 2860/2860/2747 2869/2869/2755 2868/2868/2754
f 2860/2860/2747 2861/2861/2748 2870/2870/2756 2869/2869/2755
f 2861/2861/2748 2862/2862/2749 2871/2871/2757 2870/2870/2756
f 2862/2862/2749 2863/2863/2743 2872/2872/2751 2871/2871/2757
f 2864/2864/2751 2865/2865/2750 2874/2874/2758 2873/2873/2759
f 2865/2865/2750 2866/2866/2752 2875/2875/2760 2874/2874/2758
f 2866/2866/2752 2867/2867/2753 2876/2876/2761 2875/2875/2760
f 2867/2867/2753 2868/2868/2754 2877/2877/2762 2876/2876/2761
f 2868/2868/2754 2869/2869/2755 2878/2878/2763 2877/2877/2762
f 2869/2869/2755 2870/2870/2756 2879/2879/2764 2878/2878/2763
f 2870/2870/2756 2871/2871/2757 2880/2880/2765 2879/2879/2764
f 2871/2871/2757 2872/2872/2751 2881/2881/2759 2880/2880/2765
f 2882/2882/2766 2884/2884/2447 2883/2883/2446
f 2882/2882/2766 2885/2885/2450 2884/2884/2447
f 2882/2882/2766 2886/2886/2452 2885/2885/2450
f 2882/2882/2766 2887/2887/2454 2886/2886/2452
f 2882/2882/2766 2888/2888/2456 2887/2887/2454
f 2882/2882/2766 2889/2889/2458 2888/2888/2456
f 2882/2882/2766 2890/2890/2460 2889/2889/2458
f 2882/2882/2766 2883/2883/2446 2890/2890/2460
f 2891/2891/2767 2892/2892/2759 2893/2893/2758
f 2891/2891/2767 2893/2893/2758 2894/2894/2760
f 2891/2891/2767 2894/2894/2760 2895/2895/2761
f 2891/2891/2767 2895/2895/2761 2896/2896/2762
f 2891/2891/2767 2896/2896/2762 2897/2897/2763
f 2891/2891/2767 2897/2897/2763 2898/2898/2764
f 2891/2891/2767 2898/2898/2764 2899/2899/2765
f 2891/2891/2767 2899/2899/2765 2892/2892/2759

o Stamp_Head
usemtl Accent_Exhibitfy_Orange
v 0.078735 -0.013414 -0.351261
v 0.069132 -0.014513 -0.354833
v 0.059529 -0.015611 -0.358406
v 0.049926 -0.016709 -0.361978
v 0.040324 -0.017808 -0.365551
v 0.030721 -0.018906 -0.369123
v 0.021118 -0.020004 -0.372696
v 0.011516 -0.021103 -0.376268
v 0.002907 -0.022712 -0.378195
v 0.009626 -0.017258 -0.385274
v 0.012261 -0.012263 -0.393893
v 0.014896 -0.007267 -0.402511
v 0.015684 -0.005773 -0.405089
v 0.025287 -0.004674 -0.401516
v 0.034890 -0.003576 -0.397944
v 0.044493 -0.002478 -0.394371
v 0.054095 -0.001379 -0.390799
v 0.063698 -0.000281 -0.387227
v 0.073301 0.000817 -0.383654
v 0.082903 0.001916 -0.380082
v 0.091512 0.003524 -0.378155
v 0.084793 -0.001929 -0.371076
v 0.082158 -0.006925 -0.362457
v 0.079523 -0.011920 -0.353838
v 0.078735 -0.013414 -0.351261
v 0.080518 -0.009632 -0.342368
v 0.068962 -0.010954 -0.346667
v 0.057406 -0.012276 -0.350967
v 0.045850 -0.013597 -0.355266
v 0.034293 -0.014919 -0.359565
v 0.022737 -0.016241 -0.363864
v 0.011181 -0.017563 -0.368163
v -0.000375 -0.018884 -0.372463
v 0.000252 -0.017537 -0.374839
v 0.003423 -0.011525 -0.385211
v 0.006594 -0.005513 -0.395582
v 0.009765 0.000499 -0.405954
v 0.012053 0.004837 -0.413438
v 0.022062 0.003226 -0.404078
v 0.033618 0.004547 -0.399779
v 0.045174 0.005869 -0.395480
v 0.056730 0.007191 -0.391181
v 0.068286 0.008513 -0.386882
v 0.079842 0.009834 -0.382582
v 0.091398 0.011156 -0.378283
v 0.090772 0.009808 -0.375907
v 0.087601 0.003796 -0.365535
v 0.084430 -0.002215 -0.355163
v 0.081259 -0.008227 -0.344791
v 0.080518 -0.009632 -0.342368
v 0.076556 0.003737 -0.335830
v 0.065000 0.002415 -0.340129
v 0.053444 0.001093 -0.344429
v 0.041888 -0.000229 -0.348728
v 0.030332 -0.001550 -0.353027
v 0.018776 -0.002872 -0.357326
v 0.007220 -0.004194 -0.361625
v -0.004336 -0.005516 -0.365925
v -0.003710 -0.004168 -0.368301
v -0.000539 0.001844 -0.378673
v 0.002632 0.007856 -0.389045
v 0.005803 0.013868 -0.399416
v 0.008091 0.018206 -0.406900
v 0.018100 0.016594 -0.397540
v 0.029656 0.017916 -0.393241
v 0.041213 0.019238 -0.388942
v 0.052769 0.020560 -0.384643
v 0.064325 0.021881 -0.380344
v 0.075881 0.023203 -0.376044
v 0.087437 0.024525 -0.371745
v 0.086810 0.023177 -0.369369
v 0.083639 0.017165 -0.358997
v 0.080468 0.011153 -0.348625
v 0.077297 0.005141 -0.338254
v 0.076556 0.003737 -0.335830
v 0.071378 0.011413 -0.339119
v 0.061775 0.010315 -0.342691
v 0.052172 0.009217 -0.346264
v 0.042570 0.008118 -0.349836
v 0.032967 0.007020 -0.353409
v 0.023364 0.005922 -0.356981
v 0.013761 0.004823 -0.360554
v 0.004159 0.003725 -0.364126
v -0.004450 0.002116 -0.366053
v 0.002270 0.007569 -0.373132
v 0.004904 0.012565 -0.381751
v 0.007539 0.017561 -0.390369
v 0.008328 0.019055 -0.392947
v 0.017930 0.020153 -0.389375
v 0.027533 0.021252 -0.385802
v 0.037136 0.022350 -0.382230
v 0.046738 0.023448 -0.378657
v 0.056341 0.024547 -0.375085
v 0.065944 0.025645 -0.371512
v 0.075547 0.026743 -0.367940
v 0.084156 0.028352 -0.366013
v 0.077436 0.022899 -0.358934
v 0.074801 0.017903 -0.350315
v 0.072166 0.012907 -0.341697
v 0.071378 0.011413 -0.339119
v 0.047209 -0.009594 -0.378175
v 0.078735 -0.013414 -0.351261
v 0.069132 -0.014513 -0.354833
v 0.059529 -0.015611 -0.358406
v 0.049926 -0.016709 -0.361978
v 0.040324 -0.017808 -0.365551
v 0.030721 -0.018906 -0.369123
v 0.021118 -0.020004 -0.372696
v 0.011516 -0.021103 -0.376268
v 0.002907 -0.022712 -0.378195
v 0.009626 -0.017258 -0.385274
v 0.012261 -0.012263 -0.393893
v 0.014896 -0.007267 -0.402511
v 0.015684 -0.005773 -0.405089
v 0.025287 -0.004674 -0.401516
v 0.034890 -0.003576 -0.397944
v 0.044493 -0.002478 -0.394371
v 0.054095 -0.001379 -0.390799
v 0.063698 -0.000281 -0.387227
v 0.073301 0.000817 -0.383654
v 0.082903 0.001916 -0.380082
v 0.091512 0.003524 -0.378155
v 0.084793 -0.001929 -0.371076
v 0.082158 -0.006925 -0.362457
v 0.079523 -0.011920 -0.353838
v 0.039853 0.015234 -0.366033
v 0.071378 0.011413 -0.339119
v 0.061775 0.010315 -0.342691
v 0.052172 0.009217 -0.346264
v 0.042570 0.008118 -0.349836
v 0.032967 0.007020 -0.353409
v 0.023364 0.005922 -0.356981
v 0.013761 0.004823 -0.360554
v 0.004159 0.003725 -0.364126
v -0.004450 0.002116 -0.366053
v 0.002270 0.007569 -0.373132
v 0.004904 0.012565 -0.381751
v 0.007539 0.017561 -0.390369
v 0.008328 0.019055 -0.392947
v 0.017930 0.020153 -0.389375
v 0.027533 0.021252 -0.385802
v 0.037136 0.022350 -0.382230
v 0.046738 0.023448 -0.378657
v 0.056341 0.024547 -0.375085
v 0.065944 0.025645 -0.371512
v 0.075547 0.026743 -0.367940
v 0.084156 0.028352 -0.366013
v 0.077436 0.022899 -0.358934
v 0.074801 0.017903 -0.350315
v 0.072166 0.012907 -0.341697
vt 0.000000 0.000000
vt 0.041667 0.000000
vt 0.083333 0.000000
vt 0.125000 0.000000
vt 0.166667 0.000000
vt 0.208333 0.000000
vt 0.250000 0.000000
vt 0.291667 0.000000
vt 0.333333 0.000000
vt 0.375000 0.000000
vt 0.416667 0.000000
vt 0.458333 0.000000
vt 0.500000 0.000000
vt 0.541667 0.000000
vt 0.583333 0.000000
vt 0.625000 0.000000
vt 0.666667 0.000000
vt 0.708333 0.000000
vt 0.750000 0.000000
vt 0.791667 0.000000
vt 0.833333 0.000000
vt 0.875000 0.000000
vt 0.916667 0.000000
vt 0.958333 0.000000
vt 1.000000 0.000000
vt 0.000000 0.230832
vt 0.041667 0.230832
vt 0.083333 0.230832
vt 0.125000 0.230832
vt 0.166667 0.230832
vt 0.208333 0.230832
vt 0.250000 0.230832
vt 0.291667 0.230832
vt 0.333333 0.230832
vt 0.375000 0.230832
vt 0.416667 0.230832
vt 0.458333 0.230832
vt 0.500000 0.230832
vt 0.541667 0.230832
vt 0.583333 0.230832
vt 0.625000 0.230832
vt 0.666667 0.230832
vt 0.708333 0.230832
vt 0.750000 0.230832
vt 0.791667 0.230832
vt 0.833333 0.230832
vt 0.875000 0.230832
vt 0.916667 0.230832
vt 0.958333 0.230832
vt 1.000000 0.230832
vt 0.000000 0.769168
vt 0.041667 0.769168
vt 0.083333 0.769168
vt 0.125000 0.769168
vt 0.166667 0.769168
vt 0.208333 0.769168
vt 0.250000 0.769168
vt 0.291667 0.769168
vt 0.333333 0.769168
vt 0.375000 0.769168
vt 0.416667 0.769168
vt 0.458333 0.769168
vt 0.500000 0.769168
vt 0.541667 0.769168
vt 0.583333 0.769168
vt 0.625000 0.769168
vt 0.666667 0.769168
vt 0.708333 0.769168
vt 0.750000 0.769168
vt 0.791667 0.769168
vt 0.833333 0.769168
vt 0.875000 0.769168
vt 0.916667 0.769168
vt 0.958333 0.769168
vt 1.000000 0.769168
vt 0.000000 1.000000
vt 0.041667 1.000000
vt 0.083333 1.000000
vt 0.125000 1.000000
vt 0.166667 1.000000
vt 0.208333 1.000000
vt 0.250000 1.000000
vt 0.291667 1.000000
vt 0.333333 1.000000
vt 0.375000 1.000000
vt 0.416667 1.000000
vt 0.458333 1.000000
vt 0.500000 1.000000
vt 0.541667 1.000000
vt 0.583333 1.000000
vt 0.625000 1.000000
vt 0.666667 1.000000
vt 0.708333 1.000000
vt 0.750000 1.000000
vt 0.791667 1.000000
vt 0.833333 1.000000
vt 0.875000 1.000000
vt 0.916667 1.000000
vt 0.958333 1.000000
vt 1.000000 1.000000
vt 0.500000 0.500000
vt 0.950000 0.500000
vt 0.934667 0.616469
vt 0.889711 0.725000
vt 0.818198 0.818198
vt 0.725000 0.889711
vt 0.616469 0.934667
vt 0.500000 0.950000
vt 0.383531 0.934667
vt 0.275000 0.889711
vt 0.181802 0.818198
vt 0.110289 0.725000
vt 0.065333 0.616469
vt 0.050000 0.500000
vt 0.065333 0.383531
vt 0.110289 0.275000
vt 0.181802 0.181802
vt 0.275000 0.110289
vt 0.383531 0.065333
vt 0.500000 0.050000
vt 0.616469 0.065333
vt 0.725000 0.110289
vt 0.818198 0.181802
vt 0.889711 0.275000
vt 0.934667 0.383531
vt 0.500000 0.500000
vt 0.950000 0.500000
vt 0.934667 0.616469
vt 0.889711 0.725000
vt 0.818198 0.818198
vt 0.725000 0.889711
vt 0.616469 0.934667
vt 0.500000 0.950000
vt 0.383531 0.934667
vt 0.275000 0.889711
vt 0.181802 0.818198
vt 0.110289 0.725000
vt 0.065333 0.616469
vt 0.050000 0.500000
vt 0.065333 0.383531
vt 0.110289 0.275000
vt 0.181802 0.181802
vt 0.275000 0.110289
vt 0.383531 0.065333
vt 0.500000 0.050000
vt 0.616469 0.065333
vt 0.725000 0.110289
vt 0.818198 0.181802
vt 0.889711 0.275000
vt 0.934667 0.383531
vn -0.170239 0.918620 -0.356590
vn 0.043425 0.916183 -0.398401
vn 0.194532 0.659863 -0.725767
vn -0.038699 0.656920 -0.752967
vn 0.043425 0.916183 -0.398401
vn 0.194532 0.659863 -0.725767
vn 0.043425 0.916183 -0.398401
vn 0.194532 0.659863 -0.725767
vn 0.043425 0.916183 -0.398401
vn 0.194532 0.659863 -0.725767
vn 0.043425 0.916183 -0.398401
vn 0.194532 0.659863 -0.725767
vn 0.043425 0.916183 -0.398401
vn 0.194532 0.659863 -0.725767
vn 0.089879 0.905568 -0.414569
vn 0.325689 0.692800 -0.643394
vn 0.677555 0.627959 0.382866
vn 0.890568 0.269603 0.366337
vn 0.635818 0.503926 0.584631
vn 0.867137 0.240115 0.436369
vn 0.576601 0.617955 0.534474
vn 0.854956 0.290461 0.429748
vn 0.576601 0.617955 0.534474
vn 0.862669 0.276082 0.423771
vn -0.216835 0.460276 0.860888
vn -0.124146 -0.085967 0.988533
vn -0.451333 0.222829 0.864087
vn -0.493869 -0.266179 0.827793
vn -0.359837 0.151636 0.920611
vn -0.304973 -0.287150 0.908040
vn -0.359837 0.151636 0.920611
vn -0.304973 -0.287150 0.908040
vn -0.359837 0.151636 0.920611
vn -0.304973 -0.287150 0.908040
vn -0.359837 0.151636 0.920611
vn -0.304973 -0.287150 0.908040
vn -0.359837 0.151636 0.920611
vn -0.304973 -0.287150 0.908040
vn -0.391871 0.113588 0.912981
vn -0.451473 -0.268305 0.850990
vn -0.951962 0.298103 0.070019
vn -0.973131 0.009029 -0.230074
vn -0.904422 0.402551 -0.141325
vn -0.954927 0.056157 -0.291479
vn -0.893013 0.449863 -0.012264
vn -0.965397 0.082252 -0.247475
vn -0.893013 0.449863 -0.012264
vn -0.965575 0.085385 -0.245714
vn 0.304973 0.287150 -0.908040
vn 0.095352 0.204529 -0.974205
vn 0.304973 0.287150 -0.908040
vn 0.304973 0.287150 -0.908040
vn 0.304973 0.287150 -0.908040
vn 0.304973 0.287150 -0.908040
vn 0.304973 0.287150 -0.908040
vn 0.451473 0.268305 -0.850990
vn 0.973131 -0.009029 0.230074
vn 0.954927 -0.056157 0.291479
vn 0.965397 -0.082252 0.247475
vn 0.964362 -0.067109 0.255936
vn 0.069796 -0.740475 0.668450
vn -0.366591 -0.695714 0.617732
vn -0.194532 -0.659863 0.725767
vn -0.194532 -0.659863 0.725767
vn -0.194532 -0.659863 0.725767
vn -0.194532 -0.659863 0.725767
vn -0.194532 -0.659863 0.725767
vn -0.325689 -0.692800 0.643394
vn -0.890568 -0.269603 -0.366337
vn -0.867137 -0.240115 -0.436369
vn -0.854956 -0.290461 -0.429748
vn -0.853326 -0.293428 -0.430969
vn 0.359837 -0.151636 -0.920611
vn 0.184669 -0.279114 -0.942334
vn 0.359837 -0.151636 -0.920611
vn 0.359837 -0.151636 -0.920611
vn 0.359837 -0.151636 -0.920611
vn 0.359837 -0.151636 -0.920611
vn 0.359837 -0.151636 -0.920611
vn 0.391871 -0.113588 -0.912981
vn 0.951962 -0.298103 -0.070019
vn 0.904422 -0.402551 0.141325
vn 0.893013 -0.449863 0.012264
vn 0.893013 -0.449863 0.012264
vn 0.205449 -0.964838 0.163946
vn -0.103362 -0.951492 0.289793
vn -0.043425 -0.916183 0.398401
vn -0.043425 -0.916183 0.398401
vn -0.043425 -0.916183 0.398401
vn -0.043425 -0.916183 0.398401
vn -0.043425 -0.916183 0.398401
vn -0.089879 -0.905568 0.414569
vn -0.677555 -0.627959 -0.382866
vn -0.635818 -0.503926 -0.584631
vn -0.576601 -0.617955 -0.534474
vn -0.576601 -0.617955 -0.534474
vn -0.257232 0.868100 0.424539
vn -0.257232 0.868100 0.424539
vn -0.257232 0.868100 0.424539
vn -0.257232 0.868100 0.424539
vn -0.257232 0.868100 0.424539
vn -0.257232 0.868100 0.424539
vn -0.257232 0.868100 0.424539
vn -0.257232 0.868100 0.424539
vn -0.257232 0.868100 0.424539
vn -0.257232 0.868100 0.424539
vn -0.257232 0.868100 0.424539
vn -0.257232 0.868100 0.424539
vn -0.257232 0.868100 0.424539
vn -0.257232 0.868100 0.424539
vn -0.257232 0.868100 0.424539
vn -0.257232 0.868100 0.424539
vn -0.257232 0.868100 0.424539
vn -0.257232 0.868100 0.424539
vn -0.257232 0.868100 0.424539
vn -0.257232 0.868100 0.424539
vn -0.257232 0.868100 0.424539
vn -0.257232 0.868100 0.424539
vn -0.257232 0.868100 0.424539
vn -0.257232 0.868100 0.424539
vn -0.257232 0.868100 0.424539
vn 0.257232 -0.868100 -0.424539
vn 0.257232 -0.868100 -0.424539
vn 0.257232 -0.868100 -0.424539
vn 0.257232 -0.868100 -0.424539
vn 0.257232 -0.868100 -0.424539
vn 0.257232 -0.868100 -0.424539
vn 0.257232 -0.868100 -0.424539
vn 0.257232 -0.868100 -0.424539
vn 0.257232 -0.868100 -0.424539
vn 0.257232 -0.868100 -0.424539
vn 0.257232 -0.868100 -0.424539
vn 0.257232 -0.868100 -0.424539
vn 0.257232 -0.868100 -0.424539
vn 0.257232 -0.868100 -0.424539
vn 0.257232 -0.868100 -0.424539
vn 0.257232 -0.868100 -0.424539
vn 0.257232 -0.868100 -0.424539
vn 0.257232 -0.868100 -0.424539
vn 0.257232 -0.868100 -0.424539
vn 0.257232 -0.868100 -0.424539
vn 0.257232 -0.868100 -0.424539
vn 0.257232 -0.868100 -0.424539
vn 0.257232 -0.868100 -0.424539
vn 0.257232 -0.868100 -0.424539
vn 0.257232 -0.868100 -0.424539
f 2900/2900/2768 2901/2901/2769 2926/2926/2770 2925/2925/2771
f 2901/2901/2769 2902/2902/2772 2927/2927/2773 2926/2926/2770
f 2902/2902/2772 2903/2903/2774 2928/2928/2775 2927/2927/2773
f 2903/2903/2774 2904/2904/2776 2929/2929/2777 2928/2928/2775
f 2904/2904/2776 2905/2905/2778 2930/2930/2779 2929/2929/2777
f 2905/2905/2778 2906/2906/2780 2931/2931/2781 2930/2930/2779
f 2906/2906/2780 2907/2907/2782 2932/2932/2783 2931/2931/2781
f 2907/2907/2782 2908/2908/2784 2933/2933/2785 2932/2932/2783
f 2908/2908/2784 2909/2909/2786 2934/2934/2787 2933/2933/2785
f 2909/2909/2786 2910/2910/2788 2935/2935/2789 2934/2934/2787
f 2910/2910/2788 2911/2911/2790 2936/2936/2791 2935/2935/2789
f 2911/2911/2790 2912/2912/2792 2937/2937/2793 2936/2936/2791
f 2912/2912/2792 2913/2913/2794 2938/2938/2795 2937/2937/2793
f 2913/2913/2794 2914/2914/2796 2939/2939/2797 2938/2938/2795
f 2914/2914/2796 2915/2915/2798 2940/2940/2799 2939/2939/2797
f 2915/2915/2798 2916/2916/2800 2941/2941/2801 2940/2940/2799
f 2916/2916/2800 2917/2917/2802 2942/2942/2803 2941/2941/2801
f 2917/2917/2802 2918/2918/2804 2943/2943/2805 2942/2942/2803
f 2918/2918/2804 2919/2919/2806 2944/2944/2807 2943/2943/2805
f 2919/2919/2806 2920/2920/2808 2945/2945/2809 2944/2944/2807
f 2920/2920/2808 2921/2921/2810 2946/2946/2811 2945/2945/2809
f 2921/2921/2810 2922/2922/2812 2947/2947/2813 2946/2946/2811
f 2922/2922/2812 2923/2923/2814 2948/2948/2815 2947/2947/2813
f 2923/2923/2814 2924/2924/2768 2949/2949/2771 2948/2948/2815
f 2925/2925/2771 2926/2926/2770 2951/2951/2816 2950/2950/2817
f 2926/2926/2770 2927/2927/2773 2952/2952/2818 2951/2951/2816
f 2927/2927/2773 2928/2928/2775 2953/2953/2819 2952/2952/2818
f 2928/2928/2775 2929/2929/2777 2954/2954/2820 2953/2953/2819
f 2929/2929/2777 2930/2930/2779 2955/2955/2821 2954/2954/2820
f 2930/2930/2779 2931/2931/2781 2956/2956/2822 2955/2955/2821
f 2931/2931/2781 2932/2932/2783 2957/2957/2823 2956/2956/2822
f 2932/2932/2783 2933/2933/2785 2958/2958/2824 2957/2957/2823
f 2933/2933/2785 2934/2934/2787 2959/2959/2825 2958/2958/2824
f 2934/2934/2787 2935/2935/2789 2960/2960/2826 2959/2959/2825
f 2935/2935/2789 2936/2936/2791 2961/2961/2827 2960/2960/2826
f 2936/2936/2791 2937/2937/2793 2962/2962/2828 2961/2961/2827
f 2937/2937/2793 2938/2938/2795 2963/2963/2829 2962/2962/2828
f 2938/2938/2795 2939/2939/2797 2964/2964/2830 2963/2963/2829
f 2939/2939/2797 2940/2940/2799 2965/2965/2831 2964/2964/2830
f 2940/2940/2799 2941/2941/2801 2966/2966/2832 2965/2965/2831
f 2941/2941/2801 2942/2942/2803 2967/2967/2833 2966/2966/2832
f 2942/2942/2803 2943/2943/2805 2968/2968/2834 2967/2967/2833
f 2943/2943/2805 2944/2944/2807 2969/2969/2835 2968/2968/2834
f 2944/2944/2807 2945/2945/2809 2970/2970/2836 2969/2969/2835
f 2945/2945/2809 2946/2946/2811 2971/2971/2837 2970/2970/2836
f 2946/2946/2811 2947/2947/2813 2972/2972/2838 2971/2971/2837
f 2947/2947/2813 2948/2948/2815 2973/2973/2839 2972/2972/2838
f 2948/2948/2815 2949/2949/2771 2974/2974/2817 2973/2973/2839
f 2950/2950/2817 2951/2951/2816 2976/2976/2840 2975/2975/2841
f 2951/2951/2816 2952/2952/2818 2977/2977/2842 2976/2976/2840
f 2952/2952/2818 2953/2953/2819 2978/2978/2843 2977/2977/2842
f 2953/2953/2819 2954/2954/2820 2979/2979/2844 2978/2978/2843
f 2954/2954/2820 2955/2955/2821 2980/2980/2845 2979/2979/2844
f 2955/2955/2821 2956/2956/2822 2981/2981/2846 2980/2980/2845
f 2956/2956/2822 2957/2957/2823 2982/2982/2847 2981/2981/2846
f 2957/2957/2823 2958/2958/2824 2983/2983/2848 2982/2982/2847
f 2958/2958/2824 2959/2959/2825 2984/2984/2849 2983/2983/2848
f 2959/2959/2825 2960/2960/2826 2985/2985/2850 2984/2984/2849
f 2960/2960/2826 2961/2961/2827 2986/2986/2851 2985/2985/2850
f 2961/2961/2827 2962/2962/2828 2987/2987/2852 2986/2986/2851
f 2962/2962/2828 2963/2963/2829 2988/2988/2853 2987/2987/2852
f 2963/2963/2829 2964/2964/2830 2989/2989/2854 2988/2988/2853
f 2964/2964/2830 2965/2965/2831 2990/2990/2855 2989/2989/2854
f 2965/2965/2831 2966/2966/2832 2991/2991/2856 2990/2990/2855
f 2966/2966/2832 2967/2967/2833 2992/2992/2857 2991/2991/2856
f 2967/2967/2833 2968/2968/2834 2993/2993/2858 2992/2992/2857
f 2968/2968/2834 2969/2969/2835 2994/2994/2859 2993/2993/2858
f 2969/2969/2835 2970/2970/2836 2995/2995/2860 2994/2994/2859
f 2970/2970/2836 2971/2971/2837 2996/2996/2861 2995/2995/2860
f 2971/2971/2837 2972/2972/2838 2997/2997/2862 2996/2996/2861
f 2972/2972/2838 2973/2973/2839 2998/2998/2863 2997/2997/2862
f 2973/2973/2839 2974/2974/2817 2999/2999/2841 2998/2998/2863
f 3000/3000/2864 3002/3002/2865 3001/3001/2866
f 3000/3000/2864 3003/3003/2867 3002/3002/2865
f 3000/3000/2864 3004/3004/2868 3003/3003/2867
f 3000/3000/2864 3005/3005/2869 3004/3004/2868
f 3000/3000/2864 3006/3006/2870 3005/3005/2869
f 3000/3000/2864 3007/3007/2871 3006/3006/2870
f 3000/3000/2864 3008/3008/2872 3007/3007/2871
f 3000/3000/2864 3009/3009/2873 3008/3008/2872
f 3000/3000/2864 3010/3010/2874 3009/3009/2873
f 3000/3000/2864 3011/3011/2875 3010/3010/2874
f 3000/3000/2864 3012/3012/2876 3011/3011/2875
f 3000/3000/2864 3013/3013/2877 3012/3012/2876
f 3000/3000/2864 3014/3014/2878 3013/3013/2877
f 3000/3000/2864 3015/3015/2879 3014/3014/2878
f 3000/3000/2864 3016/3016/2880 3015/3015/2879
f 3000/3000/2864 3017/3017/2881 3016/3016/2880
f 3000/3000/2864 3018/3018/2882 3017/3017/2881
f 3000/3000/2864 3019/3019/2883 3018/3018/2882
f 3000/3000/2864 3020/3020/2884 3019/3019/2883
f 3000/3000/2864 3021/3021/2885 3020/3020/2884
f 3000/3000/2864 3022/3022/2886 3021/3021/2885
f 3000/3000/2864 3023/3023/2887 3022/3022/2886
f 3000/3000/2864 3024/3024/2888 3023/3023/2887
f 3000/3000/2864 3001/3001/2866 3024/3024/2888
f 3025/3025/2889 3026/3026/2890 3027/3027/2891
f 3025/3025/2889 3027/3027/2891 3028/3028/2892
f 3025/3025/2889 3028/3028/2892 3029/3029/2893
f 3025/3025/2889 3029/3029/2893 3030/3030/2894
f 3025/3025/2889 3030/3030/2894 3031/3031/2895
f 3025/3025/2889 3031/3031/2895 3032/3032/2896
f 3025/3025/2889 3032/3032/2896 3033/3033/2897
f 3025/3025/2889 3033/3033/2897 3034/3034/2898
f 3025/3025/2889 3034/3034/2898 3035/3035/2899
f 3025/3025/2889 3035/3035/2899 3036/3036/2900
f 3025/3025/2889 3036/3036/2900 3037/3037/2901
f 3025/3025/2889 3037/3037/2901 3038/3038/2902
f 3025/3025/2889 3038/3038/2902 3039/3039/2903
f 3025/3025/2889 3039/3039/2903 3040/3040/2904
f 3025/3025/2889 3040/3040/2904 3041/3041/2905
f 3025/3025/2889 3041/3041/2905 3042/3042/2906
f 3025/3025/2889 3042/3042/2906 3043/3043/2907
f 3025/3025/2889 3043/3043/2907 3044/3044/2908
f 3025/3025/2889 3044/3044/2908 3045/3045/2909
f 3025/3025/2889 3045/3045/2909 3046/3046/2910
f 3025/3025/2889 3046/3046/2910 3047/3047/2911
f 3025/3025/2889 3047/3047/2911 3048/3048/2912
f 3025/3025/2889 3048/3048/2912 3049/3049/2913
f 3025/3025/2889 3049/3049/2913 3026/3026/2890

o Stamp_Neck
usemtl Steel_Machined
v 0.036426 0.004263 -0.353449
v 0.042013 0.005362 -0.352310
v 0.047442 0.007305 -0.352995
v 0.052058 0.009860 -0.355422
v 0.055304 0.012717 -0.359297
v 0.056789 0.015532 -0.364154
v 0.056333 0.017966 -0.369406
v 0.053992 0.019724 -0.374421
v 0.050048 0.020596 -0.378593
v 0.044977 0.020475 -0.381419
v 0.039390 0.019377 -0.382558
v 0.033961 0.017433 -0.381873
v 0.029345 0.014879 -0.379446
v 0.026099 0.012022 -0.375571
v 0.024614 0.009207 -0.370714
v 0.025070 0.006773 -0.365462
v 0.027411 0.005014 -0.360447
v 0.031355 0.004143 -0.356275
v 0.036426 0.004263 -0.353449
v 0.031895 0.022518 -0.346884
v 0.036747 0.023472 -0.345894
v 0.041462 0.025160 -0.346489
v 0.045470 0.027378 -0.348596
v 0.048289 0.029860 -0.351962
v 0.049579 0.032304 -0.356179
v 0.049183 0.034418 -0.360741
v 0.047150 0.035945 -0.365096
v 0.043725 0.036702 -0.368719
v 0.039321 0.036597 -0.371173
v 0.034469 0.035643 -0.372162
v 0.029755 0.033955 -0.371567
v 0.025746 0.031737 -0.369460
v 0.022927 0.029256 -0.366095
v 0.021638 0.026811 -0.361877
v 0.022033 0.024698 -0.357315
v 0.024066 0.023170 -0.352961
v 0.027491 0.022414 -0.349338
v 0.031895 0.022518 -0.346884
v 0.040702 0.012369 -0.367434
v 0.036426 0.004263 -0.353449
v 0.042013 0.005362 -0.352310
v 0.047442 0.007305 -0.352995
v 0.052058 0.009860 -0.355422
v 0.055304 0.012717 -0.359297
v 0.056789 0.015532 -0.364154
v 0.056333 0.017966 -0.369406
v 0.053992 0.019724 -0.374421
v 0.050048 0.020596 -0.378593
v 0.044977 0.020475 -0.381419
v 0.039390 0.019377 -0.382558
v 0.033961 0.017433 -0.381873
v 0.029345 0.014879 -0.379446
v 0.026099 0.012022 -0.375571
v 0.024614 0.009207 -0.370714
v 0.025070 0.006773 -0.365462
v 0.027411 0.005014 -0.360447
v 0.031355 0.004143 -0.356275
v 0.035608 0.029558 -0.359028
v 0.031895 0.022518 -0.346884
v 0.036747 0.023472 -0.345894
v 0.041462 0.025160 -0.346489
v 0.045470 0.027378 -0.348596
v 0.048289 0.029860 -0.351962
v 0.049579 0.032304 -0.356179
v 0.049183 0.034418 -0.360741
v 0.047150 0.035945 -0.365096
v 0.043725 0.036702 -0.368719
v 0.039321 0.036597 -0.371173
v 0.034469 0.035643 -0.372162
v 0.029755 0.033955 -0.371567
v 0.025746 0.031737 -0.369460
v 0.022927 0.029256 -0.366095
v 0.021638 0.026811 -0.361877
v 0.022033 0.024698 -0.357315
v 0.024066 0.023170 -0.352961
v 0.027491 0.022414 -0.349338
vt 0.000000 0.000000
vt 0.055556 0.000000
vt 0.111111 0.000000
vt 0.166667 0.000000
vt 0.222222 0.000000
vt 0.277778 0.000000
vt 0.333333 0.000000
vt 0.388889 0.000000
vt 0.444444 0.000000
vt 0.500000 0.000000
vt 0.555556 0.000000
vt 0.611111 0.000000
vt 0.666667 0.000000
vt 0.722222 0.000000
vt 0.777778 0.000000
vt 0.833333 0.000000
vt 0.888889 0.000000
vt 0.944444 0.000000
vt 1.000000 0.000000
vt 0.000000 1.000000
vt 0.055556 1.000000
vt 0.111111 1.000000
vt 0.166667 1.000000
vt 0.222222 1.000000
vt 0.277778 1.000000
vt 0.333333 1.000000
vt 0.388889 1.000000
vt 0.444444 1.000000
vt 0.500000 1.000000
vt 0.555556 1.000000
vt 0.611111 1.000000
vt 0.666667 1.000000
vt 0.722222 1.000000
vt 0.777778 1.000000
vt 0.833333 1.000000
vt 0.888889 1.000000
vt 0.944444 1.000000
vt 1.000000 1.000000
vt 0.500000 0.500000
vt 0.950000 0.500000
vt 0.922862 0.653909
vt 0.844720 0.789254
vt 0.725000 0.889711
vt 0.578142 0.943163
vt 0.421858 0.943163
vt 0.275000 0.889711
vt 0.155280 0.789254
vt 0.077138 0.653909
vt 0.050000 0.500000
vt 0.077138 0.346091
vt 0.155280 0.210746
vt 0.275000 0.110289
vt 0.421858 0.056837
vt 0.578142 0.056837
vt 0.725000 0.110289
vt 0.844720 0.210746
vt 0.922862 0.346091
vt 0.500000 0.500000
vt 0.950000 0.500000
vt 0.922862 0.653909
vt 0.844720 0.789254
vt 0.725000 0.889711
vt 0.578142 0.943163
vt 0.421858 0.943163
vt 0.275000 0.889711
vt 0.155280 0.789254
vt 0.077138 0.653909
vt 0.050000 0.500000
vt 0.077138 0.346091
vt 0.155280 0.210746
vt 0.275000 0.110289
vt 0.421858 0.056837
vt 0.578142 0.056837
vt 0.725000 0.110289
vt 0.844720 0.210746
vt 0.922862 0.346091
vn -0.282557 -0.385979 0.878170
vn 0.049550 -0.320687 0.945888
vn 0.049550 -0.320687 0.945888
vn -0.282557 -0.385979 0.878170
vn 0.372255 -0.205153 0.905173
vn 0.372255 -0.205153 0.905173
vn 0.646633 -0.053312 0.760936
vn 0.646633 -0.053312 0.760936
vn 0.839592 0.116522 0.530573
vn 0.839592 0.116522 0.530573
vn 0.927858 0.283865 0.241870
vn 0.927858 0.283865 0.241870
vn 0.900783 0.428532 -0.070352
vn 0.900783 0.428532 -0.070352
vn 0.761635 0.533075 -0.368433
vn 0.761635 0.533075 -0.368433
vn 0.527196 0.584884 -0.616421
vn 0.527196 0.584884 -0.616421
vn 0.225743 0.577710 -0.784405
vn 0.225743 0.577710 -0.784405
vn -0.106364 0.512419 -0.852123
vn -0.106364 0.512419 -0.852123
vn -0.429068 0.396885 -0.811408
vn -0.429068 0.396885 -0.811408
vn -0.703446 0.245043 -0.667171
vn -0.703446 0.245043 -0.667171
vn -0.896405 0.075209 -0.436808
vn -0.896405 0.075209 -0.436808
vn -0.984671 -0.092134 -0.148105
vn -0.984671 -0.092134 -0.148105
vn -0.957596 -0.236801 0.164117
vn -0.957596 -0.236801 0.164117
vn -0.818448 -0.341344 0.462198
vn -0.818448 -0.341344 0.462198
vn -0.584009 -0.393153 0.710186
vn -0.584009 -0.393153 0.710186
vn 0.257232 -0.868100 -0.424539
vn 0.257232 -0.868100 -0.424539
vn 0.257232 -0.868100 -0.424539
vn 0.257232 -0.868100 -0.424539
vn 0.257232 -0.868100 -0.424539
vn 0.257232 -0.868100 -0.424539
vn 0.257232 -0.868100 -0.424539
vn 0.257232 -0.868100 -0.424539
vn 0.257232 -0.868100 -0.424539
vn 0.257232 -0.868100 -0.424539
vn 0.257232 -0.868100 -0.424539
vn 0.257232 -0.868100 -0.424539
vn 0.257232 -0.868100 -0.424539
vn 0.257232 -0.868100 -0.424539
vn 0.257232 -0.868100 -0.424539
vn 0.257232 -0.868100 -0.424539
vn 0.257232 -0.868100 -0.424539
vn 0.257232 -0.868100 -0.424539
vn 0.257232 -0.868100 -0.424539
vn -0.257232 0.868100 0.424539
vn -0.257232 0.868100 0.424539
vn -0.257232 0.868100 0.424539
vn -0.257232 0.868100 0.424539
vn -0.257232 0.868100 0.424539
vn -0.257232 0.868100 0.424539
vn -0.257232 0.868100 0.424539
vn -0.257232 0.868100 0.424539
vn -0.257232 0.868100 0.424539
vn -0.257232 0.868100 0.424539
vn -0.257232 0.868100 0.424539
vn -0.257232 0.868100 0.424539
vn -0.257232 0.868100 0.424539
vn -0.257232 0.868100 0.424539
vn -0.257232 0.868100 0.424539
vn -0.257232 0.868100 0.424539
vn -0.257232 0.868100 0.424539
vn -0.257232 0.868100 0.424539
vn -0.257232 0.868100 0.424539
f 3050/3050/2914 3051/3051/2915 3070/3070/2916 3069/3069/2917
f 3051/3051/2915 3052/3052/2918 3071/3071/2919 3070/3070/2916
f 3052/3052/2918 3053/3053/2920 3072/3072/2921 3071/3071/2919
f 3053/3053/2920 3054/3054/2922 3073/3073/2923 3072/3072/2921
f 3054/3054/2922 3055/3055/2924 3074/3074/2925 3073/3073/2923
f 3055/3055/2924 3056/3056/2926 3075/3075/2927 3074/3074/2925
f 3056/3056/2926 3057/3057/2928 3076/3076/2929 3075/3075/2927
f 3057/3057/2928 3058/3058/2930 3077/3077/2931 3076/3076/2929
f 3058/3058/2930 3059/3059/2932 3078/3078/2933 3077/3077/2931
f 3059/3059/2932 3060/3060/2934 3079/3079/2935 3078/3078/2933
f 3060/3060/2934 3061/3061/2936 3080/3080/2937 3079/3079/2935
f 3061/3061/2936 3062/3062/2938 3081/3081/2939 3080/3080/2937
f 3062/3062/2938 3063/3063/2940 3082/3082/2941 3081/3081/2939
f 3063/3063/2940 3064/3064/2942 3083/3083/2943 3082/3082/2941
f 3064/3064/2942 3065/3065/2944 3084/3084/2945 3083/3083/2943
f 3065/3065/2944 3066/3066/2946 3085/3085/2947 3084/3084/2945
f 3066/3066/2946 3067/3067/2948 3086/3086/2949 3085/3085/2947
f 3067/3067/2948 3068/3068/2914 3087/3087/2917 3086/3086/2949
f 3088/3088/2950 3090/3090/2951 3089/3089/2952
f 3088/3088/2950 3091/3091/2953 3090/3090/2951
f 3088/3088/2950 3092/3092/2954 3091/3091/2953
f 3088/3088/2950 3093/3093/2955 3092/3092/2954
f 3088/3088/2950 3094/3094/2956 3093/3093/2955
f 3088/3088/2950 3095/3095/2957 3094/3094/2956
f 3088/3088/2950 3096/3096/2958 3095/3095/2957
f 3088/3088/2950 3097/3097/2959 3096/3096/2958
f 3088/3088/2950 3098/3098/2960 3097/3097/2959
f 3088/3088/2950 3099/3099/2961 3098/3098/2960
f 3088/3088/2950 3100/3100/2962 3099/3099/2961
f 3088/3088/2950 3101/3101/2963 3100/3100/2962
f 3088/3088/2950 3102/3102/2964 3101/3101/2963
f 3088/3088/2950 3103/3103/2965 3102/3102/2964
f 3088/3088/2950 3104/3104/2966 3103/3103/2965
f 3088/3088/2950 3105/3105/2967 3104/3104/2966
f 3088/3088/2950 3106/3106/2968 3105/3105/2967
f 3088/3088/2950 3089/3089/2952 3106/3106/2968
f 3107/3107/2969 3108/3108/2970 3109/3109/2971
f 3107/3107/2969 3109/3109/2971 3110/3110/2972
f 3107/3107/2969 3110/3110/2972 3111/3111/2973
f 3107/3107/2969 3111/3111/2973 3112/3112/2974
f 3107/3107/2969 3112/3112/2974 3113/3113/2975
f 3107/3107/2969 3113/3113/2975 3114/3114/2976
f 3107/3107/2969 3114/3114/2976 3115/3115/2977
f 3107/3107/2969 3115/3115/2977 3116/3116/2978
f 3107/3107/2969 3116/3116/2978 3117/3117/2979
f 3107/3107/2969 3117/3117/2979 3118/3118/2980
f 3107/3107/2969 3118/3118/2980 3119/3119/2981
f 3107/3107/2969 3119/3119/2981 3120/3120/2982
f 3107/3107/2969 3120/3120/2982 3121/3121/2983
f 3107/3107/2969 3121/3121/2983 3122/3122/2984
f 3107/3107/2969 3122/3122/2984 3123/3123/2985
f 3107/3107/2969 3123/3123/2985 3124/3124/2986
f 3107/3107/2969 3124/3124/2986 3125/3125/2987
f 3107/3107/2969 3125/3125/2987 3108/3108/2970

o Stamp_Handle
usemtl Grip_Rubber
v -0.037893 0.032226 -0.398655
v -0.039455 0.036227 -0.395685
v -0.041312 0.038831 -0.391496
v -0.043238 0.039723 -0.386592
v -0.045002 0.038797 -0.381565
v -0.046391 0.036163 -0.377022
v -0.047238 0.032140 -0.373509
v -0.047440 0.027212 -0.371452
v -0.046973 0.021975 -0.371097
v -0.045893 0.017059 -0.372489
v -0.044330 0.013058 -0.375458
v -0.042474 0.010454 -0.379647
v -0.040548 0.009561 -0.384551
v -0.038783 0.010488 -0.389578
v -0.037394 0.013122 -0.394122
v -0.036548 0.017145 -0.397634
v -0.036346 0.022072 -0.399692
v -0.036813 0.027310 -0.400046
v -0.037893 0.032226 -0.398655
v -0.029222 0.033547 -0.396104
v -0.030857 0.037734 -0.392997
v -0.032799 0.040458 -0.388614
v -0.034815 0.041392 -0.383483
v -0.036661 0.040423 -0.378223
v -0.038114 0.037667 -0.373469
v -0.039000 0.033458 -0.369794
v -0.039211 0.028302 -0.367641
v -0.038722 0.022822 -0.367270
v -0.037593 0.017678 -0.368726
v -0.035958 0.013492 -0.371833
v -0.034016 0.010768 -0.376216
v -0.032000 0.009834 -0.381347
v -0.030154 0.010803 -0.386607
v -0.028701 0.013559 -0.391361
v -0.027815 0.017768 -0.395036
v -0.027604 0.022924 -0.397189
v -0.028092 0.028404 -0.397559
v -0.029222 0.033547 -0.396104
v -0.020662 0.034660 -0.393191
v -0.022326 0.038921 -0.390029
v -0.024303 0.041694 -0.385567
v -0.026355 0.042644 -0.380345
v -0.028233 0.041658 -0.374991
v -0.029713 0.038853 -0.370152
v -0.030614 0.034568 -0.366412
v -0.030829 0.029320 -0.364221
v -0.030332 0.023743 -0.363843
v -0.029182 0.018507 -0.365325
v -0.027518 0.014246 -0.368487
v -0.025541 0.011473 -0.372949
v -0.023489 0.010523 -0.378171
v -0.021610 0.011509 -0.383525
v -0.020131 0.014314 -0.388364
v -0.019229 0.018599 -0.392104
v -0.019015 0.023847 -0.394296
v -0.019512 0.029424 -0.394673
v -0.020662 0.034660 -0.393191
v -0.012122 0.035733 -0.390212
v -0.013807 0.040049 -0.387009
v -0.015810 0.042857 -0.382491
v -0.017887 0.043820 -0.377202
v -0.019790 0.042821 -0.371780
v -0.021288 0.039980 -0.366879
v -0.022202 0.035641 -0.363091
v -0.022419 0.030326 -0.360872
v -0.021915 0.024677 -0.360490
v -0.020751 0.019375 -0.361990
v -0.019065 0.015059 -0.365193
v -0.017063 0.012251 -0.369711
v -0.014986 0.011288 -0.375000
v -0.013083 0.012288 -0.380422
v -0.011584 0.015128 -0.385323
v -0.010671 0.019467 -0.389111
v -0.010454 0.024782 -0.391331
v -0.010958 0.030431 -0.391713
v -0.012122 0.035733 -0.390212
v -0.003595 0.036784 -0.387193
v -0.005296 0.041141 -0.383959
v -0.007318 0.043977 -0.379397
v -0.009416 0.044949 -0.374056
v -0.011337 0.043940 -0.368581
v -0.012850 0.041072 -0.363633
v -0.013772 0.036690 -0.359807
v -0.013992 0.031324 -0.357567
v -0.013483 0.025619 -0.357181
v -0.012307 0.020266 -0.358696
v -0.010606 0.015908 -0.361930
v -0.008584 0.013072 -0.366492
v -0.006486 0.012100 -0.371833
v -0.004565 0.013109 -0.377308
v -0.003052 0.015978 -0.382256
v -0.002130 0.020359 -0.386081
v -0.001910 0.025726 -0.388322
v -0.002419 0.031430 -0.388708
v -0.003595 0.036784 -0.387193
v 0.004923 0.037816 -0.384143
v 0.003209 0.042206 -0.380885
v 0.001172 0.045063 -0.376288
v -0.000942 0.046043 -0.370907
v -0.002877 0.045026 -0.365392
v -0.004402 0.042136 -0.360406
v -0.005330 0.037722 -0.356552
v -0.005552 0.032315 -0.354294
v -0.005039 0.026568 -0.353906
v -0.003854 0.021174 -0.355432
v -0.002140 0.016784 -0.358690
v -0.000103 0.013927 -0.363287
v 0.002011 0.012948 -0.368668
v 0.003946 0.013964 -0.374183
v 0.005471 0.016854 -0.379169
v 0.006399 0.021269 -0.383023
v 0.006621 0.026675 -0.385281
v 0.006108 0.032422 -0.385670
v 0.004923 0.037816 -0.384143
v 0.013433 0.038833 -0.381066
v 0.011710 0.043248 -0.377790
v 0.009661 0.046121 -0.373168
v 0.007536 0.047106 -0.367757
v 0.005589 0.046084 -0.362210
v 0.004056 0.043178 -0.357197
v 0.003122 0.038739 -0.353321
v 0.002899 0.033301 -0.351051
v 0.003415 0.027522 -0.350660
v 0.004607 0.022098 -0.352195
v 0.006330 0.017683 -0.355471
v 0.008379 0.014810 -0.360094
v 0.010504 0.013825 -0.365505
v 0.012451 0.014848 -0.371051
v 0.013984 0.017754 -0.376065
v 0.014918 0.022193 -0.379940
v 0.015141 0.027630 -0.382211
v 0.014625 0.033409 -0.382602
v 0.013433 0.038833 -0.381066
v 0.021936 0.039836 -0.377966
v 0.020206 0.044269 -0.374677
v 0.018149 0.047153 -0.370036
v 0.016015 0.048142 -0.364604
v 0.014061 0.047115 -0.359036
v 0.012522 0.044198 -0.354003
v 0.011585 0.039741 -0.350112
v 0.011361 0.034283 -0.347833
v 0.011879 0.028481 -0.347440
v 0.013075 0.023036 -0.348982
v 0.014805 0.018604 -0.352271
v 0.016862 0.015720 -0.356911
v 0.018996 0.014731 -0.362343
v 0.020950 0.015757 -0.367912
v 0.022489 0.018675 -0.372945
v 0.023426 0.023131 -0.376835
v 0.023650 0.028590 -0.379115
v 0.023132 0.034391 -0.379507
v 0.021936 0.039836 -0.377966
v 0.030432 0.040826 -0.374843
v 0.028697 0.045269 -0.371546
v 0.026636 0.048160 -0.366895
v 0.024497 0.049151 -0.361450
v 0.022539 0.048122 -0.355869
v 0.020996 0.045198 -0.350824
v 0.020056 0.040731 -0.346925
v 0.019832 0.035260 -0.344640
v 0.020351 0.029445 -0.344247
v 0.021550 0.023987 -0.345791
v 0.023285 0.019545 -0.349088
v 0.025346 0.016654 -0.353739
v 0.027485 0.015663 -0.359184
v 0.029443 0.016692 -0.364765
v 0.030986 0.019616 -0.369810
v 0.031925 0.024083 -0.373709
v 0.032150 0.029554 -0.375994
v 0.031631 0.035369 -0.376387
v 0.030432 0.040826 -0.374843
v 0.038921 0.041803 -0.371697
v 0.037185 0.046249 -0.368398
v 0.035122 0.049142 -0.363743
v 0.032982 0.050134 -0.358294
v 0.031022 0.049105 -0.352709
v 0.029478 0.046178 -0.347660
v 0.028537 0.041708 -0.343757
v 0.028313 0.036233 -0.341471
v 0.028832 0.030413 -0.341077
v 0.030032 0.024951 -0.342623
v 0.031768 0.020506 -0.345923
v 0.033831 0.017613 -0.350577
v 0.035971 0.016621 -0.356026
v 0.037931 0.017650 -0.361612
v 0.039475 0.020577 -0.366660
v 0.040416 0.025047 -0.370563
v 0.040640 0.030522 -0.372849
v 0.040121 0.036341 -0.373243
v 0.038921 0.041803 -0.371697
v 0.047403 0.042768 -0.368529
v 0.045668 0.047210 -0.365232
v 0.043607 0.050101 -0.360581
v 0.041468 0.051092 -0.355136
v 0.039510 0.050063 -0.349555
v 0.037967 0.047139 -0.344511
v 0.037027 0.042672 -0.340611
v 0.036803 0.037201 -0.338326
v 0.037322 0.031386 -0.337933
v 0.038521 0.025928 -0.339478
v 0.040256 0.021486 -0.342775
v 0.042317 0.018595 -0.347426
v 0.044456 0.017604 -0.352870
v 0.046414 0.018633 -0.358451
v 0.047957 0.021557 -0.363496
v 0.048896 0.026024 -0.367396
v 0.049121 0.031495 -0.369680
v 0.048602 0.037310 -0.370074
v 0.047403 0.042768 -0.368529
v 0.055878 0.043719 -0.365339
v 0.054148 0.048151 -0.362049
v 0.052091 0.051035 -0.357409
v 0.049957 0.052024 -0.351977
v 0.048003 0.050998 -0.346409
v 0.046464 0.048080 -0.341376
v 0.045527 0.043624 -0.337485
v 0.045303 0.038165 -0.335206
v 0.045821 0.032364 -0.334813
v 0.047017 0.026918 -0.336354
v 0.048747 0.022486 -0.339644
v 0.050804 0.019602 -0.344284
v 0.052938 0.018613 -0.349716
v 0.054892 0.019639 -0.355284
v 0.056431 0.022557 -0.360317
v 0.057368 0.027013 -0.364208
v 0.057592 0.032472 -0.366487
v 0.057074 0.038273 -0.366880
v 0.055878 0.043719 -0.365339
v 0.064346 0.044657 -0.362125
v 0.062623 0.049071 -0.358849
v 0.060574 0.051945 -0.354227
v 0.058449 0.052929 -0.348816
v 0.056502 0.051907 -0.343269
v 0.054969 0.049001 -0.338256
v 0.054035 0.044562 -0.334380
v 0.053812 0.039125 -0.332110
v 0.054328 0.033346 -0.331719
v 0.055519 0.027922 -0.333254
v 0.057243 0.023507 -0.336530
v 0.059292 0.020634 -0.341153
v 0.061417 0.019649 -0.346563
v 0.063364 0.020671 -0.352110
v 0.064897 0.023577 -0.357124
v 0.065831 0.028016 -0.360999
v 0.066053 0.033453 -0.363270
v 0.065538 0.039232 -0.363661
v 0.064346 0.044657 -0.362125
v 0.072807 0.045580 -0.358888
v 0.071093 0.049971 -0.355630
v 0.069056 0.052828 -0.351033
v 0.066942 0.053807 -0.345653
v 0.065007 0.052791 -0.340137
v 0.063482 0.049901 -0.335151
v 0.062554 0.045486 -0.331297
v 0.062332 0.040079 -0.329040
v 0.062845 0.034333 -0.328651
v 0.064030 0.028939 -0.330177
v 0.065744 0.024549 -0.333436
v 0.067781 0.021691 -0.338032
v 0.069894 0.020712 -0.343413
v 0.071830 0.021729 -0.348929
v 0.073354 0.024618 -0.353914
v 0.074283 0.029033 -0.357768
v 0.074505 0.034440 -0.360026
v 0.073992 0.040187 -0.360415
v 0.072807 0.045580 -0.358888
v 0.081260 0.046489 -0.355624
v 0.079559 0.050847 -0.352391
v 0.077537 0.053682 -0.347828
v 0.075439 0.054655 -0.342487
v 0.073517 0.053646 -0.337013
v 0.072005 0.050777 -0.332064
v 0.071083 0.046396 -0.328239
v 0.070863 0.041029 -0.325998
v 0.071372 0.035325 -0.325612
v 0.072548 0.029971 -0.327127
v 0.074249 0.025614 -0.330361
v 0.076271 0.022778 -0.334924
v 0.078369 0.021806 -0.340264
v 0.080290 0.022815 -0.345739
v 0.081803 0.025683 -0.350688
v 0.082725 0.030065 -0.354513
v 0.082945 0.035431 -0.356754
v 0.082436 0.041135 -0.357140
v 0.081260 0.046489 -0.355624
v 0.089704 0.047380 -0.352330
v 0.088018 0.051695 -0.349127
v 0.086016 0.054504 -0.344609
v 0.083938 0.055467 -0.339320
v 0.082036 0.054467 -0.333898
v 0.080537 0.051627 -0.328997
v 0.079624 0.047287 -0.325209
v 0.079407 0.041973 -0.322990
v 0.079911 0.036324 -0.322607
v 0.081075 0.031022 -0.324108
v 0.082760 0.026706 -0.327311
v 0.084763 0.023898 -0.331829
v 0.086840 0.022935 -0.337118
v 0.088743 0.023934 -0.342540
v 0.090241 0.026775 -0.347441
v 0.091154 0.031114 -0.351229
v 0.091372 0.036429 -0.353448
v 0.090868 0.042078 -0.353831
v 0.089704 0.047380 -0.352330
v 0.098135 0.048247 -0.348995
v 0.096471 0.052509 -0.345833
v 0.094494 0.055282 -0.341372
v 0.092442 0.056232 -0.336149
v 0.090563 0.055246 -0.330796
v 0.089084 0.052441 -0.325957
v 0.088182 0.048156 -0.322216
v 0.087967 0.042908 -0.320025
v 0.088465 0.037330 -0.319647
v 0.089615 0.032095 -0.321129
v 0.091279 0.027834 -0.324291
v 0.093256 0.025061 -0.328753
v 0.095308 0.024110 -0.333975
v 0.097186 0.025097 -0.339329
v 0.098666 0.027902 -0.344168
v 0.099567 0.032187 -0.347908
v 0.099782 0.037434 -0.350100
v 0.099285 0.043012 -0.350477
v 0.098135 0.048247 -0.348995
v 0.106545 0.049076 -0.345594
v 0.104911 0.053263 -0.342487
v 0.102968 0.055987 -0.338104
v 0.100953 0.056921 -0.332973
v 0.099107 0.055952 -0.327714
v 0.097654 0.053196 -0.322960
v 0.096768 0.048987 -0.319284
v 0.096557 0.043831 -0.317132
v 0.097045 0.038351 -0.316761
v 0.098175 0.033207 -0.318217
v 0.099810 0.029021 -0.321323
v 0.101752 0.026297 -0.325707
v 0.103768 0.025363 -0.330838
v 0.105614 0.026332 -0.336097
v 0.107067 0.029088 -0.340851
v 0.107953 0.033297 -0.344526
v 0.108164 0.038453 -0.346679
v 0.107675 0.043933 -0.347050
v 0.106545 0.049076 -0.345594
v 0.114846 0.049696 -0.341832
v 0.113283 0.053697 -0.338862
v 0.111427 0.056301 -0.334673
v 0.109501 0.057193 -0.329769
v 0.107736 0.056267 -0.324742
v 0.106347 0.053633 -0.320199
v 0.105501 0.049610 -0.316686
v 0.105299 0.044682 -0.314629
v 0.105766 0.039445 -0.314274
v 0.106846 0.034529 -0.315666
v 0.108408 0.030528 -0.318635
v 0.110265 0.027924 -0.322824
v 0.112191 0.027031 -0.327728
v 0.113955 0.027958 -0.332755
v 0.115344 0.030592 -0.337299
v 0.116191 0.034615 -0.340811
v 0.116393 0.039542 -0.342869
v 0.115926 0.044780 -0.343223
v 0.114846 0.049696 -0.341832
v -0.041893 0.024642 -0.385572
v -0.037893 0.032226 -0.398655
v -0.039455 0.036227 -0.395685
v -0.041312 0.038831 -0.391496
v -0.043238 0.039723 -0.386592
v -0.045002 0.038797 -0.381565
v -0.046391 0.036163 -0.377022
v -0.047238 0.032140 -0.373509
v -0.047440 0.027212 -0.371452
v -0.046973 0.021975 -0.371097
v -0.045893 0.017059 -0.372489
v -0.044330 0.013058 -0.375458
v -0.042474 0.010454 -0.379647
v -0.040548 0.009561 -0.384551
v -0.038783 0.010488 -0.389578
v -0.037394 0.013122 -0.394122
v -0.036548 0.017145 -0.397634
v -0.036346 0.022072 -0.399692
v -0.036813 0.027310 -0.400046
v 0.110846 0.042112 -0.328749
v 0.114846 0.049696 -0.341832
v 0.113283 0.053697 -0.338862
v 0.111427 0.056301 -0.334673
v 0.109501 0.057193 -0.329769
v 0.107736 0.056267 -0.324742
v 0.106347 0.053633 -0.320199
v 0.105501 0.049610 -0.316686
v 0.105299 0.044682 -0.314629
v 0.105766 0.039445 -0.314274
v 0.106846 0.034529 -0.315666
v 0.108408 0.030528 -0.318635
v 0.110265 0.027924 -0.322824
v 0.112191 0.027031 -0.327728
v 0.113955 0.027958 -0.332755
v 0.115344 0.030592 -0.337299
v 0.116191 0.034615 -0.340811
v 0.116393 0.039542 -0.342869
v 0.115926 0.044780 -0.343223
vt 0.000000 0.000000
vt 0.055556 0.000000
vt 0.111111 0.000000
vt 0.166667 0.000000
vt 0.222222 0.000000
vt 0.277778 0.000000
vt 0.333333 0.000000
vt 0.388889 0.000000
vt 0.444444 0.000000
vt 0.500000 0.000000
vt 0.555556 0.000000
vt 0.611111 0.000000
vt 0.666667 0.000000
vt 0.722222 0.000000
vt 0.777778 0.000000
vt 0.833333 0.000000
vt 0.888889 0.000000
vt 0.944444 0.000000
vt 1.000000 0.000000
vt 0.000000 0.055556
vt 0.055556 0.055556
vt 0.111111 0.055556
vt 0.166667 0.055556
vt 0.222222 0.055556
vt 0.277778 0.055556
vt 0.333333 0.055556
vt 0.388889 0.055556
vt 0.444444 0.055556
vt 0.500000 0.055556
vt 0.555556 0.055556
vt 0.611111 0.055556
vt 0.666667 0.055556
vt 0.722222 0.055556
vt 0.777778 0.055556
vt 0.833333 0.055556
vt 0.888889 0.055556
vt 0.944444 0.055556
vt 1.000000 0.055556
vt 0.000000 0.111112
vt 0.055556 0.111112
vt 0.111111 0.111112
vt 0.166667 0.111112
vt 0.222222 0.111112
vt 0.277778 0.111112
vt 0.333333 0.111112
vt 0.388889 0.111112
vt 0.444444 0.111112
vt 0.500000 0.111112
vt 0.555556 0.111112
vt 0.611111 0.111112
vt 0.666667 0.111112
vt 0.722222 0.111112
vt 0.777778 0.111112
vt 0.833333 0.111112
vt 0.888889 0.111112
vt 0.944444 0.111112
vt 1.000000 0.111112
vt 0.000000 0.166667
vt 0.055556 0.166667
vt 0.111111 0.166667
vt 0.166667 0.166667
vt 0.222222 0.166667
vt 0.277778 0.166667
vt 0.333333 0.166667
vt 0.388889 0.166667
vt 0.444444 0.166667
vt 0.500000 0.166667
vt 0.555556 0.166667
vt 0.611111 0.166667
vt 0.666667 0.166667
vt 0.722222 0.166667
vt 0.777778 0.166667
vt 0.833333 0.166667
vt 0.888889 0.166667
vt 0.944444 0.166667
vt 1.000000 0.166667
vt 0.000000 0.222223
vt 0.055556 0.222223
vt 0.111111 0.222223
vt 0.166667 0.222223
vt 0.222222 0.222223
vt 0.277778 0.222223
vt 0.333333 0.222223
vt 0.388889 0.222223
vt 0.444444 0.222223
vt 0.500000 0.222223
vt 0.555556 0.222223
vt 0.611111 0.222223
vt 0.666667 0.222223
vt 0.722222 0.222223
vt 0.777778 0.222223
vt 0.833333 0.222223
vt 0.888889 0.222223
vt 0.944444 0.222223
vt 1.000000 0.222223
vt 0.000000 0.277778
vt 0.055556 0.277778
vt 0.111111 0.277778
vt 0.166667 0.277778
vt 0.222222 0.277778
vt 0.277778 0.277778
vt 0.333333 0.277778
vt 0.388889 0.277778
vt 0.444444 0.277778
vt 0.500000 0.277778
vt 0.555556 0.277778
vt 0.611111 0.277778
vt 0.666667 0.277778
vt 0.722222 0.277778
vt 0.777778 0.277778
vt 0.833333 0.277778
vt 0.888889 0.277778
vt 0.944444 0.277778
vt 1.000000 0.277778
vt 0.000000 0.333334
vt 0.055556 0.333334
vt 0.111111 0.333334
vt 0.166667 0.333334
vt 0.222222 0.333334
vt 0.277778 0.333334
vt 0.333333 0.333334
vt 0.388889 0.333334
vt 0.444444 0.333334
vt 0.500000 0.333334
vt 0.555556 0.333334
vt 0.611111 0.333334
vt 0.666667 0.333334
vt 0.722222 0.333334
vt 0.777778 0.333334
vt 0.833333 0.333334
vt 0.888889 0.333334
vt 0.944444 0.333334
vt 1.000000 0.333334
vt 0.000000 0.388889
vt 0.055556 0.388889
vt 0.111111 0.388889
vt 0.166667 0.388889
vt 0.222222 0.388889
vt 0.277778 0.388889
vt 0.333333 0.388889
vt 0.388889 0.388889
vt 0.444444 0.388889
vt 0.500000 0.388889
vt 0.555556 0.388889
vt 0.611111 0.388889
vt 0.666667 0.388889
vt 0.722222 0.388889
vt 0.777778 0.388889
vt 0.833333 0.388889
vt 0.888889 0.388889
vt 0.944444 0.388889
vt 1.000000 0.388889
vt 0.000000 0.444445
vt 0.055556 0.444445
vt 0.111111 0.444445
vt 0.166667 0.444445
vt 0.222222 0.444445
vt 0.277778 0.444445
vt 0.333333 0.444445
vt 0.388889 0.444445
vt 0.444444 0.444445
vt 0.500000 0.444445
vt 0.555556 0.444445
vt 0.611111 0.444445
vt 0.666667 0.444445
vt 0.722222 0.444445
vt 0.777778 0.444445
vt 0.833333 0.444445
vt 0.888889 0.444445
vt 0.944444 0.444445
vt 1.000000 0.444445
vt 0.000000 0.500000
vt 0.055556 0.500000
vt 0.111111 0.500000
vt 0.166667 0.500000
vt 0.222222 0.500000
vt 0.277778 0.500000
vt 0.333333 0.500000
vt 0.388889 0.500000
vt 0.444444 0.500000
vt 0.500000 0.500000
vt 0.555556 0.500000
vt 0.611111 0.500000
vt 0.666667 0.500000
vt 0.722222 0.500000
vt 0.777778 0.500000
vt 0.833333 0.500000
vt 0.888889 0.500000
vt 0.944444 0.500000
vt 1.000000 0.500000
vt 0.000000 0.555555
vt 0.055556 0.555555
vt 0.111111 0.555555
vt 0.166667 0.555555
vt 0.222222 0.555555
vt 0.277778 0.555555
vt 0.333333 0.555555
vt 0.388889 0.555555
vt 0.444444 0.555555
vt 0.500000 0.555555
vt 0.555556 0.555555
vt 0.611111 0.555555
vt 0.666667 0.555555
vt 0.722222 0.555555
vt 0.777778 0.555555
vt 0.833333 0.555555
vt 0.888889 0.555555
vt 0.944444 0.555555
vt 1.000000 0.555555
vt 0.000000 0.611111
vt 0.055556 0.611111
vt 0.111111 0.611111
vt 0.166667 0.611111
vt 0.222222 0.611111
vt 0.277778 0.611111
vt 0.333333 0.611111
vt 0.388889 0.611111
vt 0.444444 0.611111
vt 0.500000 0.611111
vt 0.555556 0.611111
vt 0.611111 0.611111
vt 0.666667 0.611111
vt 0.722222 0.611111
vt 0.777778 0.611111
vt 0.833333 0.611111
vt 0.888889 0.611111
vt 0.944444 0.611111
vt 1.000000 0.611111
vt 0.000000 0.666666
vt 0.055556 0.666666
vt 0.111111 0.666666
vt 0.166667 0.666666
vt 0.222222 0.666666
vt 0.277778 0.666666
vt 0.333333 0.666666
vt 0.388889 0.666666
vt 0.444444 0.666666
vt 0.500000 0.666666
vt 0.555556 0.666666
vt 0.611111 0.666666
vt 0.666667 0.666666
vt 0.722222 0.666666
vt 0.777778 0.666666
vt 0.833333 0.666666
vt 0.888889 0.666666
vt 0.944444 0.666666
vt 1.000000 0.666666
vt 0.000000 0.722222
vt 0.055556 0.722222
vt 0.111111 0.722222
vt 0.166667 0.722222
vt 0.222222 0.722222
vt 0.277778 0.722222
vt 0.333333 0.722222
vt 0.388889 0.722222
vt 0.444444 0.722222
vt 0.500000 0.722222
vt 0.555556 0.722222
vt 0.611111 0.722222
vt 0.666667 0.722222
vt 0.722222 0.722222
vt 0.777778 0.722222
vt 0.833333 0.722222
vt 0.888889 0.722222
vt 0.944444 0.722222
vt 1.000000 0.722222
vt 0.000000 0.777777
vt 0.055556 0.777777
vt 0.111111 0.777777
vt 0.166667 0.777777
vt 0.222222 0.777777
vt 0.277778 0.777777
vt 0.333333 0.777777
vt 0.388889 0.777777
vt 0.444444 0.777777
vt 0.500000 0.777777
vt 0.555556 0.777777
vt 0.611111 0.777777
vt 0.666667 0.777777
vt 0.722222 0.777777
vt 0.777778 0.777777
vt 0.833333 0.777777
vt 0.888889 0.777777
vt 0.944444 0.777777
vt 1.000000 0.777777
vt 0.000000 0.833333
vt 0.055556 0.833333
vt 0.111111 0.833333
vt 0.166667 0.833333
vt 0.222222 0.833333
vt 0.277778 0.833333
vt 0.333333 0.833333
vt 0.388889 0.833333
vt 0.444444 0.833333
vt 0.500000 0.833333
vt 0.555556 0.833333
vt 0.611111 0.833333
vt 0.666667 0.833333
vt 0.722222 0.833333
vt 0.777778 0.833333
vt 0.833333 0.833333
vt 0.888889 0.833333
vt 0.944444 0.833333
vt 1.000000 0.833333
vt 0.000000 0.888888
vt 0.055556 0.888888
vt 0.111111 0.888888
vt 0.166667 0.888888
vt 0.222222 0.888888
vt 0.277778 0.888888
vt 0.333333 0.888888
vt 0.388889 0.888888
vt 0.444444 0.888888
vt 0.500000 0.888888
vt 0.555556 0.888888
vt 0.611111 0.888888
vt 0.666667 0.888888
vt 0.722222 0.888888
vt 0.777778 0.888888
vt 0.833333 0.888888
vt 0.888889 0.888888
vt 0.944444 0.888888
vt 1.000000 0.888888
vt 0.000000 0.944444
vt 0.055556 0.944444
vt 0.111111 0.944444
vt 0.166667 0.944444
vt 0.222222 0.944444
vt 0.277778 0.944444
vt 0.333333 0.944444
vt 0.388889 0.944444
vt 0.444444 0.944444
vt 0.500000 0.944444
vt 0.555556 0.944444
vt 0.611111 0.944444
vt 0.666667 0.944444
vt 0.722222 0.944444
vt 0.777778 0.944444
vt 0.833333 0.944444
vt 0.888889 0.944444
vt 0.944444 0.944444
vt 1.000000 0.944444
vt 0.000000 1.000000
vt 0.055556 1.000000
vt 0.111111 1.000000
vt 0.166667 1.000000
vt 0.222222 1.000000
vt 0.277778 1.000000
vt 0.333333 1.000000
vt 0.388889 1.000000
vt 0.444444 1.000000
vt 0.500000 1.000000
vt 0.555556 1.000000
vt 0.611111 1.000000
vt 0.666667 1.000000
vt 0.722222 1.000000
vt 0.777778 1.000000
vt 0.833333 1.000000
vt 0.888889 1.000000
vt 0.944444 1.000000
vt 1.000000 1.000000
vt 0.500000 0.500000
vt 0.950000 0.500000
vt 0.922862 0.653909
vt 0.844720 0.789254
vt 0.725000 0.889711
vt 0.578142 0.943163
vt 0.421858 0.943163
vt 0.275000 0.889711
vt 0.155280 0.789254
vt 0.077138 0.653909
vt 0.050000 0.500000
vt 0.077138 0.346091
vt 0.155280 0.210746
vt 0.275000 0.110289
vt 0.421858 0.056837
vt 0.578142 0.056837
vt 0.725000 0.110289
vt 0.844720 0.210746
vt 0.922862 0.346091
vt 0.500000 0.500000
vt 0.950000 0.500000
vt 0.922862 0.653909
vt 0.844720 0.789254
vt 0.725000 0.889711
vt 0.578142 0.943163
vt 0.421858 0.943163
vt 0.275000 0.889711
vt 0.155280 0.789254
vt 0.077138 0.653909
vt 0.050000 0.500000
vt 0.077138 0.346091
vt 0.155280 0.210746
vt 0.275000 0.110289
vt 0.421858 0.056837
vt 0.578142 0.056837
vt 0.725000 0.110289
vt 0.844720 0.210746
vt 0.922862 0.346091
vn -0.442311 0.284833 -0.850430
vn -0.519742 0.489705 -0.700041
vn 0.096356 0.754047 -0.649715
vn 0.203734 0.478166 -0.854313
vn -0.607415 0.623379 -0.492388
vn -0.027493 0.929140 -0.368705
vn -0.695383 0.671443 -0.256138
vn -0.150898 0.987143 -0.052709
vn -0.775044 0.631578 -0.020424
vn -0.260236 0.929840 0.260145
vn -0.839017 0.510290 0.188824
vn -0.345472 0.768240 0.538940
vn -0.880488 0.320501 0.349313
vn -0.398468 0.517774 0.757056
vn -0.893165 0.081624 0.442260
vn -0.411991 0.200169 0.888930
vn -0.872640 -0.179356 0.454236
vn -0.381130 -0.151221 0.912070
vn -0.818869 -0.429085 0.381235
vn -0.306910 -0.489967 0.815928
vn -0.738050 -0.633569 0.232107
vn -0.199023 -0.765789 0.611520
vn -0.641919 -0.766276 0.027600
vn -0.073921 -0.940740 0.330976
vn -0.544536 -0.813262 -0.205147
vn 0.050855 -0.998586 0.015490
vn -0.458844 -0.772707 -0.438617
vn 0.161058 -0.941183 -0.297042
vn -0.394871 -0.651420 -0.647865
vn 0.246294 -0.779584 -0.575837
vn -0.359431 -0.462321 -0.810598
vn 0.298424 -0.529217 -0.794275
vn -0.356168 -0.224520 -0.907047
vn 0.310576 -0.211769 -0.926659
vn -0.385152 0.035492 -0.922171
vn 0.278462 0.139478 -0.950266
vn 0.122199 0.757850 -0.640883
vn 0.229830 0.481675 -0.845676
vn -0.002105 0.933082 -0.359659
vn -0.125987 0.991080 -0.043437
vn -0.235656 0.933673 0.269669
vn -0.320983 0.771901 0.548761
vn -0.373825 0.521203 0.767204
vn -0.387031 0.203300 0.899376
vn -0.355831 -0.148450 0.922684
vn -0.281402 -0.487573 0.826490
vn -0.173517 -0.763720 0.621791
vn -0.048585 -0.938879 0.340800
vn 0.075984 -0.996800 0.024835
vn 0.186086 -0.939342 -0.288111
vn 0.271413 -0.777570 -0.567203
vn 0.323822 -0.526922 -0.785807
vn 0.336341 -0.209097 -0.918234
vn 0.304513 0.142581 -0.941776
vn 0.128704 0.758719 -0.638577
vn 0.236385 0.482501 -0.843395
vn 0.004299 0.933967 -0.357334
vn -0.119689 0.991961 -0.041094
vn -0.229429 0.934535 0.272042
vn -0.314770 0.772738 0.551177
vn -0.367566 0.522009 0.769677
vn -0.380689 0.204065 0.901905
vn -0.349407 -0.147733 0.925251
vn -0.274933 -0.486910 0.829054
vn -0.167062 -0.763106 0.624307
vn -0.042187 -0.938300 0.343239
vn 0.082314 -0.996235 0.027189
vn 0.192379 -0.938773 -0.285826
vn 0.277719 -0.776976 -0.564961
vn 0.330192 -0.526283 -0.783581
vn 0.342801 -0.208399 -0.916001
vn 0.311049 0.143346 -0.939521
vn 0.133026 0.759276 -0.637028
vn 0.240738 0.483038 -0.841855
vn 0.008558 0.934531 -0.355780
vn -0.115498 0.992521 -0.039534
vn -0.225283 0.935085 0.273612
vn -0.310630 0.773275 0.552770
vn -0.363395 0.522531 0.771301
vn -0.376462 0.204569 0.903564
vn -0.345125 -0.147253 0.926933
vn -0.270624 -0.486456 0.830736
vn -0.162765 -0.762677 0.625964
vn -0.037933 -0.937891 0.344851
vn 0.086521 -0.995835 0.028754
vn 0.196558 -0.938370 -0.284299
vn 0.281905 -0.776561 -0.563457
vn 0.334419 -0.525845 -0.782081
vn 0.347087 -0.207929 -0.914492
vn 0.315386 0.143851 -0.937997
vn 0.136505 0.759713 -0.635769
vn 0.244240 0.483463 -0.840601
vn 0.011988 0.934971 -0.354522
vn -0.112121 0.992957 -0.038278
vn -0.221941 0.935514 0.274873
vn -0.307292 0.773696 0.554045
vn -0.360030 0.522944 0.772598
vn -0.373052 0.204972 0.904886
vn -0.341671 -0.146863 0.928274
vn -0.267149 -0.486083 0.832078
vn -0.159301 -0.762320 0.627288
vn -0.034505 -0.937546 0.346145
vn 0.089909 -0.995498 0.030014
vn 0.199921 -0.938033 -0.283065
vn 0.285273 -0.776215 -0.562236
vn 0.337818 -0.525485 -0.780862
vn 0.350535 -0.207548 -0.913263
vn 0.318875 0.144256 -0.936755
vn 0.139581 0.760091 -0.634649
vn 0.247335 0.483833 -0.839483
vn 0.015022 0.935350 -0.353405
vn -0.109132 0.993332 -0.037166
vn -0.218981 0.935884 0.275986
vn -0.304335 0.774061 0.555166
vn -0.357050 0.523304 0.773737
vn -0.370031 0.205326 0.906046
vn -0.338612 -0.146517 0.929449
vn -0.264072 -0.485747 0.833256
vn -0.156235 -0.761996 0.628453
vn -0.031472 -0.937231 0.347285
vn 0.092904 -0.995188 0.031129
vn 0.202895 -0.937724 -0.281971
vn 0.288249 -0.775901 -0.561151
vn 0.340822 -0.525160 -0.779774
vn 0.353580 -0.207208 -0.912166
vn 0.321957 0.144612 -0.935645
vn 0.142447 0.760436 -0.633598
vn 0.250218 0.484173 -0.838431
vn 0.017850 0.935694 -0.352361
vn -0.106344 0.993673 -0.036129
vn -0.216220 0.936220 0.277021
vn -0.301576 0.774394 0.556207
vn -0.354268 0.523634 0.774792
vn -0.367211 0.205654 0.907118
vn -0.335756 -0.146193 0.930535
vn -0.261201 -0.485429 0.834346
vn -0.153376 -0.761685 0.629532
vn -0.028645 -0.936929 0.348345
vn 0.095696 -0.994891 0.032167
vn 0.205664 -0.937428 -0.280948
vn 0.291020 -0.775601 -0.560134
vn 0.343619 -0.524852 -0.778753
vn 0.356416 -0.206889 -0.911134
vn 0.324828 0.144943 -0.934601
vn 0.145204 0.760761 -0.632581
vn 0.252991 0.484496 -0.837412
vn 0.020572 0.936017 -0.351353
vn -0.103661 0.993992 -0.035130
vn -0.213562 0.936536 0.278014
vn -0.298918 0.774707 0.557204
vn -0.351587 0.523947 0.775800
vn -0.364494 0.205968 0.908142
vn -0.333005 -0.145880 0.931572
vn -0.258435 -0.485119 0.835387
vn -0.150622 -0.761380 0.630566
vn -0.025924 -0.936629 0.349362
vn 0.098382 -0.994596 0.033166
vn 0.208328 -0.937134 -0.279961
vn 0.293685 -0.775306 -0.559151
vn 0.346308 -0.524551 -0.777764
vn 0.359142 -0.206580 -0.910133
vn 0.327587 0.145260 -0.933588
vn 0.147914 0.761074 -0.631576
vn 0.255714 0.484810 -0.836403
vn 0.023248 0.936327 -0.350359
vn -0.101022 0.994298 -0.034148
vn -0.210946 0.936839 0.278989
vn -0.296303 0.775010 0.558180
vn -0.348949 0.524251 0.776785
vn -0.361820 0.206275 0.909141
vn -0.330298 -0.145571 0.932584
vn -0.255714 -0.484810 0.836403
vn -0.147914 -0.761074 0.631576
vn -0.023248 -0.936327 0.350359
vn 0.101022 -0.994298 0.034148
vn 0.210946 -0.936839 -0.278989
vn 0.296303 -0.775010 -0.558180
vn 0.348949 -0.524251 -0.776785
vn 0.361820 -0.206275 -0.909141
vn 0.330298 0.145571 -0.932584
vn 0.150622 0.761380 -0.630566
vn 0.258435 0.485119 -0.835387
vn 0.025924 0.936629 -0.349362
vn -0.098382 0.994596 -0.033166
vn -0.208328 0.937134 0.279961
vn -0.293685 0.775306 0.559151
vn -0.346308 0.524551 0.777764
vn -0.359142 0.206580 0.910133
vn -0.327587 -0.145260 0.933588
vn -0.252991 -0.484496 0.837412
vn -0.145204 -0.760761 0.632581
vn -0.020572 -0.936017 0.351353
vn 0.103661 -0.993992 0.035130
vn 0.213562 -0.936536 -0.278014
vn 0.298918 -0.774707 -0.557204
vn 0.351587 -0.523947 -0.775800
vn 0.364494 -0.205968 -0.908142
vn 0.333005 0.145880 -0.931572
vn 0.153376 0.761685 -0.629532
vn 0.261201 0.485429 -0.834346
vn 0.028645 0.936929 -0.348345
vn -0.095696 0.994891 -0.032167
vn -0.205664 0.937428 0.280948
vn -0.291020 0.775601 0.560134
vn -0.343619 0.524852 0.778753
vn -0.356416 0.206889 0.911134
vn -0.324828 -0.144943 0.934601
vn -0.250218 -0.484173 0.838431
vn -0.142447 -0.760436 0.633598
vn -0.017850 -0.935694 0.352361
vn 0.106344 -0.993673 0.036129
vn 0.216220 -0.936220 -0.277021
vn 0.301576 -0.774394 -0.556207
vn 0.354268 -0.523634 -0.774792
vn 0.367211 -0.205654 -0.907118
vn 0.335756 0.146193 -0.930535
vn 0.156235 0.761996 -0.628453
vn 0.264072 0.485747 -0.833256
vn 0.031472 0.937231 -0.347285
vn -0.092904 0.995188 -0.031129
vn -0.202895 0.937724 0.281971
vn -0.288249 0.775901 0.561151
vn -0.340822 0.525160 0.779774
vn -0.353580 0.207208 0.912166
vn -0.321957 -0.144612 0.935645
vn -0.247335 -0.483833 0.839483
vn -0.139581 -0.760091 0.634649
vn -0.015022 -0.935350 0.353405
vn 0.109132 -0.993332 0.037166
vn 0.218981 -0.935884 -0.275986
vn 0.304335 -0.774061 -0.555166
vn 0.357050 -0.523304 -0.773737
vn 0.370031 -0.205326 -0.906046
vn 0.338612 0.146517 -0.929449
vn 0.159301 0.762320 -0.627288
vn 0.267149 0.486083 -0.832078
vn 0.034505 0.937546 -0.346145
vn -0.089909 0.995498 -0.030014
vn -0.199921 0.938033 0.283065
vn -0.285273 0.776215 0.562236
vn -0.337818 0.525485 0.780862
vn -0.350535 0.207548 0.913263
vn -0.318875 -0.144256 0.936755
vn -0.244240 -0.483463 0.840601
vn -0.136505 -0.759713 0.635769
vn -0.011988 -0.934971 0.354522
vn 0.112121 -0.992957 0.038278
vn 0.221941 -0.935514 -0.274873
vn 0.307292 -0.773696 -0.554045
vn 0.360030 -0.522944 -0.772598
vn 0.373052 -0.204972 -0.904886
vn 0.341671 0.146863 -0.928274
vn 0.162765 0.762677 -0.625964
vn 0.270624 0.486456 -0.830736
vn 0.037933 0.937891 -0.344851
vn -0.086521 0.995835 -0.028754
vn -0.196558 0.938370 0.284299
vn -0.281905 0.776561 0.563457
vn -0.334419 0.525845 0.782081
vn -0.347087 0.207929 0.914492
vn -0.315386 -0.143851 0.937997
vn -0.240738 -0.483038 0.841855
vn -0.133026 -0.759276 0.637028
vn -0.008558 -0.934531 0.355780
vn 0.115498 -0.992521 0.039534
vn 0.225283 -0.935085 -0.273612
vn 0.310630 -0.773275 -0.552770
vn 0.363395 -0.522531 -0.771301
vn 0.376462 -0.204569 -0.903564
vn 0.345125 0.147253 -0.926933
vn 0.167062 0.763106 -0.624307
vn 0.274933 0.486910 -0.829054
vn 0.042187 0.938300 -0.343239
vn -0.082314 0.996235 -0.027189
vn -0.192379 0.938773 0.285826
vn -0.277719 0.776976 0.564961
vn -0.330192 0.526283 0.783581
vn -0.342801 0.208399 0.916001
vn -0.311049 -0.143346 0.939521
vn -0.236385 -0.482501 0.843395
vn -0.128704 -0.758719 0.638577
vn -0.004299 -0.933967 0.357334
vn 0.119689 -0.991961 0.041094
vn 0.229429 -0.934535 -0.272042
vn 0.314770 -0.772738 -0.551177
vn 0.367566 -0.522009 -0.769677
vn 0.380689 -0.204065 -0.901905
vn 0.349407 0.147733 -0.925251
vn 0.173517 0.763720 -0.621791
vn 0.281402 0.487573 -0.826490
vn 0.048585 0.938879 -0.340800
vn -0.075984 0.996800 -0.024835
vn -0.186086 0.939342 0.288111
vn -0.271413 0.777570 0.567203
vn -0.323822 0.526922 0.785807
vn -0.336341 0.209097 0.918234
vn -0.304513 -0.142581 0.941776
vn -0.229830 -0.481675 0.845676
vn -0.122199 -0.757850 0.640883
vn 0.002105 -0.933082 0.359659
vn 0.125987 -0.991080 0.043437
vn 0.235656 -0.933673 -0.269669
vn 0.320983 -0.771901 -0.548761
vn 0.373825 -0.521203 -0.767204
vn 0.387031 -0.203300 -0.899376
vn 0.355831 0.148450 -0.922684
vn 0.199023 0.765789 -0.611520
vn 0.306910 0.489967 -0.815928
vn 0.073921 0.940740 -0.330976
vn -0.050855 0.998586 -0.015490
vn -0.161058 0.941183 0.297042
vn -0.246294 0.779584 0.575837
vn -0.298424 0.529217 0.794275
vn -0.310576 0.211769 0.926659
vn -0.278462 -0.139478 0.950266
vn -0.203734 -0.478166 0.854313
vn -0.096356 -0.754047 0.649715
vn 0.027493 -0.929140 0.368705
vn 0.150898 -0.987143 0.052709
vn 0.260236 -0.929840 -0.260145
vn 0.345472 -0.768240 -0.538940
vn 0.398468 -0.517774 -0.757056
vn 0.411991 -0.200169 -0.888930
vn 0.381130 0.151221 -0.912070
vn 0.738050 0.633569 -0.232107
vn 0.818869 0.429085 -0.381235
vn 0.641919 0.766276 -0.027600
vn 0.544536 0.813262 0.205147
vn 0.458844 0.772707 0.438617
vn 0.394871 0.651420 0.647865
vn 0.359431 0.462321 0.810598
vn 0.356168 0.224520 0.907047
vn 0.385152 -0.035492 0.922171
vn 0.442311 -0.284833 0.850430
vn 0.519742 -0.489705 0.700041
vn 0.607415 -0.623379 0.492388
vn 0.695383 -0.671443 0.256138
vn 0.775044 -0.631578 0.020424
vn 0.839017 -0.510290 -0.188824
vn 0.880488 -0.320501 -0.349313
vn 0.893165 -0.081624 -0.442260
vn 0.872640 0.179356 -0.454236
vn -0.931902 -0.106589 -0.346694
vn 0.931902 0.106589 0.346694
f 3126/3126/2988 3127/3127/2989 3146/3146/2990 3145/3145/2991
f 3127/3127/2989 3128/3128/2992 3147/3147/2993 3146/3146/2990
f 3128/3128/2992 3129/3129/2994 3148/3148/2995 3147/3147/2993
f 3129/3129/2994 3130/3130/2996 3149/3149/2997 3148/3148/2995
f 3130/3130/2996 3131/3131/2998 3150/3150/2999 3149/3149/2997
f 3131/3131/2998 3132/3132/3000 3151/3151/3001 3150/3150/2999
f 3132/3132/3000 3133/3133/3002 3152/3152/3003 3151/3151/3001
f 3133/3133/3002 3134/3134/3004 3153/3153/3005 3152/3152/3003
f 3134/3134/3004 3135/3135/3006 3154/3154/3007 3153/3153/3005
f 3135/3135/3006 3136/3136/3008 3155/3155/3009 3154/3154/3007
f 3136/3136/3008 3137/3137/3010 3156/3156/3011 3155/3155/3009
f 3137/3137/3010 3138/3138/3012 3157/3157/3013 3156/3156/3011
f 3138/3138/3012 3139/3139/3014 3158/3158/3015 3157/3157/3013
f 3139/3139/3014 3140/3140/3016 3159/3159/3017 3158/3158/3015
f 3140/3140/3016 3141/3141/3018 3160/3160/3019 3159/3159/3017
f 3141/3141/3018 3142/3142/3020 3161/3161/3021 3160/3160/3019
f 3142/3142/3020 3143/3143/3022 3162/3162/3023 3161/3161/3021
f 3143/3143/3022 3144/3144/2988 3163/3163/2991 3162/3162/3023
f 3145/3145/2991 3146/3146/2990 3165/3165/3024 3164/3164/3025
f 3146/3146/2990 3147/3147/2993 3166/3166/3026 3165/3165/3024
f 3147/3147/2993 3148/3148/2995 3167/3167/3027 3166/3166/3026
f 3148/3148/2995 3149/3149/2997 3168/3168/3028 3167/3167/3027
f 3149/3149/2997 3150/3150/2999 3169/3169/3029 3168/3168/3028
f 3150/3150/2999 3151/3151/3001 3170/3170/3030 3169/3169/3029
f 3151/3151/3001 3152/3152/3003 3171/3171/3031 3170/3170/3030
f 3152/3152/3003 3153/3153/3005 3172/3172/3032 3171/3171/3031
f 3153/3153/3005 3154/3154/3007 3173/3173/3033 3172/3172/3032
f 3154/3154/3007 3155/3155/3009 3174/3174/3034 3173/3173/3033
f 3155/3155/3009 3156/3156/3011 3175/3175/3035 3174/3174/3034
f 3156/3156/3011 3157/3157/3013 3176/3176/3036 3175/3175/3035
f 3157/3157/3013 3158/3158/3015 3177/3177/3037 3176/3176/3036
f 3158/3158/3015 3159/3159/3017 3178/3178/3038 3177/3177/3037
f 3159/3159/3017 3160/3160/3019 3179/3179/3039 3178/3178/3038
f 3160/3160/3019 3161/3161/3021 3180/3180/3040 3179/3179/3039
f 3161/3161/3021 3162/3162/3023 3181/3181/3041 3180/3180/3040
f 3162/3162/3023 3163/3163/2991 3182/3182/3025 3181/3181/3041
f 3164/3164/3025 3165/3165/3024 3184/3184/3042 3183/3183/3043
f 3165/3165/3024 3166/3166/3026 3185/3185/3044 3184/3184/3042
f 3166/3166/3026 3167/3167/3027 3186/3186/3045 3185/3185/3044
f 3167/3167/3027 3168/3168/3028 3187/3187/3046 3186/3186/3045
f 3168/3168/3028 3169/3169/3029 3188/3188/3047 3187/3187/3046
f 3169/3169/3029 3170/3170/3030 3189/3189/3048 3188/3188/3047
f 3170/3170/3030 3171/3171/3031 3190/3190/3049 3189/3189/3048
f 3171/3171/3031 3172/3172/3032 3191/3191/3050 3190/3190/3049
f 3172/3172/3032 3173/3173/3033 3192/3192/3051 3191/3191/3050
f 3173/3173/3033 3174/3174/3034 3193/3193/3052 3192/3192/3051
f 3174/3174/3034 3175/3175/3035 3194/3194/3053 3193/3193/3052
f 3175/3175/3035 3176/3176/3036 3195/3195/3054 3194/3194/3053
f 3176/3176/3036 3177/3177/3037 3196/3196/3055 3195/3195/3054
f 3177/3177/3037 3178/3178/3038 3197/3197/3056 3196/3196/3055
f 3178/3178/3038 3179/3179/3039 3198/3198/3057 3197/3197/3056
f 3179/3179/3039 3180/3180/3040 3199/3199/3058 3198/3198/3057
f 3180/3180/3040 3181/3181/3041 3200/3200/3059 3199/3199/3058
f 3181/3181/3041 3182/3182/3025 3201/3201/3043 3200/3200/3059
f 3183/3183/3043 3184/3184/3042 3203/3203/3060 3202/3202/3061
f 3184/3184/3042 3185/3185/3044 3204/3204/3062 3203/3203/3060
f 3185/3185/3044 3186/3186/3045 3205/3205/3063 3204/3204/3062
f 3186/3186/3045 3187/3187/3046 3206/3206/3064 3205/3205/3063
f 3187/3187/3046 3188/3188/3047 3207/3207/3065 3206/3206/3064
f 3188/3188/3047 3189/3189/3048 3208/3208/3066 3207/3207/3065
f 3189/3189/3048 3190/3190/3049 3209/3209/3067 3208/3208/3066
f 3190/3190/3049 3191/3191/3050 3210/3210/3068 3209/3209/3067
f 3191/3191/3050 3192/3192/3051 3211/3211/3069 3210/3210/3068
f 3192/3192/3051 3193/3193/3052 3212/3212/3070 3211/3211/3069
f 3193/3193/3052 3194/3194/3053 3213/3213/3071 3212/3212/3070
f 3194/3194/3053 3195/3195/3054 3214/3214/3072 3213/3213/3071
f 3195/3195/3054 3196/3196/3055 3215/3215/3073 3214/3214/3072
f 3196/3196/3055 3197/3197/3056 3216/3216/3074 3215/3215/3073
f 3197/3197/3056 3198/3198/3057 3217/3217/3075 3216/3216/3074
f 3198/3198/3057 3199/3199/3058 3218/3218/3076 3217/3217/3075
f 3199/3199/3058 3200/3200/3059 3219/3219/3077 3218/3218/3076
f 3200/3200/3059 3201/3201/3043 3220/3220/3061 3219/3219/3077
f 3202/3202/3061 3203/3203/3060 3222/3222/3078 3221/3221/3079
f 3203/3203/3060 3204/3204/3062 3223/3223/3080 3222/3222/3078
f 3204/3204/3062 3205/3205/3063 3224/3224/3081 3223/3223/3080
f 3205/3205/3063 3206/3206/3064 3225/3225/3082 3224/3224/3081
f 3206/3206/3064 3207/3207/3065 3226/3226/3083 3225/3225/3082
f 3207/3207/3065 3208/3208/3066 3227/3227/3084 3226/3226/3083
f 3208/3208/3066 3209/3209/3067 3228/3228/3085 3227/3227/3084
f 3209/3209/3067 3210/3210/3068 3229/3229/3086 3228/3228/3085
f 3210/3210/3068 3211/3211/3069 3230/3230/3087 3229/3229/3086
f 3211/3211/3069 3212/3212/3070 3231/3231/3088 3230/3230/3087
f 3212/3212/3070 3213/3213/3071 3232/3232/3089 3231/3231/3088
f 3213/3213/3071 3214/3214/3072 3233/3233/3090 3232/3232/3089
f 3214/3214/3072 3215/3215/3073 3234/3234/3091 3233/3233/3090
f 3215/3215/3073 3216/3216/3074 3235/3235/3092 3234/3234/3091
f 3216/3216/3074 3217/3217/3075 3236/3236/3093 3235/3235/3092
f 3217/3217/3075 3218/3218/3076 3237/3237/3094 3236/3236/3093
f 3218/3218/3076 3219/3219/3077 3238/3238/3095 3237/3237/3094
f 3219/3219/3077 3220/3220/3061 3239/3239/3079 3238/3238/3095
f 3221/3221/3079 3222/3222/3078 3241/3241/3096 3240/3240/3097
f 3222/3222/3078 3223/3223/3080 3242/3242/3098 3241/3241/3096
f 3223/3223/3080 3224/3224/3081 3243/3243/3099 3242/3242/3098
f 3224/3224/3081 3225/3225/3082 3244/3244/3100 3243/3243/3099
f 3225/3225/3082 3226/3226/3083 3245/3245/3101 3244/3244/3100
f 3226/3226/3083 3227/3227/3084 3246/3246/3102 3245/3245/3101
f 3227/3227/3084 3228/3228/3085 3247/3247/3103 3246/3246/3102
f 3228/3228/3085 3229/3229/3086 3248/3248/3104 3247/3247/3103
f 3229/3229/3086 3230/3230/3087 3249/3249/3105 3248/3248/3104
f 3230/3230/3087 3231/3231/3088 3250/3250/3106 3249/3249/3105
f 3231/3231/3088 3232/3232/3089 3251/3251/3107 3250/3250/3106
f 3232/3232/3089 3233/3233/3090 3252/3252/3108 3251/3251/3107
f 3233/3233/3090 3234/3234/3091 3253/3253/3109 3252/3252/3108
f 3234/3234/3091 3235/3235/3092 3254/3254/3110 3253/3253/3109
f 3235/3235/3092 3236/3236/3093 3255/3255/3111 3254/3254/3110
f 3236/3236/3093 3237/3237/3094 3256/3256/3112 3255/3255/3111
f 3237/3237/3094 3238/3238/3095 3257/3257/3113 3256/3256/3112
f 3238/3238/3095 3239/3239/3079 3258/3258/3097 3257/3257/3113
f 3240/3240/3097 3241/3241/3096 3260/3260/3114 3259/3259/3115
f 3241/3241/3096 3242/3242/3098 3261/3261/3116 3260/3260/3114
f 3242/3242/3098 3243/3243/3099 3262/3262/3117 3261/3261/3116
f 3243/3243/3099 3244/3244/3100 3263/3263/3118 3262/3262/3117
f 3244/3244/3100 3245/3245/3101 3264/3264/3119 3263/3263/3118
f 3245/3245/3101 3246/3246/3102 3265/3265/3120 3264/3264/3119
f 3246/3246/3102 3247/3247/3103 3266/3266/3121 3265/3265/3120
f 3247/3247/3103 3248/3248/3104 3267/3267/3122 3266/3266/3121
f 3248/3248/3104 3249/3249/3105 3268/3268/3123 3267/3267/3122
f 3249/3249/3105 3250/3250/3106 3269/3269/3124 3268/3268/3123
f 3250/3250/3106 3251/3251/3107 3270/3270/3125 3269/3269/3124
f 3251/3251/3107 3252/3252/3108 3271/3271/3126 3270/3270/3125
f 3252/3252/3108 3253/3253/3109 3272/3272/3127 3271/3271/3126
f 3253/3253/3109 3254/3254/3110 3273/3273/3128 3272/3272/3127
f 3254/3254/3110 3255/3255/3111 3274/3274/3129 3273/3273/3128
f 3255/3255/3111 3256/3256/3112 3275/3275/3130 3274/3274/3129
f 3256/3256/3112 3257/3257/3113 3276/3276/3131 3275/3275/3130
f 3257/3257/3113 3258/3258/3097 3277/3277/3115 3276/3276/3131
f 3259/3259/3115 3260/3260/3114 3279/3279/3132 3278/3278/3133
f 3260/3260/3114 3261/3261/3116 3280/3280/3134 3279/3279/3132
f 3261/3261/3116 3262/3262/3117 3281/3281/3135 3280/3280/3134
f 3262/3262/3117 3263/3263/3118 3282/3282/3136 3281/3281/3135
f 3263/3263/3118 3264/3264/3119 3283/3283/3137 3282/3282/3136
f 3264/3264/3119 3265/3265/3120 3284/3284/3138 3283/3283/3137
f 3265/3265/3120 3266/3266/3121 3285/3285/3139 3284/3284/3138
f 3266/3266/3121 3267/3267/3122 3286/3286/3140 3285/3285/3139
f 3267/3267/3122 3268/3268/3123 3287/3287/3141 3286/3286/3140
f 3268/3268/3123 3269/3269/3124 3288/3288/3142 3287/3287/3141
f 3269/3269/3124 3270/3270/3125 3289/3289/3143 3288/3288/3142
f 3270/3270/3125 3271/3271/3126 3290/3290/3144 3289/3289/3143
f 3271/3271/3126 3272/3272/3127 3291/3291/3145 3290/3290/3144
f 3272/3272/3127 3273/3273/3128 3292/3292/3146 3291/3291/3145
f 3273/3273/3128 3274/3274/3129 3293/3293/3147 3292/3292/3146
f 3274/3274/3129 3275/3275/3130 3294/3294/3148 3293/3293/3147
f 3275/3275/3130 3276/3276/3131 3295/3295/3149 3294/3294/3148
f 3276/3276/3131 3277/3277/3115 3296/3296/3133 3295/3295/3149
f 3278/3278/3133 3279/3279/3132 3298/3298/3150 3297/3297/3151
f 3279/3279/3132 3280/3280/3134 3299/3299/3152 3298/3298/3150
f 3280/3280/3134 3281/3281/3135 3300/3300/3153 3299/3299/3152
f 3281/3281/3135 3282/3282/3136 3301/3301/3154 3300/3300/3153
f 3282/3282/3136 3283/3283/3137 3302/3302/3155 3301/3301/3154
f 3283/3283/3137 3284/3284/3138 3303/3303/3156 3302/3302/3155
f 3284/3284/3138 3285/3285/3139 3304/3304/3157 3303/3303/3156
f 3285/3285/3139 3286/3286/3140 3305/3305/3158 3304/3304/3157
f 3286/3286/3140 3287/3287/3141 3306/3306/3159 3305/3305/3158
f 3287/3287/3141 3288/3288/3142 3307/3307/3160 3306/3306/3159
f 3288/3288/3142 3289/3289/3143 3308/3308/3161 3307/3307/3160
f 3289/3289/3143 3290/3290/3144 3309/3309/3162 3308/3308/3161
f 3290/3290/3144 3291/3291/3145 3310/3310/3163 3309/3309/3162
f 3291/3291/3145 3292/3292/3146 3311/3311/3164 3310/3310/3163
f 3292/3292/3146 3293/3293/3147 3312/3312/3165 3311/3311/3164
f 3293/3293/3147 3294/3294/3148 3313/3313/3166 3312/3312/3165
f 3294/3294/3148 3295/3295/3149 3314/3314/3167 3313/3313/3166
f 3295/3295/3149 3296/3296/3133 3315/3315/3151 3314/3314/3167
f 3297/3297/3151 3298/3298/3150 3317/3317/3168 3316/3316/3169
f 3298/3298/3150 3299/3299/3152 3318/3318/3170 3317/3317/3168
f 3299/3299/3152 3300/3300/3153 3319/3319/3171 3318/3318/3170
f 3300/3300/3153 3301/3301/3154 3320/3320/3172 3319/3319/3171
f 3301/3301/3154 3302/3302/3155 3321/3321/3173 3320/3320/3172
f 3302/3302/3155 3303/3303/3156 3322/3322/3174 3321/3321/3173
f 3303/3303/3156 3304/3304/3157 3323/3323/3175 3322/3322/3174
f 3304/3304/3157 3305/3305/3158 3324/3324/3176 3323/3323/3175
f 3305/3305/3158 3306/3306/3159 3325/3325/3177 3324/3324/3176
f 3306/3306/3159 3307/3307/3160 3326/3326/3178 3325/3325/3177
f 3307/3307/3160 3308/3308/3161 3327/3327/3179 3326/3326/3178
f 3308/3308/3161 3309/3309/3162 3328/3328/3180 3327/3327/3179
f 3309/3309/3162 3310/3310/3163 3329/3329/3181 3328/3328/3180
f 3310/3310/3163 3311/3311/3164 3330/3330/3182 3329/3329/3181
f 3311/3311/3164 3312/3312/3165 3331/3331/3183 3330/3330/3182
f 3312/3312/3165 3313/3313/3166 3332/3332/3184 3331/3331/3183
f 3313/3313/3166 3314/3314/3167 3333/3333/3185 3332/3332/3184
f 3314/3314/3167 3315/3315/3151 3334/3334/3169 3333/3333/3185
f 3316/3316/3169 3317/3317/3168 3336/3336/3186 3335/3335/3187
f 3317/3317/3168 3318/3318/3170 3337/3337/3188 3336/3336/3186
f 3318/3318/3170 3319/3319/3171 3338/3338/3189 3337/3337/3188
f 3319/3319/3171 3320/3320/3172 3339/3339/3190 3338/3338/3189
f 3320/3320/3172 3321/3321/3173 3340/3340/3191 3339/3339/3190
f 3321/3321/3173 3322/3322/3174 3341/3341/3192 3340/3340/3191
f 3322/3322/3174 3323/3323/3175 3342/3342/3193 3341/3341/3192
f 3323/3323/3175 3324/3324/3176 3343/3343/3194 3342/3342/3193
f 3324/3324/3176 3325/3325/3177 3344/3344/3195 3343/3343/3194
f 3325/3325/3177 3326/3326/3178 3345/3345/3196 3344/3344/3195
f 3326/3326/3178 3327/3327/3179 3346/3346/3197 3345/3345/3196
f 3327/3327/3179 3328/3328/3180 3347/3347/3198 3346/3346/3197
f 3328/3328/3180 3329/3329/3181 3348/3348/3199 3347/3347/3198
f 3329/3329/3181 3330/3330/3182 3349/3349/3200 3348/3348/3199
f 3330/3330/3182 3331/3331/3183 3350/3350/3201 3349/3349/3200
f 3331/3331/3183 3332/3332/3184 3351/3351/3202 3350/3350/3201
f 3332/3332/3184 3333/3333/3185 3352/3352/3203 3351/3351/3202
f 3333/3333/3185 3334/3334/3169 3353/3353/3187 3352/3352/3203
f 3335/3335/3187 3336/3336/3186 3355/3355/3204 3354/3354/3205
f 3336/3336/3186 3337/3337/3188 3356/3356/3206 3355/3355/3204
f 3337/3337/3188 3338/3338/3189 3357/3357/3207 3356/3356/3206
f 3338/3338/3189 3339/3339/3190 3358/3358/3208 3357/3357/3207
f 3339/3339/3190 3340/3340/3191 3359/3359/3209 3358/3358/3208
f 3340/3340/3191 3341/3341/3192 3360/3360/3210 3359/3359/3209
f 3341/3341/3192 3342/3342/3193 3361/3361/3211 3360/3360/3210
f 3342/3342/3193 3343/3343/3194 3362/3362/3212 3361/3361/3211
f 3343/3343/3194 3344/3344/3195 3363/3363/3213 3362/3362/3212
f 3344/3344/3195 3345/3345/3196 3364/3364/3214 3363/3363/3213
f 3345/3345/3196 3346/3346/3197 3365/3365/3215 3364/3364/3214
f 3346/3346/3197 3347/3347/3198 3366/3366/3216 3365/3365/3215
f 3347/3347/3198 3348/3348/3199 3367/3367/3217 3366/3366/3216
f 3348/3348/3199 3349/3349/3200 3368/3368/3218 3367/3367/3217
f 3349/3349/3200 3350/3350/3201 3369/3369/3219 3368/3368/3218
f 3350/3350/3201 3351/3351/3202 3370/3370/3220 3369/3369/3219
f 3351/3351/3202 3352/3352/3203 3371/3371/3221 3370/3370/3220
f 3352/3352/3203 3353/3353/3187 3372/3372/3205 3371/3371/3221
f 3354/3354/3205 3355/3355/3204 3374/3374/3222 3373/3373/3223
f 3355/3355/3204 3356/3356/3206 3375/3375/3224 3374/3374/3222
f 3356/3356/3206 3357/3357/3207 3376/3376/3225 3375/3375/3224
f 3357/3357/3207 3358/3358/3208 3377/3377/3226 3376/3376/3225
f 3358/3358/3208 3359/3359/3209 3378/3378/3227 3377/3377/3226
f 3359/3359/3209 3360/3360/3210 3379/3379/3228 3378/3378/3227
f 3360/3360/3210 3361/3361/3211 3380/3380/3229 3379/3379/3228
f 3361/3361/3211 3362/3362/3212 3381/3381/3230 3380/3380/3229
f 3362/3362/3212 3363/3363/3213 3382/3382/3231 3381/3381/3230
f 3363/3363/3213 3364/3364/3214 3383/3383/3232 3382/3382/3231
f 3364/3364/3214 3365/3365/3215 3384/3384/3233 3383/3383/3232
f 3365/3365/3215 3366/3366/3216 3385/3385/3234 3384/3384/3233
f 3366/3366/3216 3367/3367/3217 3386/3386/3235 3385/3385/3234
f 3367/3367/3217 3368/3368/3218 3387/3387/3236 3386/3386/3235
f 3368/3368/3218 3369/3369/3219 3388/3388/3237 3387/3387/3236
f 3369/3369/3219 3370/3370/3220 3389/3389/3238 3388/3388/3237
f 3370/3370/3220 3371/3371/3221 3390/3390/3239 3389/3389/3238
f 3371/3371/3221 3372/3372/3205 3391/3391/3223 3390/3390/3239
f 3373/3373/3223 3374/3374/3222 3393/3393/3240 3392/3392/3241
f 3374/3374/3222 3375/3375/3224 3394/3394/3242 3393/3393/3240
f 3375/3375/3224 3376/3376/3225 3395/3395/3243 3394/3394/3242
f 3376/3376/3225 3377/3377/3226 3396/3396/3244 3395/3395/3243
f 3377/3377/3226 3378/3378/3227 3397/3397/3245 3396/3396/3244
f 3378/3378/3227 3379/3379/3228 3398/3398/3246 3397/3397/3245
f 3379/3379/3228 3380/3380/3229 3399/3399/3247 3398/3398/3246
f 3380/3380/3229 3381/3381/3230 3400/3400/3248 3399/3399/3247
f 3381/3381/3230 3382/3382/3231 3401/3401/3249 3400/3400/3248
f 3382/3382/3231 3383/3383/3232 3402/3402/3250 3401/3401/3249
f 3383/3383/3232 3384/3384/3233 3403/3403/3251 3402/3402/3250
f 3384/3384/3233 3385/3385/3234 3404/3404/3252 3403/3403/3251
f 3385/3385/3234 3386/3386/3235 3405/3405/3253 3404/3404/3252
f 3386/3386/3235 3387/3387/3236 3406/3406/3254 3405/3405/3253
f 3387/3387/3236 3388/3388/3237 3407/3407/3255 3406/3406/3254
f 3388/3388/3237 3389/3389/3238 3408/3408/3256 3407/3407/3255
f 3389/3389/3238 3390/3390/3239 3409/3409/3257 3408/3408/3256
f 3390/3390/3239 3391/3391/3223 3410/3410/3241 3409/3409/3257
f 3392/3392/3241 3393/3393/3240 3412/3412/3258 3411/3411/3259
f 3393/3393/3240 3394/3394/3242 3413/3413/3260 3412/3412/3258
f 3394/3394/3242 3395/3395/3243 3414/3414/3261 3413/3413/3260
f 3395/3395/3243 3396/3396/3244 3415/3415/3262 3414/3414/3261
f 3396/3396/3244 3397/3397/3245 3416/3416/3263 3415/3415/3262
f 3397/3397/3245 3398/3398/3246 3417/3417/3264 3416/3416/3263
f 3398/3398/3246 3399/3399/3247 3418/3418/3265 3417/3417/3264
f 3399/3399/3247 3400/3400/3248 3419/3419/3266 3418/3418/3265
f 3400/3400/3248 3401/3401/3249 3420/3420/3267 3419/3419/3266
f 3401/3401/3249 3402/3402/3250 3421/3421/3268 3420/3420/3267
f 3402/3402/3250 3403/3403/3251 3422/3422/3269 3421/3421/3268
f 3403/3403/3251 3404/3404/3252 3423/3423/3270 3422/3422/3269
f 3404/3404/3252 3405/3405/3253 3424/3424/3271 3423/3423/3270
f 3405/3405/3253 3406/3406/3254 3425/3425/3272 3424/3424/3271
f 3406/3406/3254 3407/3407/3255 3426/3426/3273 3425/3425/3272
f 3407/3407/3255 3408/3408/3256 3427/3427/3274 3426/3426/3273
f 3408/3408/3256 3409/3409/3257 3428/3428/3275 3427/3427/3274
f 3409/3409/3257 3410/3410/3241 3429/3429/3259 3428/3428/3275
f 3411/3411/3259 3412/3412/3258 3431/3431/3276 3430/3430/3277
f 3412/3412/3258 3413/3413/3260 3432/3432/3278 3431/3431/3276
f 3413/3413/3260 3414/3414/3261 3433/3433/3279 3432/3432/3278
f 3414/3414/3261 3415/3415/3262 3434/3434/3280 3433/3433/3279
f 3415/3415/3262 3416/3416/3263 3435/3435/3281 3434/3434/3280
f 3416/3416/3263 3417/3417/3264 3436/3436/3282 3435/3435/3281
f 3417/3417/3264 3418/3418/3265 3437/3437/3283 3436/3436/3282
f 3418/3418/3265 3419/3419/3266 3438/3438/3284 3437/3437/3283
f 3419/3419/3266 3420/3420/3267 3439/3439/3285 3438/3438/3284
f 3420/3420/3267 3421/3421/3268 3440/3440/3286 3439/3439/3285
f 3421/3421/3268 3422/3422/3269 3441/3441/3287 3440/3440/3286
f 3422/3422/3269 3423/3423/3270 3442/3442/3288 3441/3441/3287
f 3423/3423/3270 3424/3424/3271 3443/3443/3289 3442/3442/3288
f 3424/3424/3271 3425/3425/3272 3444/3444/3290 3443/3443/3289
f 3425/3425/3272 3426/3426/3273 3445/3445/3291 3444/3444/3290
f 3426/3426/3273 3427/3427/3274 3446/3446/3292 3445/3445/3291
f 3427/3427/3274 3428/3428/3275 3447/3447/3293 3446/3446/3292
f 3428/3428/3275 3429/3429/3259 3448/3448/3277 3447/3447/3293
f 3430/3430/3277 3431/3431/3276 3450/3450/3294 3449/3449/3295
f 3431/3431/3276 3432/3432/3278 3451/3451/3296 3450/3450/3294
f 3432/3432/3278 3433/3433/3279 3452/3452/3297 3451/3451/3296
f 3433/3433/3279 3434/3434/3280 3453/3453/3298 3452/3452/3297
f 3434/3434/3280 3435/3435/3281 3454/3454/3299 3453/3453/3298
f 3435/3435/3281 3436/3436/3282 3455/3455/3300 3454/3454/3299
f 3436/3436/3282 3437/3437/3283 3456/3456/3301 3455/3455/3300
f 3437/3437/3283 3438/3438/3284 3457/3457/3302 3456/3456/3301
f 3438/3438/3284 3439/3439/3285 3458/3458/3303 3457/3457/3302
f 3439/3439/3285 3440/3440/3286 3459/3459/3304 3458/3458/3303
f 3440/3440/3286 3441/3441/3287 3460/3460/3305 3459/3459/3304
f 3441/3441/3287 3442/3442/3288 3461/3461/3306 3460/3460/3305
f 3442/3442/3288 3443/3443/3289 3462/3462/3307 3461/3461/3306
f 3443/3443/3289 3444/3444/3290 3463/3463/3308 3462/3462/3307
f 3444/3444/3290 3445/3445/3291 3464/3464/3309 3463/3463/3308
f 3445/3445/3291 3446/3446/3292 3465/3465/3310 3464/3464/3309
f 3446/3446/3292 3447/3447/3293 3466/3466/3311 3465/3465/3310
f 3447/3447/3293 3448/3448/3277 3467/3467/3295 3466/3466/3311
f 3449/3449/3295 3450/3450/3294 3469/3469/3312 3468/3468/3313
f 3450/3450/3294 3451/3451/3296 3470/3470/3314 3469/3469/3312
f 3451/3451/3296 3452/3452/3297 3471/3471/3315 3470/3470/3314
f 3452/3452/3297 3453/3453/3298 3472/3472/3316 3471/3471/3315
f 3453/3453/3298 3454/3454/3299 3473/3473/3317 3472/3472/3316
f 3454/3454/3299 3455/3455/3300 3474/3474/3318 3473/3473/3317
f 3455/3455/3300 3456/3456/3301 3475/3475/3319 3474/3474/3318
f 3456/3456/3301 3457/3457/3302 3476/3476/3320 3475/3475/3319
f 3457/3457/3302 3458/3458/3303 3477/3477/3321 3476/3476/3320
f 3458/3458/3303 3459/3459/3304 3478/3478/3322 3477/3477/3321
f 3459/3459/3304 3460/3460/3305 3479/3479/3323 3478/3478/3322
f 3460/3460/3305 3461/3461/3306 3480/3480/3324 3479/3479/3323
f 3461/3461/3306 3462/3462/3307 3481/3481/3325 3480/3480/3324
f 3462/3462/3307 3463/3463/3308 3482/3482/3326 3481/3481/3325
f 3463/3463/3308 3464/3464/3309 3483/3483/3327 3482/3482/3326
f 3464/3464/3309 3465/3465/3310 3484/3484/3328 3483/3483/3327
f 3465/3465/3310 3466/3466/3311 3485/3485/3329 3484/3484/3328
f 3466/3466/3311 3467/3467/3295 3486/3486/3313 3485/3485/3329
f 3487/3487/3330 3489/3489/2989 3488/3488/2988
f 3487/3487/3330 3490/3490/2992 3489/3489/2989
f 3487/3487/3330 3491/3491/2994 3490/3490/2992
f 3487/3487/3330 3492/3492/2996 3491/3491/2994
f 3487/3487/3330 3493/3493/2998 3492/3492/2996
f 3487/3487/3330 3494/3494/3000 3493/3493/2998
f 3487/3487/3330 3495/3495/3002 3494/3494/3000
f 3487/3487/3330 3496/3496/3004 3495/3495/3002
f 3487/3487/3330 3497/3497/3006 3496/3496/3004
f 3487/3487/3330 3498/3498/3008 3497/3497/3006
f 3487/3487/3330 3499/3499/3010 3498/3498/3008
f 3487/3487/3330 3500/3500/3012 3499/3499/3010
f 3487/3487/3330 3501/3501/3014 3500/3500/3012
f 3487/3487/3330 3502/3502/3016 3501/3501/3014
f 3487/3487/3330 3503/3503/3018 3502/3502/3016
f 3487/3487/3330 3504/3504/3020 3503/3503/3018
f 3487/3487/3330 3505/3505/3022 3504/3504/3020
f 3487/3487/3330 3488/3488/2988 3505/3505/3022
f 3506/3506/3331 3507/3507/3313 3508/3508/3312
f 3506/3506/3331 3508/3508/3312 3509/3509/3314
f 3506/3506/3331 3509/3509/3314 3510/3510/3315
f 3506/3506/3331 3510/3510/3315 3511/3511/3316
f 3506/3506/3331 3511/3511/3316 3512/3512/3317
f 3506/3506/3331 3512/3512/3317 3513/3513/3318
f 3506/3506/3331 3513/3513/3318 3514/3514/3319
f 3506/3506/3331 3514/3514/3319 3515/3515/3320
f 3506/3506/3331 3515/3515/3320 3516/3516/3321
f 3506/3506/3331 3516/3516/3321 3517/3517/3322
f 3506/3506/3331 3517/3517/3322 3518/3518/3323
f 3506/3506/3331 3518/3518/3323 3519/3519/3324
f 3506/3506/3331 3519/3519/3324 3520/3520/3325
f 3506/3506/3331 3520/3520/3325 3521/3521/3326
f 3506/3506/3331 3521/3521/3326 3522/3522/3327
f 3506/3506/3331 3522/3522/3327 3523/3523/3328
f 3506/3506/3331 3523/3523/3328 3524/3524/3329
f 3506/3506/3331 3524/3524/3329 3507/3507/3313

o Stamp_HandleCaps
usemtl Accent_Exhibitfy_Orange
v -0.046115 0.016638 -0.371762
v -0.047313 0.022023 -0.370197
v -0.047857 0.027724 -0.370487
v -0.047682 0.033053 -0.372596
v -0.046809 0.037368 -0.376271
v -0.045342 0.040148 -0.381067
v -0.043460 0.041058 -0.386406
v -0.041389 0.039988 -0.391645
v -0.039378 0.037067 -0.396151
v -0.037671 0.032647 -0.399382
v -0.036473 0.027262 -0.400946
v -0.035929 0.021561 -0.400656
v -0.036104 0.016232 -0.398547
v -0.036977 0.011917 -0.394873
v -0.038443 0.009137 -0.390077
v -0.040326 0.008227 -0.384737
v -0.042397 0.009297 -0.379498
v -0.044408 0.012218 -0.374992
v -0.046115 0.016638 -0.371762
v -0.062430 0.016751 -0.381879
v -0.063313 0.020719 -0.380726
v -0.063714 0.024920 -0.380940
v -0.063585 0.028846 -0.382494
v -0.062942 0.032026 -0.385201
v -0.061861 0.034074 -0.388735
v -0.060474 0.034745 -0.392670
v -0.058948 0.033956 -0.396530
v -0.057466 0.031804 -0.399850
v -0.056208 0.028547 -0.402231
v -0.055326 0.024579 -0.403383
v -0.054925 0.020379 -0.403170
v -0.055054 0.016452 -0.401616
v -0.055697 0.013273 -0.398908
v -0.056778 0.011224 -0.395374
v -0.058165 0.010554 -0.391440
v -0.059691 0.011342 -0.387580
v -0.061173 0.013495 -0.384259
v -0.062430 0.016751 -0.381879
v -0.041893 0.024642 -0.385572
v -0.046115 0.016638 -0.371762
v -0.047313 0.022023 -0.370197
v -0.047857 0.027724 -0.370487
v -0.047682 0.033053 -0.372596
v -0.046809 0.037368 -0.376271
v -0.045342 0.040148 -0.381067
v -0.043460 0.041058 -0.386406
v -0.041389 0.039988 -0.391645
v -0.039378 0.037067 -0.396151
v -0.037671 0.032647 -0.399382
v -0.036473 0.027262 -0.400946
v -0.035929 0.021561 -0.400656
v -0.036104 0.016232 -0.398547
v -0.036977 0.011917 -0.394873
v -0.038443 0.009137 -0.390077
v -0.040326 0.008227 -0.384737
v -0.042397 0.009297 -0.379498
v -0.044408 0.012218 -0.374992
v -0.059319 0.022649 -0.392055
v -0.062430 0.016751 -0.381879
v -0.063313 0.020719 -0.380726
v -0.063714 0.024920 -0.380940
v -0.063585 0.028846 -0.382494
v -0.062942 0.032026 -0.385201
v -0.061861 0.034074 -0.388735
v -0.060474 0.034745 -0.392670
v -0.058948 0.033956 -0.396530
v -0.057466 0.031804 -0.399850
v -0.056208 0.028547 -0.402231
v -0.055326 0.024579 -0.403383
v -0.054925 0.020379 -0.403170
v -0.055054 0.016452 -0.401616
v -0.055697 0.013273 -0.398908
v -0.056778 0.011224 -0.395374
v -0.058165 0.010554 -0.391440
v -0.059691 0.011342 -0.387580
v -0.061173 0.013495 -0.384259
v 0.115068 0.050117 -0.342558
v 0.113361 0.054537 -0.339328
v 0.111350 0.057458 -0.334822
v 0.109279 0.058528 -0.329583
v 0.107396 0.057618 -0.324244
v 0.105930 0.054838 -0.319447
v 0.105057 0.050523 -0.315773
v 0.104882 0.045194 -0.313664
v 0.105426 0.039493 -0.313374
v 0.106624 0.034108 -0.314939
v 0.108331 0.029688 -0.318169
v 0.110342 0.026767 -0.322675
v 0.112413 0.025697 -0.327914
v 0.114295 0.026607 -0.333254
v 0.115762 0.029387 -0.338050
v 0.116635 0.033702 -0.341724
v 0.116810 0.039031 -0.343833
v 0.116266 0.044732 -0.344123
v 0.115068 0.050117 -0.342558
v 0.131383 0.050004 -0.332441
v 0.130125 0.053260 -0.330061
v 0.128644 0.055413 -0.326740
v 0.127118 0.056201 -0.322880
v 0.125731 0.055531 -0.318946
v 0.124650 0.053482 -0.315412
v 0.124007 0.050303 -0.312705
v 0.123878 0.046376 -0.311150
v 0.124279 0.042175 -0.310937
v 0.125161 0.038207 -0.312090
v 0.126419 0.034951 -0.314470
v 0.127901 0.032799 -0.317790
v 0.129427 0.032010 -0.321651
v 0.130814 0.032681 -0.325585
v 0.131895 0.034729 -0.329119
v 0.132538 0.037908 -0.331826
v 0.132667 0.041835 -0.333380
v 0.132266 0.046036 -0.333594
v 0.131383 0.050004 -0.332441
v 0.110846 0.042112 -0.328749
v 0.115068 0.050117 -0.342558
v 0.113361 0.054537 -0.339328
v 0.111350 0.057458 -0.334822
v 0.109279 0.058528 -0.329583
v 0.107396 0.057618 -0.324244
v 0.105930 0.054838 -0.319447
v 0.105057 0.050523 -0.315773
v 0.104882 0.045194 -0.313664
v 0.105426 0.039493 -0.313374
v 0.106624 0.034108 -0.314939
v 0.108331 0.029688 -0.318169
v 0.110342 0.026767 -0.322675
v 0.112413 0.025697 -0.327914
v 0.114295 0.026607 -0.333254
v 0.115762 0.029387 -0.338050
v 0.116635 0.033702 -0.341724
v 0.116810 0.039031 -0.343833
v 0.116266 0.044732 -0.344123
v 0.128272 0.044106 -0.322265
v 0.131383 0.050004 -0.332441
v 0.130125 0.053260 -0.330061
v 0.128644 0.055413 -0.326740
v 0.127118 0.056201 -0.322880
v 0.125731 0.055531 -0.318946
v 0.124650 0.053482 -0.315412
v 0.124007 0.050303 -0.312705
v 0.123878 0.046376 -0.311150
v 0.124279 0.042175 -0.310937
v 0.125161 0.038207 -0.312090
v 0.126419 0.034951 -0.314470
v 0.127901 0.032799 -0.317790
v 0.129427 0.032010 -0.321651
v 0.130814 0.032681 -0.325585
v 0.131895 0.034729 -0.329119
v 0.132538 0.037908 -0.331826
v 0.132667 0.041835 -0.333380
v 0.132266 0.046036 -0.333594
vt 0.000000 0.000000
vt 0.055556 0.000000
vt 0.111111 0.000000
vt 0.166667 0.000000
vt 0.222222 0.000000
vt 0.277778 0.000000
vt 0.333333 0.000000
vt 0.388889 0.000000
vt 0.444444 0.000000
vt 0.500000 0.000000
vt 0.555556 0.000000
vt 0.611111 0.000000
vt 0.666667 0.000000
vt 0.722222 0.000000
vt 0.777778 0.000000
vt 0.833333 0.000000
vt 0.888889 0.000000
vt 0.944444 0.000000
vt 1.000000 0.000000
vt 0.000000 1.000000
vt 0.055556 1.000000
vt 0.111111 1.000000
vt 0.166667 1.000000
vt 0.222222 1.000000
vt 0.277778 1.000000
vt 0.333333 1.000000
vt 0.388889 1.000000
vt 0.444444 1.000000
vt 0.500000 1.000000
vt 0.555556 1.000000
vt 0.611111 1.000000
vt 0.666667 1.000000
vt 0.722222 1.000000
vt 0.777778 1.000000
vt 0.833333 1.000000
vt 0.888889 1.000000
vt 0.944444 1.000000
vt 1.000000 1.000000
vt 0.500000 0.500000
vt 0.950000 0.500000
vt 0.922862 0.653909
vt 0.844720 0.789254
vt 0.725000 0.889711
vt 0.578142 0.943163
vt 0.421858 0.943163
vt 0.275000 0.889711
vt 0.155280 0.789254
vt 0.077138 0.653909
vt 0.050000 0.500000
vt 0.077138 0.346091
vt 0.155280 0.210746
vt 0.275000 0.110289
vt 0.421858 0.056837
vt 0.578142 0.056837
vt 0.725000 0.110289
vt 0.844720 0.210746
vt 0.922862 0.346091
vt 0.500000 0.500000
vt 0.950000 0.500000
vt 0.922862 0.653909
vt 0.844720 0.789254
vt 0.725000 0.889711
vt 0.578142 0.943163
vt 0.421858 0.943163
vt 0.275000 0.889711
vt 0.155280 0.789254
vt 0.077138 0.653909
vt 0.050000 0.500000
vt 0.077138 0.346091
vt 0.155280 0.210746
vt 0.275000 0.110289
vt 0.421858 0.056837
vt 0.578142 0.056837
vt 0.725000 0.110289
vt 0.844720 0.210746
vt 0.922862 0.346091
vt 0.000000 0.000000
vt 0.055556 0.000000
vt 0.111111 0.000000
vt 0.166667 0.000000
vt 0.222222 0.000000
vt 0.277778 0.000000
vt 0.333333 0.000000
vt 0.388889 0.000000
vt 0.444444 0.000000
vt 0.500000 0.000000
vt 0.555556 0.000000
vt 0.611111 0.000000
vt 0.666667 0.000000
vt 0.722222 0.000000
vt 0.777778 0.000000
vt 0.833333 0.000000
vt 0.888889 0.000000
vt 0.944444 0.000000
vt 1.000000 0.000000
vt 0.000000 1.000000
vt 0.055556 1.000000
vt 0.111111 1.000000
vt 0.166667 1.000000
vt 0.222222 1.000000
vt 0.277778 1.000000
vt 0.333333 1.000000
vt 0.388889 1.000000
vt 0.444444 1.000000
vt 0.500000 1.000000
vt 0.555556 1.000000
vt 0.611111 1.000000
vt 0.666667 1.000000
vt 0.722222 1.000000
vt 0.777778 1.000000
vt 0.833333 1.000000
vt 0.888889 1.000000
vt 0.944444 1.000000
vt 1.000000 1.000000
vt 0.500000 0.500000
vt 0.950000 0.500000
vt 0.922862 0.653909
vt 0.844720 0.789254
vt 0.725000 0.889711
vt 0.578142 0.943163
vt 0.421858 0.943163
vt 0.275000 0.889711
vt 0.155280 0.789254
vt 0.077138 0.653909
vt 0.050000 0.500000
vt 0.077138 0.346091
vt 0.155280 0.210746
vt 0.275000 0.110289
vt 0.421858 0.056837
vt 0.578142 0.056837
vt 0.725000 0.110289
vt 0.844720 0.210746
vt 0.922862 0.346091
vt 0.500000 0.500000
vt 0.950000 0.500000
vt 0.922862 0.653909
vt 0.844720 0.789254
vt 0.725000 0.889711
vt 0.578142 0.943163
vt 0.421858 0.943163
vt 0.275000 0.889711
vt 0.155280 0.789254
vt 0.077138 0.653909
vt 0.050000 0.500000
vt 0.077138 0.346091
vt 0.155280 0.210746
vt 0.275000 0.110289
vt 0.421858 0.056837
vt 0.578142 0.056837
vt 0.725000 0.110289
vt 0.844720 0.210746
vt 0.922862 0.346091
vn -0.459991 -0.496354 0.736235
vn -0.530665 -0.178671 0.828536
vn -0.530665 -0.178671 0.828536
vn -0.459991 -0.496354 0.736235
vn -0.562773 0.157652 0.811439
vn -0.562773 0.157652 0.811439
vn -0.552440 0.472051 0.687006
vn -0.552440 0.472051 0.687006
vn -0.500915 0.726603 0.470247
vn -0.500915 0.726603 0.470247
vn -0.414411 0.890607 0.187304
vn -0.414411 0.890607 0.187304
vn -0.303362 0.944281 -0.127694
vn -0.303362 0.944281 -0.127694
vn -0.181162 0.881150 -0.436754
vn -0.181162 0.881150 -0.436754
vn -0.062550 0.708831 -0.702600
vn -0.062550 0.708831 -0.702600
vn 0.038167 0.448106 -0.893165
vn 0.038167 0.448106 -0.893165
vn 0.108842 0.130423 -0.985466
vn 0.108842 0.130423 -0.985466
vn 0.140949 -0.205900 -0.968369
vn 0.140949 -0.205900 -0.968369
vn 0.130617 -0.520298 -0.843937
vn 0.130617 -0.520298 -0.843937
vn 0.079091 -0.774851 -0.627177
vn 0.079091 -0.774851 -0.627177
vn -0.007413 -0.938854 -0.344235
vn -0.007413 -0.938854 -0.344235
vn -0.118462 -0.992528 -0.029236
vn -0.118462 -0.992528 -0.029236
vn -0.240662 -0.929398 0.279824
vn -0.240662 -0.929398 0.279824
vn -0.359273 -0.757078 0.545669
vn -0.359273 -0.757078 0.545669
vn 0.931902 0.106589 0.346694
vn 0.931902 0.106589 0.346694
vn 0.931902 0.106589 0.346694
vn 0.931902 0.106589 0.346694
vn 0.931902 0.106589 0.346694
vn 0.931902 0.106589 0.346694
vn 0.931902 0.106589 0.346694
vn 0.931902 0.106589 0.346694
vn 0.931902 0.106589 0.346694
vn 0.931902 0.106589 0.346694
vn 0.931902 0.106589 0.346694
vn 0.931902 0.106589 0.346694
vn 0.931902 0.106589 0.346694
vn 0.931902 0.106589 0.346694
vn 0.931902 0.106589 0.346694
vn 0.931902 0.106589 0.346694
vn 0.931902 0.106589 0.346694
vn 0.931902 0.106589 0.346694
vn 0.931902 0.106589 0.346694
vn -0.931902 -0.106589 -0.346694
vn -0.931902 -0.106589 -0.346694
vn -0.931902 -0.106589 -0.346694
vn -0.931902 -0.106589 -0.346694
vn -0.931902 -0.106589 -0.346694
vn -0.931902 -0.106589 -0.346694
vn -0.931902 -0.106589 -0.346694
vn -0.931902 -0.106589 -0.346694
vn -0.931902 -0.106589 -0.346694
vn -0.931902 -0.106589 -0.346694
vn -0.931902 -0.106589 -0.346694
vn -0.931902 -0.106589 -0.346694
vn -0.931902 -0.106589 -0.346694
vn -0.931902 -0.106589 -0.346694
vn -0.931902 -0.106589 -0.346694
vn -0.931902 -0.106589 -0.346694
vn -0.931902 -0.106589 -0.346694
vn -0.931902 -0.106589 -0.346694
vn -0.931902 -0.106589 -0.346694
vn 0.459991 0.496354 -0.736235
vn 0.359273 0.757078 -0.545669
vn 0.359273 0.757078 -0.545669
vn 0.459991 0.496354 -0.736235
vn 0.240662 0.929398 -0.279824
vn 0.240662 0.929398 -0.279824
vn 0.118462 0.992528 0.029236
vn 0.118462 0.992528 0.029236
vn 0.007413 0.938854 0.344235
vn 0.007413 0.938854 0.344235
vn -0.079091 0.774851 0.627177
vn -0.079091 0.774851 0.627177
vn -0.130617 0.520298 0.843937
vn -0.130617 0.520298 0.843937
vn -0.140949 0.205900 0.968369
vn -0.140949 0.205900 0.968369
vn -0.108842 -0.130423 0.985466
vn -0.108842 -0.130423 0.985466
vn -0.038167 -0.448106 0.893165
vn -0.038167 -0.448106 0.893165
vn 0.062550 -0.708831 0.702600
vn 0.062550 -0.708831 0.702600
vn 0.181162 -0.881150 0.436754
vn 0.181162 -0.881150 0.436754
vn 0.303362 -0.944281 0.127694
vn 0.303362 -0.944281 0.127694
vn 0.414411 -0.890607 -0.187304
vn 0.414411 -0.890607 -0.187304
vn 0.500915 -0.726603 -0.470247
vn 0.500915 -0.726603 -0.470247
vn 0.552440 -0.472051 -0.687006
vn 0.552440 -0.472051 -0.687006
vn 0.562773 -0.157652 -0.811439
vn 0.562773 -0.157652 -0.811439
vn 0.530665 0.178671 -0.828536
vn 0.530665 0.178671 -0.828536
vn -0.931902 -0.106589 -0.346694
vn -0.931902 -0.106589 -0.346694
vn -0.931902 -0.106589 -0.346694
vn -0.931902 -0.106589 -0.346694
vn -0.931902 -0.106589 -0.346694
vn -0.931902 -0.106589 -0.346694
vn -0.931902 -0.106589 -0.346694
vn -0.931902 -0.106589 -0.346694
vn -0.931902 -0.106589 -0.346694
vn -0.931902 -0.106589 -0.346694
vn -0.931902 -0.106589 -0.346694
vn -0.931902 -0.106589 -0.346694
vn -0.931902 -0.106589 -0.346694
vn -0.931902 -0.106589 -0.346694
vn -0.931902 -0.106589 -0.346694
vn -0.931902 -0.106589 -0.346694
vn -0.931902 -0.106589 -0.346694
vn -0.931902 -0.106589 -0.346694
vn -0.931902 -0.106589 -0.346694
vn 0.931902 0.106589 0.346694
vn 0.931902 0.106589 0.346694
vn 0.931902 0.106589 0.346694
vn 0.931902 0.106589 0.346694
vn 0.931902 0.106589 0.346694
vn 0.931902 0.106589 0.346694
vn 0.931902 0.106589 0.346694
vn 0.931902 0.106589 0.346694
vn 0.931902 0.106589 0.346694
vn 0.931902 0.106589 0.346694
vn 0.931902 0.106589 0.346694
vn 0.931902 0.106589 0.346694
vn 0.931902 0.106589 0.346694
vn 0.931902 0.106589 0.346694
vn 0.931902 0.106589 0.346694
vn 0.931902 0.106589 0.346694
vn 0.931902 0.106589 0.346694
vn 0.931902 0.106589 0.346694
vn 0.931902 0.106589 0.346694
f 3525/3525/3332 3526/3526/3333 3545/3545/3334 3544/3544/3335
f 3526/3526/3333 3527/3527/3336 3546/3546/3337 3545/3545/3334
f 3527/3527/3336 3528/3528/3338 3547/3547/3339 3546/3546/3337
f 3528/3528/3338 3529/3529/3340 3548/3548/3341 3547/3547/3339
f 3529/3529/3340 3530/3530/3342 3549/3549/3343 3548/3548/3341
f 3530/3530/3342 3531/3531/3344 3550/3550/3345 3549/3549/3343
f 3531/3531/3344 3532/3532/3346 3551/3551/3347 3550/3550/3345
f 3532/3532/3346 3533/3533/3348 3552/3552/3349 3551/3551/3347
f 3533/3533/3348 3534/3534/3350 3553/3553/3351 3552/3552/3349
f 3534/3534/3350 3535/3535/3352 3554/3554/3353 3553/3553/3351
f 3535/3535/3352 3536/3536/3354 3555/3555/3355 3554/3554/3353
f 3536/3536/3354 3537/3537/3356 3556/3556/3357 3555/3555/3355
f 3537/3537/3356 3538/3538/3358 3557/3557/3359 3556/3556/3357
f 3538/3538/3358 3539/3539/3360 3558/3558/3361 3557/3557/3359
f 3539/3539/3360 3540/3540/3362 3559/3559/3363 3558/3558/3361
f 3540/3540/3362 3541/3541/3364 3560/3560/3365 3559/3559/3363
f 3541/3541/3364 3542/3542/3366 3561/3561/3367 3560/3560/3365
f 3542/3542/3366 3543/3543/3332 3562/3562/3335 3561/3561/3367
f 3563/3563/3368 3565/3565/3369 3564/3564/3370
f 3563/3563/3368 3566/3566/3371 3565/3565/3369
f 3563/3563/3368 3567/3567/3372 3566/3566/3371
f 3563/3563/3368 3568/3568/3373 3567/3567/3372
f 3563/3563/3368 3569/3569/3374 3568/3568/3373
f 3563/3563/3368 3570/3570/3375 3569/3569/3374
f 3563/3563/3368 3571/3571/3376 3570/3570/3375
f 3563/3563/3368 3572/3572/3377 3571/3571/3376
f 3563/3563/3368 3573/3573/3378 3572/3572/3377
f 3563/3563/3368 3574/3574/3379 3573/3573/3378
f 3563/3563/3368 3575/3575/3380 3574/3574/3379
f 3563/3563/3368 3576/3576/3381 3575/3575/3380
f 3563/3563/3368 3577/3577/3382 3576/3576/3381
f 3563/3563/3368 3578/3578/3383 3577/3577/3382
f 3563/3563/3368 3579/3579/3384 3578/3578/3383
f 3563/3563/3368 3580/3580/3385 3579/3579/3384
f 3563/3563/3368 3581/3581/3386 3580/3580/3385
f 3563/3563/3368 3564/3564/3370 3581/3581/3386
f 3582/3582/3387 3583/3583/3388 3584/3584/3389
f 3582/3582/3387 3584/3584/3389 3585/3585/3390
f 3582/3582/3387 3585/3585/3390 3586/3586/3391
f 3582/3582/3387 3586/3586/3391 3587/3587/3392
f 3582/3582/3387 3587/3587/3392 3588/3588/3393
f 3582/3582/3387 3588/3588/3393 3589/3589/3394
f 3582/3582/3387 3589/3589/3394 3590/3590/3395
f 3582/3582/3387 3590/3590/3395 3591/3591/3396
f 3582/3582/3387 3591/3591/3396 3592/3592/3397
f 3582/3582/3387 3592/3592/3397 3593/3593/3398
f 3582/3582/3387 3593/3593/3398 3594/3594/3399
f 3582/3582/3387 3594/3594/3399 3595/3595/3400
f 3582/3582/3387 3595/3595/3400 3596/3596/3401
f 3582/3582/3387 3596/3596/3401 3597/3597/3402
f 3582/3582/3387 3597/3597/3402 3598/3598/3403
f 3582/3582/3387 3598/3598/3403 3599/3599/3404
f 3582/3582/3387 3599/3599/3404 3600/3600/3405
f 3582/3582/3387 3600/3600/3405 3583/3583/3388
f 3601/3601/3406 3602/3602/3407 3621/3621/3408 3620/3620/3409
f 3602/3602/3407 3603/3603/3410 3622/3622/3411 3621/3621/3408
f 3603/3603/3410 3604/3604/3412 3623/3623/3413 3622/3622/3411
f 3604/3604/3412 3605/3605/3414 3624/3624/3415 3623/3623/3413
f 3605/3605/3414 3606/3606/3416 3625/3625/3417 3624/3624/3415
f 3606/3606/3416 3607/3607/3418 3626/3626/3419 3625/3625/3417
f 3607/3607/3418 3608/3608/3420 3627/3627/3421 3626/3626/3419
f 3608/3608/3420 3609/3609/3422 3628/3628/3423 3627/3627/3421
f 3609/3609/3422 3610/3610/3424 3629/3629/3425 3628/3628/3423
f 3610/3610/3424 3611/3611/3426 3630/3630/3427 3629/3629/3425
f 3611/3611/3426 3612/3612/3428 3631/3631/3429 3630/3630/3427
f 3612/3612/3428 3613/3613/3430 3632/3632/3431 3631/3631/3429
f 3613/3613/3430 3614/3614/3432 3633/3633/3433 3632/3632/3431
f 3614/3614/3432 3615/3615/3434 3634/3634/3435 3633/3633/3433
f 3615/3615/3434 3616/3616/3436 3635/3635/3437 3634/3634/3435
f 3616/3616/3436 3617/3617/3438 3636/3636/3439 3635/3635/3437
f 3617/3617/3438 3618/3618/3440 3637/3637/3441 3636/3636/3439
f 3618/3618/3440 3619/3619/3406 3638/3638/3409 3637/3637/3441
f 3639/3639/3442 3641/3641/3443 3640/3640/3444
f 3639/3639/3442 3642/3642/3445 3641/3641/3443
f 3639/3639/3442 3643/3643/3446 3642/3642/3445
f 3639/3639/3442 3644/3644/3447 3643/3643/3446
f 3639/3639/3442 3645/3645/3448 3644/3644/3447
f 3639/3639/3442 3646/3646/3449 3645/3645/3448
f 3639/3639/3442 3647/3647/3450 3646/3646/3449
f 3639/3639/3442 3648/3648/3451 3647/3647/3450
f 3639/3639/3442 3649/3649/3452 3648/3648/3451
f 3639/3639/3442 3650/3650/3453 3649/3649/3452
f 3639/3639/3442 3651/3651/3454 3650/3650/3453
f 3639/3639/3442 3652/3652/3455 3651/3651/3454
f 3639/3639/3442 3653/3653/3456 3652/3652/3455
f 3639/3639/3442 3654/3654/3457 3653/3653/3456
f 3639/3639/3442 3655/3655/3458 3654/3654/3457
f 3639/3639/3442 3656/3656/3459 3655/3655/3458
f 3639/3639/3442 3657/3657/3460 3656/3656/3459
f 3639/3639/3442 3640/3640/3444 3657/3657/3460
f 3658/3658/3461 3659/3659/3462 3660/3660/3463
f 3658/3658/3461 3660/3660/3463 3661/3661/3464
f 3658/3658/3461 3661/3661/3464 3662/3662/3465
f 3658/3658/3461 3662/3662/3465 3663/3663/3466
f 3658/3658/3461 3663/3663/3466 3664/3664/3467
f 3658/3658/3461 3664/3664/3467 3665/3665/3468
f 3658/3658/3461 3665/3665/3468 3666/3666/3469
f 3658/3658/3461 3666/3666/3469 3667/3667/3470
f 3658/3658/3461 3667/3667/3470 3668/3668/3471
f 3658/3658/3461 3668/3668/3471 3669/3669/3472
f 3658/3658/3461 3669/3669/3472 3670/3670/3473
f 3658/3658/3461 3670/3670/3473 3671/3671/3474
f 3658/3658/3461 3671/3671/3474 3672/3672/3475
f 3658/3658/3461 3672/3672/3475 3673/3673/3476
f 3658/3658/3461 3673/3673/3476 3674/3674/3477
f 3658/3658/3461 3674/3674/3477 3675/3675/3478
f 3658/3658/3461 3675/3675/3478 3676/3676/3479
f 3658/3658/3461 3676/3676/3479 3659/3659/3462

o Arm_R_Sleeve
usemtl Shirt_White
v 0.200855 -0.377243 -0.201219
v 0.202609 -0.371087 -0.177200
v 0.211015 -0.365016 -0.160556
v 0.225485 -0.358643 -0.149044
v 0.245928 -0.352090 -0.143077
v 0.275342 -0.344676 -0.142962
v 0.296493 -0.340746 -0.148767
v 0.312339 -0.339478 -0.160161
v 0.322740 -0.340809 -0.176732
v 0.327377 -0.345354 -0.200725
v 0.325624 -0.351509 -0.224744
v 0.317218 -0.357580 -0.241388
v 0.302748 -0.363953 -0.252900
v 0.282305 -0.370507 -0.258867
v 0.252890 -0.377920 -0.258982
v 0.231740 -0.381850 -0.253177
v 0.215894 -0.383118 -0.241783
v 0.205493 -0.381787 -0.225213
v 0.200855 -0.377243 -0.201219
v 0.196416 -0.358667 -0.205625
v 0.198164 -0.352534 -0.181693
v 0.206542 -0.346484 -0.165110
v 0.220964 -0.340133 -0.153640
v 0.241339 -0.333602 -0.147694
v 0.270655 -0.326213 -0.147579
v 0.291734 -0.322296 -0.153363
v 0.307527 -0.321032 -0.164716
v 0.317893 -0.322357 -0.181226
v 0.322515 -0.326885 -0.205133
v 0.320767 -0.333018 -0.229065
v 0.312389 -0.339068 -0.245649
v 0.297967 -0.345419 -0.257119
v 0.277592 -0.351950 -0.263065
v 0.248276 -0.359339 -0.263179
v 0.227196 -0.363256 -0.257395
v 0.211403 -0.364521 -0.246043
v 0.201037 -0.363195 -0.229532
v 0.196416 -0.358667 -0.205625
v 0.191976 -0.340092 -0.210031
v 0.193719 -0.333981 -0.186187
v 0.202069 -0.327952 -0.169663
v 0.216442 -0.321624 -0.158235
v 0.236749 -0.315115 -0.152310
v 0.265967 -0.307751 -0.152196
v 0.286976 -0.303846 -0.157960
v 0.302715 -0.302585 -0.169271
v 0.313046 -0.303905 -0.185721
v 0.317652 -0.308416 -0.209541
v 0.315909 -0.314528 -0.233386
v 0.307559 -0.320556 -0.249909
v 0.293186 -0.326885 -0.261338
v 0.272879 -0.333394 -0.267262
v 0.243661 -0.340758 -0.267376
v 0.222652 -0.344662 -0.261613
v 0.206913 -0.345923 -0.250302
v 0.196582 -0.344603 -0.233851
v 0.191976 -0.340092 -0.210031
v 0.187536 -0.321517 -0.214438
v 0.189274 -0.315427 -0.190680
v 0.197596 -0.309420 -0.174217
v 0.211921 -0.303114 -0.162830
v 0.232160 -0.296627 -0.156927
v 0.261279 -0.289288 -0.156814
v 0.282217 -0.285396 -0.162556
v 0.297904 -0.284139 -0.173826
v 0.308199 -0.285453 -0.190216
v 0.312789 -0.289948 -0.213949
v 0.311052 -0.296037 -0.237707
v 0.302730 -0.302044 -0.254170
v 0.288404 -0.308351 -0.265557
v 0.268166 -0.314837 -0.271460
v 0.239047 -0.322177 -0.271573
v 0.218109 -0.326068 -0.265831
v 0.202422 -0.327326 -0.254561
v 0.192126 -0.326011 -0.238171
v 0.187536 -0.321517 -0.214438
v 0.183097 -0.302941 -0.218844
v 0.184829 -0.296874 -0.195173
v 0.193123 -0.290888 -0.178770
v 0.207400 -0.284604 -0.167425
v 0.227571 -0.278139 -0.161544
v 0.256591 -0.270825 -0.161431
v 0.277459 -0.266946 -0.167152
v 0.293092 -0.265692 -0.178380
v 0.303353 -0.267001 -0.194711
v 0.307927 -0.271479 -0.218357
v 0.306195 -0.277546 -0.242028
v 0.297900 -0.283532 -0.258431
v 0.283623 -0.289817 -0.269776
v 0.263453 -0.296281 -0.275657
v 0.234432 -0.303595 -0.275770
v 0.213565 -0.307474 -0.270049
v 0.197932 -0.308728 -0.258821
v 0.187671 -0.307419 -0.242490
v 0.183097 -0.302941 -0.218844
v 0.178657 -0.284366 -0.223250
v 0.180384 -0.278321 -0.199667
v 0.188650 -0.272356 -0.183324
v 0.202879 -0.266094 -0.172021
v 0.222981 -0.259652 -0.166161
v 0.251904 -0.252362 -0.166048
v 0.272700 -0.248496 -0.171748
v 0.288280 -0.247246 -0.182935
v 0.298506 -0.248549 -0.199206
v 0.303064 -0.253010 -0.222765
v 0.301338 -0.259055 -0.246349
v 0.293071 -0.265020 -0.262691
v 0.278842 -0.271282 -0.273995
v 0.258740 -0.277725 -0.279855
v 0.229818 -0.285014 -0.279967
v 0.209021 -0.288880 -0.274267
v 0.193441 -0.290131 -0.263080
v 0.183216 -0.288827 -0.246810
v 0.178657 -0.284366 -0.223250
v 0.174218 -0.265791 -0.227657
v 0.175939 -0.259768 -0.204160
v 0.184178 -0.253824 -0.187878
v 0.198358 -0.247584 -0.176616
v 0.218392 -0.241164 -0.170778
v 0.247216 -0.233899 -0.170665
v 0.267942 -0.230046 -0.176344
v 0.283468 -0.228799 -0.187490
v 0.293659 -0.230097 -0.203701
v 0.298201 -0.234542 -0.227173
v 0.296481 -0.240565 -0.250670
v 0.288242 -0.246508 -0.266952
v 0.274061 -0.252748 -0.278214
v 0.254027 -0.259168 -0.284052
v 0.225203 -0.266433 -0.284164
v 0.204478 -0.270286 -0.278485
v 0.188951 -0.271533 -0.267339
v 0.178760 -0.270235 -0.251129
v 0.174218 -0.265791 -0.227657
v 0.169778 -0.247215 -0.232063
v 0.171494 -0.241214 -0.208653
v 0.179705 -0.235293 -0.192431
v 0.193837 -0.229074 -0.181211
v 0.213803 -0.222676 -0.175395
v 0.242528 -0.215436 -0.175283
v 0.263183 -0.211596 -0.180941
v 0.278657 -0.210353 -0.192045
v 0.288812 -0.211645 -0.208196
v 0.293339 -0.216073 -0.231581
v 0.291623 -0.222074 -0.254991
v 0.283412 -0.227996 -0.271213
v 0.269280 -0.234214 -0.282433
v 0.249314 -0.240612 -0.288249
v 0.220589 -0.247852 -0.288362
v 0.199934 -0.251692 -0.282704
v 0.184460 -0.252936 -0.271599
v 0.174305 -0.251643 -0.255448
v 0.169778 -0.247215 -0.232063
v 0.165339 -0.228640 -0.236469
v 0.167049 -0.222661 -0.213147
v 0.175232 -0.216761 -0.196985
v 0.189316 -0.210564 -0.185806
v 0.209213 -0.204189 -0.180011
v 0.237841 -0.196973 -0.179900
v 0.258425 -0.193146 -0.185537
v 0.273845 -0.191906 -0.196600
v 0.283966 -0.193193 -0.212690
v 0.288476 -0.197604 -0.235989
v 0.286766 -0.203583 -0.259312
v 0.278583 -0.209484 -0.275474
v 0.264499 -0.215680 -0.286652
v 0.244601 -0.222055 -0.292447
v 0.215974 -0.229271 -0.292559
v 0.195390 -0.233098 -0.286922
v 0.179970 -0.234338 -0.275858
v 0.169849 -0.233051 -0.259768
v 0.165339 -0.228640 -0.236469
v 0.160899 -0.210065 -0.240876
v 0.162604 -0.204108 -0.217640
v 0.170759 -0.198229 -0.201538
v 0.184795 -0.192054 -0.190402
v 0.204624 -0.185701 -0.184628
v 0.233153 -0.178511 -0.184517
v 0.253666 -0.174696 -0.190133
v 0.269033 -0.173460 -0.201155
v 0.279119 -0.174741 -0.217185
v 0.283613 -0.179136 -0.240397
v 0.281909 -0.185092 -0.263633
v 0.273754 -0.190971 -0.279734
v 0.259717 -0.197146 -0.290871
v 0.239889 -0.203499 -0.296644
v 0.211360 -0.210689 -0.296756
v 0.190846 -0.214504 -0.291140
v 0.175479 -0.215741 -0.280118
v 0.165394 -0.214459 -0.264087
v 0.160899 -0.210065 -0.240876
v 0.156460 -0.191489 -0.245282
v 0.158159 -0.185555 -0.222133
v 0.166286 -0.179697 -0.206092
v 0.180274 -0.173544 -0.194997
v 0.200035 -0.167213 -0.189245
v 0.228465 -0.160048 -0.189134
v 0.248908 -0.156246 -0.194729
v 0.264222 -0.155013 -0.205710
v 0.274272 -0.156289 -0.221680
v 0.278751 -0.160667 -0.244805
v 0.277052 -0.166602 -0.267954
v 0.268924 -0.172459 -0.283995
v 0.254936 -0.178612 -0.295090
v 0.235176 -0.184943 -0.300842
v 0.206745 -0.192108 -0.300953
v 0.186303 -0.195910 -0.295358
v 0.170989 -0.197143 -0.284377
v 0.160938 -0.195867 -0.268407
v 0.156460 -0.191489 -0.245282
v 0.152020 -0.172914 -0.249688
v 0.153714 -0.167001 -0.226626
v 0.161813 -0.161165 -0.210645
v 0.175753 -0.155034 -0.199592
v 0.195445 -0.148726 -0.193862
v 0.223778 -0.141585 -0.193751
v 0.244149 -0.137796 -0.199325
v 0.259410 -0.136566 -0.210265
v 0.269425 -0.137837 -0.226175
v 0.273888 -0.142198 -0.249213
v 0.272195 -0.148111 -0.272275
v 0.264095 -0.153947 -0.288256
v 0.250155 -0.160078 -0.299309
v 0.230463 -0.166386 -0.305039
v 0.202130 -0.173527 -0.305150
v 0.181759 -0.177316 -0.299576
v 0.166498 -0.178546 -0.288636
v 0.156483 -0.177275 -0.272726
v 0.152020 -0.172914 -0.249688
v 0.147581 -0.154339 -0.254095
v 0.149269 -0.148448 -0.231120
v 0.157340 -0.142633 -0.215199
v 0.171232 -0.136524 -0.204187
v 0.190856 -0.130238 -0.198479
v 0.219090 -0.123122 -0.198369
v 0.239391 -0.119346 -0.203921
v 0.254598 -0.118120 -0.214820
v 0.264579 -0.119385 -0.230670
v 0.269025 -0.123729 -0.253621
v 0.267337 -0.129620 -0.276596
v 0.259265 -0.135435 -0.292516
v 0.245374 -0.141544 -0.303528
v 0.225750 -0.147830 -0.309237
v 0.197516 -0.154946 -0.309347
v 0.177215 -0.158722 -0.303794
v 0.162008 -0.159948 -0.292896
v 0.152027 -0.158683 -0.277046
v 0.147581 -0.154339 -0.254095
v 0.143169 -0.135873 -0.258475
v 0.144841 -0.129963 -0.235597
v 0.152875 -0.124129 -0.219746
v 0.166707 -0.117999 -0.208786
v 0.186252 -0.111691 -0.203110
v 0.214374 -0.104548 -0.203012
v 0.234597 -0.100757 -0.208551
v 0.249749 -0.099526 -0.219410
v 0.259697 -0.100794 -0.235198
v 0.264135 -0.105151 -0.258055
v 0.262463 -0.111061 -0.280933
v 0.254429 -0.116895 -0.296784
v 0.240597 -0.123025 -0.307744
v 0.221052 -0.129333 -0.313420
v 0.192929 -0.136476 -0.313517
v 0.172706 -0.140267 -0.307979
v 0.157554 -0.141498 -0.297120
v 0.147607 -0.140230 -0.281332
v 0.143169 -0.135873 -0.258475
v 0.140035 -0.122530 -0.261666
v 0.141523 -0.115983 -0.239054
v 0.149347 -0.109513 -0.223439
v 0.162938 -0.102710 -0.212704
v 0.182211 -0.095704 -0.207237
v 0.210001 -0.087766 -0.207350
v 0.230025 -0.083547 -0.212977
v 0.245077 -0.082168 -0.223829
v 0.255021 -0.083563 -0.239516
v 0.259572 -0.088385 -0.262152
v 0.258085 -0.094932 -0.284764
v 0.250260 -0.101402 -0.300379
v 0.236670 -0.108205 -0.311114
v 0.217397 -0.115211 -0.316582
v 0.189606 -0.123150 -0.316469
v 0.169582 -0.127368 -0.310841
v 0.154530 -0.128747 -0.299990
v 0.144586 -0.127352 -0.284302
v 0.140035 -0.122530 -0.261666
v 0.137947 -0.113089 -0.264476
v 0.139000 -0.105361 -0.242621
v 0.146296 -0.097710 -0.227648
v 0.159248 -0.089656 -0.217498
v 0.177781 -0.081351 -0.212546
v 0.204640 -0.071929 -0.213142
v 0.224088 -0.066911 -0.218939
v 0.238819 -0.065254 -0.229704
v 0.248696 -0.066880 -0.245058
v 0.253479 -0.072562 -0.267042
v 0.252426 -0.080290 -0.288897
v 0.245130 -0.087941 -0.303870
v 0.232178 -0.095995 -0.314019
v 0.213645 -0.104300 -0.318972
v 0.186785 -0.113722 -0.318376
v 0.167338 -0.118740 -0.312579
v 0.152607 -0.120397 -0.301814
v 0.142730 -0.118770 -0.286460
v 0.137947 -0.113089 -0.264476
v 0.135112 -0.101616 -0.268527
v 0.135777 -0.093153 -0.247614
v 0.142528 -0.084765 -0.233393
v 0.154770 -0.075925 -0.223884
v 0.172438 -0.066800 -0.219443
v 0.198165 -0.056438 -0.220452
v 0.216877 -0.050911 -0.226321
v 0.231151 -0.049071 -0.236870
v 0.240850 -0.050834 -0.251736
v 0.245775 -0.057045 -0.272869
v 0.245110 -0.065507 -0.293781
v 0.238358 -0.073895 -0.308002
v 0.226117 -0.082735 -0.317511
v 0.208449 -0.091860 -0.321952
v 0.182722 -0.102222 -0.320943
v 0.164009 -0.107750 -0.315074
v 0.149735 -0.109589 -0.304525
v 0.140037 -0.107826 -0.289659
v 0.135112 -0.101616 -0.268527
v 0.131290 -0.088472 -0.273770
v 0.131643 -0.079619 -0.253843
v 0.137892 -0.070833 -0.240383
v 0.149442 -0.061565 -0.231491
v 0.166238 -0.051990 -0.227507
v 0.190795 -0.041106 -0.228834
v 0.208726 -0.035292 -0.234693
v 0.222486 -0.033343 -0.244952
v 0.231938 -0.035170 -0.259261
v 0.236921 -0.041658 -0.279476
v 0.236569 -0.050511 -0.299403
v 0.230320 -0.059297 -0.312863
v 0.218769 -0.068564 -0.321755
v 0.201974 -0.078140 -0.325739
v 0.177416 -0.089024 -0.324412
v 0.159486 -0.094838 -0.318553
v 0.145726 -0.096787 -0.308294
v 0.136273 -0.094960 -0.293985
v 0.131290 -0.088472 -0.273770
v 0.117300 -0.078397 -0.279467
v 0.117386 -0.067605 -0.256726
v 0.124212 -0.056924 -0.241445
v 0.137078 -0.045682 -0.231450
v 0.155926 -0.034091 -0.227128
v 0.183597 -0.020944 -0.228972
v 0.203877 -0.013945 -0.235901
v 0.219529 -0.011638 -0.247796
v 0.230396 -0.013913 -0.264256
v 0.236322 -0.021848 -0.287398
v 0.236236 -0.032640 -0.310139
v 0.229410 -0.043321 -0.325421
v 0.216544 -0.054562 -0.335415
v 0.197696 -0.066154 -0.339737
v 0.170025 -0.079300 -0.337893
v 0.149745 -0.086299 -0.330964
v 0.134093 -0.088607 -0.319069
v 0.123226 -0.086332 -0.302609
v 0.117300 -0.078397 -0.279467
v 0.112372 -0.062778 -0.286672
v 0.112240 -0.052064 -0.265221
v 0.118550 -0.041447 -0.250877
v 0.130619 -0.030261 -0.241581
v 0.148397 -0.018718 -0.237698
v 0.174573 -0.005614 -0.239721
v 0.193811 0.001373 -0.246466
v 0.208720 0.003694 -0.257847
v 0.219147 0.001455 -0.273486
v 0.224967 -0.006412 -0.295376
v 0.225099 -0.017127 -0.316827
v 0.218790 -0.027744 -0.331171
v 0.206720 -0.038929 -0.340467
v 0.188942 -0.050473 -0.344350
v 0.162766 -0.063577 -0.342327
v 0.143529 -0.070564 -0.335582
v 0.128619 -0.072884 -0.324201
v 0.118192 -0.070646 -0.308563
v 0.112372 -0.062778 -0.286672
v 0.112326 -0.042868 -0.295396
v 0.112169 -0.033760 -0.277587
v 0.117458 -0.024697 -0.265710
v 0.127613 -0.015116 -0.258054
v 0.142591 -0.005198 -0.254920
v 0.164661 0.006097 -0.256733
v 0.180892 0.012150 -0.262430
v 0.193484 0.014211 -0.271954
v 0.202307 0.012369 -0.284990
v 0.207259 0.005715 -0.303193
v 0.207416 -0.003394 -0.321003
v 0.202128 -0.012457 -0.332880
v 0.191973 -0.022038 -0.340536
v 0.176995 -0.031956 -0.343670
v 0.154924 -0.043251 -0.341857
v 0.138693 -0.049304 -0.336160
v 0.126101 -0.051364 -0.326636
v 0.117278 -0.049523 -0.313600
v 0.112326 -0.042868 -0.295396
v 0.264116 -0.361298 -0.200972
v 0.200855 -0.377243 -0.201219
v 0.202609 -0.371087 -0.177200
v 0.211015 -0.365016 -0.160556
v 0.225485 -0.358643 -0.149044
v 0.245928 -0.352090 -0.143077
v 0.275342 -0.344676 -0.142962
v 0.296493 -0.340746 -0.148767
v 0.312339 -0.339478 -0.160161
v 0.322740 -0.340809 -0.176732
v 0.327377 -0.345354 -0.200725
v 0.325624 -0.351509 -0.224744
v 0.317218 -0.357580 -0.241388
v 0.302748 -0.363953 -0.252900
v 0.282305 -0.370507 -0.258867
v 0.252890 -0.377920 -0.258982
v 0.231740 -0.381850 -0.253177
v 0.215894 -0.383118 -0.241783
v 0.205493 -0.381787 -0.225213
v 0.112326 -0.042868 -0.295396
v 0.112169 -0.033760 -0.277587
v 0.117458 -0.024697 -0.265710
v 0.127613 -0.015116 -0.258054
v 0.142591 -0.005198 -0.254920
v 0.164661 0.006097 -0.256733
v 0.180892 0.012150 -0.262430
v 0.193484 0.014211 -0.271954
v 0.202307 0.012369 -0.284990
v 0.207259 0.005715 -0.303193
v 0.207416 -0.003394 -0.321003
v 0.202128 -0.012457 -0.332880
v 0.191973 -0.022038 -0.340536
v 0.176995 -0.031956 -0.343670
v 0.154924 -0.043251 -0.341857
v 0.138693 -0.049304 -0.336160
v 0.126101 -0.051364 -0.326636
v 0.117278 -0.049523 -0.313600
v 0.112326 -0.042868 -0.295396
v 0.125348 -0.052314 -0.289385
v 0.125245 -0.044468 -0.274077
v 0.129884 -0.036629 -0.263874
v 0.138763 -0.028316 -0.257304
v 0.151844 -0.019685 -0.254627
v 0.171107 -0.009826 -0.256209
v 0.185266 -0.004518 -0.261124
v 0.196240 -0.002670 -0.269324
v 0.203918 -0.004206 -0.280539
v 0.208207 -0.009910 -0.296190
v 0.208310 -0.017757 -0.311498
v 0.203671 -0.025596 -0.321701
v 0.194792 -0.033909 -0.328271
v 0.181710 -0.042540 -0.330948
v 0.162447 -0.052398 -0.329366
v 0.148289 -0.057707 -0.324452
v 0.137314 -0.059555 -0.316251
v 0.129637 -0.058019 -0.305037
v 0.125348 -0.052314 -0.289385
v 0.166777 -0.031112 -0.292788
v 0.125348 -0.052314 -0.289385
v 0.125245 -0.044468 -0.274077
v 0.129884 -0.036629 -0.263874
v 0.138763 -0.028316 -0.257304
v 0.151844 -0.019685 -0.254627
v 0.171107 -0.009826 -0.256209
v 0.185266 -0.004518 -0.261124
v 0.196240 -0.002670 -0.269324
v 0.203918 -0.004206 -0.280539
v 0.208207 -0.009910 -0.296190
v 0.208310 -0.017757 -0.311498
v 0.203671 -0.025596 -0.321701
v 0.194792 -0.033909 -0.328271
v 0.181710 -0.042540 -0.330948
v 0.162447 -0.052398 -0.329366
v 0.148289 -0.057707 -0.324452
v 0.137314 -0.059555 -0.316251
v 0.129637 -0.058019 -0.305037
vt 0.000000 0.000000
vt 0.055556 0.000000
vt 0.111111 0.000000
vt 0.166667 0.000000
vt 0.222222 0.000000
vt 0.277778 0.000000
vt 0.333333 0.000000
vt 0.388889 0.000000
vt 0.444444 0.000000
vt 0.500000 0.000000
vt 0.555556 0.000000
vt 0.611111 0.000000
vt 0.666667 0.000000
vt 0.722222 0.000000
vt 0.777778 0.000000
vt 0.833333 0.000000
vt 0.888889 0.000000
vt 0.944444 0.000000
vt 1.000000 0.000000
vt 0.000000 0.052547
vt 0.055556 0.052547
vt 0.111111 0.052547
vt 0.166667 0.052547
vt 0.222222 0.052547
vt 0.277778 0.052547
vt 0.333333 0.052547
vt 0.388889 0.052547
vt 0.444444 0.052547
vt 0.500000 0.052547
vt 0.555556 0.052547
vt 0.611111 0.052547
vt 0.666667 0.052547
vt 0.722222 0.052547
vt 0.777778 0.052547
vt 0.833333 0.052547
vt 0.888889 0.052547
vt 0.944444 0.052547
vt 1.000000 0.052547
vt 0.000000 0.105093
vt 0.055556 0.105093
vt 0.111111 0.105093
vt 0.166667 0.105093
vt 0.222222 0.105093
vt 0.277778 0.105093
vt 0.333333 0.105093
vt 0.388889 0.105093
vt 0.444444 0.105093
vt 0.500000 0.105093
vt 0.555556 0.105093
vt 0.611111 0.105093
vt 0.666667 0.105093
vt 0.722222 0.105093
vt 0.777778 0.105093
vt 0.833333 0.105093
vt 0.888889 0.105093
vt 0.944444 0.105093
vt 1.000000 0.105093
vt 0.000000 0.157640
vt 0.055556 0.157640
vt 0.111111 0.157640
vt 0.166667 0.157640
vt 0.222222 0.157640
vt 0.277778 0.157640
vt 0.333333 0.157640
vt 0.388889 0.157640
vt 0.444444 0.157640
vt 0.500000 0.157640
vt 0.555556 0.157640
vt 0.611111 0.157640
vt 0.666667 0.157640
vt 0.722222 0.157640
vt 0.777778 0.157640
vt 0.833333 0.157640
vt 0.888889 0.157640
vt 0.944444 0.157640
vt 1.000000 0.157640
vt 0.000000 0.210187
vt 0.055556 0.210187
vt 0.111111 0.210187
vt 0.166667 0.210187
vt 0.222222 0.210187
vt 0.277778 0.210187
vt 0.333333 0.210187
vt 0.388889 0.210187
vt 0.444444 0.210187
vt 0.500000 0.210187
vt 0.555556 0.210187
vt 0.611111 0.210187
vt 0.666667 0.210187
vt 0.722222 0.210187
vt 0.777778 0.210187
vt 0.833333 0.210187
vt 0.888889 0.210187
vt 0.944444 0.210187
vt 1.000000 0.210187
vt 0.000000 0.262733
vt 0.055556 0.262733
vt 0.111111 0.262733
vt 0.166667 0.262733
vt 0.222222 0.262733
vt 0.277778 0.262733
vt 0.333333 0.262733
vt 0.388889 0.262733
vt 0.444444 0.262733
vt 0.500000 0.262733
vt 0.555556 0.262733
vt 0.611111 0.262733
vt 0.666667 0.262733
vt 0.722222 0.262733
vt 0.777778 0.262733
vt 0.833333 0.262733
vt 0.888889 0.262733
vt 0.944444 0.262733
vt 1.000000 0.262733
vt 0.000000 0.315280
vt 0.055556 0.315280
vt 0.111111 0.315280
vt 0.166667 0.315280
vt 0.222222 0.315280
vt 0.277778 0.315280
vt 0.333333 0.315280
vt 0.388889 0.315280
vt 0.444444 0.315280
vt 0.500000 0.315280
vt 0.555556 0.315280
vt 0.611111 0.315280
vt 0.666667 0.315280
vt 0.722222 0.315280
vt 0.777778 0.315280
vt 0.833333 0.315280
vt 0.888889 0.315280
vt 0.944444 0.315280
vt 1.000000 0.315280
vt 0.000000 0.367826
vt 0.055556 0.367826
vt 0.111111 0.367826
vt 0.166667 0.367826
vt 0.222222 0.367826
vt 0.277778 0.367826
vt 0.333333 0.367826
vt 0.388889 0.367826
vt 0.444444 0.367826
vt 0.500000 0.367826
vt 0.555556 0.367826
vt 0.611111 0.367826
vt 0.666667 0.367826
vt 0.722222 0.367826
vt 0.777778 0.367826
vt 0.833333 0.367826
vt 0.888889 0.367826
vt 0.944444 0.367826
vt 1.000000 0.367826
vt 0.000000 0.420373
vt 0.055556 0.420373
vt 0.111111 0.420373
vt 0.166667 0.420373
vt 0.222222 0.420373
vt 0.277778 0.420373
vt 0.333333 0.420373
vt 0.388889 0.420373
vt 0.444444 0.420373
vt 0.500000 0.420373
vt 0.555556 0.420373
vt 0.611111 0.420373
vt 0.666667 0.420373
vt 0.722222 0.420373
vt 0.777778 0.420373
vt 0.833333 0.420373
vt 0.888889 0.420373
vt 0.944444 0.420373
vt 1.000000 0.420373
vt 0.000000 0.472920
vt 0.055556 0.472920
vt 0.111111 0.472920
vt 0.166667 0.472920
vt 0.222222 0.472920
vt 0.277778 0.472920
vt 0.333333 0.472920
vt 0.388889 0.472920
vt 0.444444 0.472920
vt 0.500000 0.472920
vt 0.555556 0.472920
vt 0.611111 0.472920
vt 0.666667 0.472920
vt 0.722222 0.472920
vt 0.777778 0.472920
vt 0.833333 0.472920
vt 0.888889 0.472920
vt 0.944444 0.472920
vt 1.000000 0.472920
vt 0.000000 0.525466
vt 0.055556 0.525466
vt 0.111111 0.525466
vt 0.166667 0.525466
vt 0.222222 0.525466
vt 0.277778 0.525466
vt 0.333333 0.525466
vt 0.388889 0.525466
vt 0.444444 0.525466
vt 0.500000 0.525466
vt 0.555556 0.525466
vt 0.611111 0.525466
vt 0.666667 0.525466
vt 0.722222 0.525466
vt 0.777778 0.525466
vt 0.833333 0.525466
vt 0.888889 0.525466
vt 0.944444 0.525466
vt 1.000000 0.525466
vt 0.000000 0.578013
vt 0.055556 0.578013
vt 0.111111 0.578013
vt 0.166667 0.578013
vt 0.222222 0.578013
vt 0.277778 0.578013
vt 0.333333 0.578013
vt 0.388889 0.578013
vt 0.444444 0.578013
vt 0.500000 0.578013
vt 0.555556 0.578013
vt 0.611111 0.578013
vt 0.666667 0.578013
vt 0.722222 0.578013
vt 0.777778 0.578013
vt 0.833333 0.578013
vt 0.888889 0.578013
vt 0.944444 0.578013
vt 1.000000 0.578013
vt 0.000000 0.630560
vt 0.055556 0.630560
vt 0.111111 0.630560
vt 0.166667 0.630560
vt 0.222222 0.630560
vt 0.277778 0.630560
vt 0.333333 0.630560
vt 0.388889 0.630560
vt 0.444444 0.630560
vt 0.500000 0.630560
vt 0.555556 0.630560
vt 0.611111 0.630560
vt 0.666667 0.630560
vt 0.722222 0.630560
vt 0.777778 0.630560
vt 0.833333 0.630560
vt 0.888889 0.630560
vt 0.944444 0.630560
vt 1.000000 0.630560
vt 0.000000 0.683090
vt 0.055556 0.683090
vt 0.111111 0.683090
vt 0.166667 0.683090
vt 0.222222 0.683090
vt 0.277778 0.683090
vt 0.333333 0.683090
vt 0.388889 0.683090
vt 0.444444 0.683090
vt 0.500000 0.683090
vt 0.555556 0.683090
vt 0.611111 0.683090
vt 0.666667 0.683090
vt 0.722222 0.683090
vt 0.777778 0.683090
vt 0.833333 0.683090
vt 0.888889 0.683090
vt 0.944444 0.683090
vt 1.000000 0.683090
vt 0.000000 0.725613
vt 0.055556 0.725613
vt 0.111111 0.725613
vt 0.166667 0.725613
vt 0.222222 0.725613
vt 0.277778 0.725613
vt 0.333333 0.725613
vt 0.388889 0.725613
vt 0.444444 0.725613
vt 0.500000 0.725613
vt 0.555556 0.725613
vt 0.611111 0.725613
vt 0.666667 0.725613
vt 0.722222 0.725613
vt 0.777778 0.725613
vt 0.833333 0.725613
vt 0.888889 0.725613
vt 0.944444 0.725613
vt 1.000000 0.725613
vt 0.000000 0.762143
vt 0.055556 0.762143
vt 0.111111 0.762143
vt 0.166667 0.762143
vt 0.222222 0.762143
vt 0.277778 0.762143
vt 0.333333 0.762143
vt 0.388889 0.762143
vt 0.444444 0.762143
vt 0.500000 0.762143
vt 0.555556 0.762143
vt 0.611111 0.762143
vt 0.666667 0.762143
vt 0.722222 0.762143
vt 0.777778 0.762143
vt 0.833333 0.762143
vt 0.888889 0.762143
vt 0.944444 0.762143
vt 1.000000 0.762143
vt 0.000000 0.802771
vt 0.055556 0.802771
vt 0.111111 0.802771
vt 0.166667 0.802771
vt 0.222222 0.802771
vt 0.277778 0.802771
vt 0.333333 0.802771
vt 0.388889 0.802771
vt 0.444444 0.802771
vt 0.500000 0.802771
vt 0.555556 0.802771
vt 0.611111 0.802771
vt 0.666667 0.802771
vt 0.722222 0.802771
vt 0.777778 0.802771
vt 0.833333 0.802771
vt 0.888889 0.802771
vt 0.944444 0.802771
vt 1.000000 0.802771
vt 0.000000 0.847233
vt 0.055556 0.847233
vt 0.111111 0.847233
vt 0.166667 0.847233
vt 0.222222 0.847233
vt 0.277778 0.847233
vt 0.333333 0.847233
vt 0.388889 0.847233
vt 0.444444 0.847233
vt 0.500000 0.847233
vt 0.555556 0.847233
vt 0.611111 0.847233
vt 0.666667 0.847233
vt 0.722222 0.847233
vt 0.777778 0.847233
vt 0.833333 0.847233
vt 0.888889 0.847233
vt 0.944444 0.847233
vt 1.000000 0.847233
vt 0.000000 0.895174
vt 0.055556 0.895174
vt 0.111111 0.895174
vt 0.166667 0.895174
vt 0.222222 0.895174
vt 0.277778 0.895174
vt 0.333333 0.895174
vt 0.388889 0.895174
vt 0.444444 0.895174
vt 0.500000 0.895174
vt 0.555556 0.895174
vt 0.611111 0.895174
vt 0.666667 0.895174
vt 0.722222 0.895174
vt 0.777778 0.895174
vt 0.833333 0.895174
vt 0.888889 0.895174
vt 0.944444 0.895174
vt 1.000000 0.895174
vt 0.000000 0.946193
vt 0.055556 0.946193
vt 0.111111 0.946193
vt 0.166667 0.946193
vt 0.222222 0.946193
vt 0.277778 0.946193
vt 0.333333 0.946193
vt 0.388889 0.946193
vt 0.444444 0.946193
vt 0.500000 0.946193
vt 0.555556 0.946193
vt 0.611111 0.946193
vt 0.666667 0.946193
vt 0.722222 0.946193
vt 0.777778 0.946193
vt 0.833333 0.946193
vt 0.888889 0.946193
vt 0.944444 0.946193
vt 1.000000 0.946193
vt 0.000000 1.000000
vt 0.055556 1.000000
vt 0.111111 1.000000
vt 0.166667 1.000000
vt 0.222222 1.000000
vt 0.277778 1.000000
vt 0.333333 1.000000
vt 0.388889 1.000000
vt 0.444444 1.000000
vt 0.500000 1.000000
vt 0.555556 1.000000
vt 0.611111 1.000000
vt 0.666667 1.000000
vt 0.722222 1.000000
vt 0.777778 1.000000
vt 0.833333 1.000000
vt 0.888889 1.000000
vt 0.944444 1.000000
vt 1.000000 1.000000
vt 0.500000 0.500000
vt 0.950000 0.500000
vt 0.922862 0.653909
vt 0.844720 0.789254
vt 0.725000 0.889711
vt 0.578142 0.943163
vt 0.421858 0.943163
vt 0.275000 0.889711
vt 0.155280 0.789254
vt 0.077138 0.653909
vt 0.050000 0.500000
vt 0.077138 0.346091
vt 0.155280 0.210746
vt 0.275000 0.110289
vt 0.421858 0.056837
vt 0.578142 0.056837
vt 0.725000 0.110289
vt 0.844720 0.210746
vt 0.922862 0.346091
vt 0.000000 0.990000
vt 0.055556 0.990000
vt 0.111111 0.990000
vt 0.166667 0.990000
vt 0.222222 0.990000
vt 0.277778 0.990000
vt 0.333333 0.990000
vt 0.388889 0.990000
vt 0.444444 0.990000
vt 0.500000 0.990000
vt 0.555556 0.990000
vt 0.611111 0.990000
vt 0.666667 0.990000
vt 0.722222 0.990000
vt 0.777778 0.990000
vt 0.833333 0.990000
vt 0.888889 0.990000
vt 0.944444 0.990000
vt 1.000000 0.990000
vt 0.000000 0.920000
vt 0.055556 0.920000
vt 0.111111 0.920000
vt 0.166667 0.920000
vt 0.222222 0.920000
vt 0.277778 0.920000
vt 0.333333 0.920000
vt 0.388889 0.920000
vt 0.444444 0.920000
vt 0.500000 0.920000
vt 0.555556 0.920000
vt 0.611111 0.920000
vt 0.666667 0.920000
vt 0.722222 0.920000
vt 0.777778 0.920000
vt 0.833333 0.920000
vt 0.888889 0.920000
vt 0.944444 0.920000
vt 1.000000 0.920000
vt 0.500000 0.500000
vt 0.950000 0.500000
vt 0.922862 0.653909
vt 0.844720 0.789254
vt 0.725000 0.889711
vt 0.578142 0.943163
vt 0.421858 0.943163
vt 0.275000 0.889711
vt 0.155280 0.789254
vt 0.077138 0.653909
vt 0.050000 0.500000
vt 0.077138 0.346091
vt 0.155280 0.210746
vt 0.275000 0.110289
vt 0.421858 0.056837
vt 0.578142 0.056837
vt 0.725000 0.110289
vt 0.844720 0.210746
vt 0.922862 0.346091
vn -0.972255 -0.233839 -0.006291
vn -0.945799 -0.157847 0.283811
vn -0.945790 -0.157836 0.283848
vn -0.972255 -0.233839 -0.006291
vn -0.769456 -0.028935 0.638044
vn -0.769415 -0.028912 0.638095
vn -0.474989 0.100996 0.874177
vn -0.474943 0.101013 0.874200
vn -0.173134 0.197939 0.964803
vn -0.173118 0.197944 0.964805
vn 0.051553 0.254570 0.965679
vn 0.051537 0.254566 0.965681
vn 0.363953 0.312444 0.877449
vn 0.363904 0.312437 0.877472
vn 0.686550 0.338038 0.643723
vn 0.686502 0.338038 0.643774
vn 0.905520 0.308761 0.291033
vn 0.905506 0.308766 0.291070
vn 0.966961 0.254923 0.001274
vn 0.966961 0.254923 0.001274
vn 0.940360 0.179505 -0.288965
vn 0.940351 0.179494 -0.289002
vn 0.763863 0.051207 -0.643343
vn 0.763822 0.051185 -0.643394
vn 0.469486 -0.079080 -0.879392
vn 0.469439 -0.079097 -0.879415
vn 0.167819 -0.176773 -0.969839
vn 0.167803 -0.176777 -0.969841
vn -0.056868 -0.233403 -0.970716
vn -0.056852 -0.233400 -0.970717
vn -0.369456 -0.290527 -0.882664
vn -0.369407 -0.290520 -0.882687
vn -0.692143 -0.315766 -0.649023
vn -0.692095 -0.315766 -0.649073
vn -0.910959 -0.287103 -0.296186
vn -0.910945 -0.287108 -0.296223
vn -0.945771 -0.157813 0.283922
vn -0.972255 -0.233839 -0.006291
vn -0.769332 -0.028867 0.638197
vn -0.474850 0.101047 0.874246
vn -0.173087 0.197952 0.964809
vn 0.051506 0.254559 0.965685
vn 0.363806 0.312423 0.877518
vn 0.686407 0.338038 0.643875
vn 0.905479 0.308777 0.291144
vn 0.966961 0.254923 0.001274
vn 0.940332 0.179472 -0.289076
vn 0.763739 0.051140 -0.643496
vn 0.469347 -0.079131 -0.879461
vn 0.167772 -0.176786 -0.969845
vn -0.056821 -0.233393 -0.970721
vn -0.369309 -0.290507 -0.882733
vn -0.692000 -0.315766 -0.649175
vn -0.910918 -0.287119 -0.296297
vn -0.945753 -0.157790 0.283997
vn -0.972255 -0.233839 -0.006291
vn -0.769248 -0.028822 0.638299
vn -0.474757 0.101082 0.874293
vn -0.173056 0.197961 0.964812
vn 0.051474 0.254552 0.965688
vn 0.363707 0.312409 0.877564
vn 0.686311 0.338039 0.643977
vn 0.905451 0.308788 0.291218
vn 0.966961 0.254923 0.001274
vn 0.940314 0.179449 -0.289151
vn 0.763656 0.051094 -0.643599
vn 0.469253 -0.079166 -0.879508
vn 0.167741 -0.176795 -0.969849
vn -0.056789 -0.233386 -0.970724
vn -0.369210 -0.290493 -0.882779
vn -0.691904 -0.315766 -0.649277
vn -0.910890 -0.287129 -0.296372
vn -0.945734 -0.157768 0.284072
vn -0.972255 -0.233839 -0.006291
vn -0.769164 -0.028776 0.638403
vn -0.474662 0.101116 0.874340
vn -0.173025 0.197970 0.964816
vn 0.051443 0.254545 0.965692
vn 0.363607 0.312394 0.877610
vn 0.686215 0.338039 0.644080
vn 0.905423 0.308799 0.291293
vn 0.966961 0.254923 0.001274
vn 0.940295 0.179427 -0.289226
vn 0.763571 0.051048 -0.643702
vn 0.469159 -0.079201 -0.879555
vn 0.167710 -0.176804 -0.969852
vn -0.056758 -0.233379 -0.970728
vn -0.369110 -0.290479 -0.882825
vn -0.691808 -0.315766 -0.649380
vn -0.910862 -0.287140 -0.296447
vn -0.945715 -0.157745 0.284148
vn -0.972255 -0.233838 -0.006291
vn -0.769079 -0.028730 0.638507
vn -0.474567 0.101151 0.874388
vn -0.172993 0.197978 0.964820
vn 0.051411 0.254537 0.965695
vn 0.363506 0.312380 0.877657
vn 0.686117 0.338039 0.644184
vn 0.905395 0.308810 0.291369
vn 0.966961 0.254923 0.001274
vn 0.940276 0.179404 -0.289302
vn 0.763487 0.051002 -0.643807
vn 0.469064 -0.079236 -0.879602
vn 0.167679 -0.176813 -0.969856
vn -0.056726 -0.233372 -0.970732
vn -0.369010 -0.290465 -0.882871
vn -0.691710 -0.315767 -0.649483
vn -0.910834 -0.287151 -0.296523
vn -0.945696 -0.157722 0.284225
vn -0.972255 -0.233838 -0.006291
vn -0.768994 -0.028683 0.638612
vn -0.474472 0.101187 0.874436
vn -0.172962 0.197987 0.964824
vn 0.051379 0.254530 0.965699
vn 0.363405 0.312366 0.877704
vn 0.686019 0.338039 0.644288
vn 0.905367 0.308822 0.291445
vn 0.966961 0.254923 0.001274
vn 0.940257 0.179381 -0.289378
vn 0.763401 0.050956 -0.643912
vn 0.468969 -0.079272 -0.879650
vn 0.167647 -0.176822 -0.969860
vn -0.056693 -0.233365 -0.970735
vn -0.368908 -0.290451 -0.882918
vn -0.691612 -0.315767 -0.649587
vn -0.910806 -0.287162 -0.296599
vn -0.945676 -0.157698 0.284302
vn -0.972255 -0.233838 -0.006291
vn -0.768908 -0.028637 0.638718
vn -0.474376 0.101222 0.874484
vn -0.172930 0.197996 0.964828
vn 0.051346 0.254523 0.965703
vn 0.363303 0.312351 0.877751
vn 0.685921 0.338039 0.644393
vn 0.905338 0.308833 0.291522
vn 0.966961 0.254923 0.001274
vn 0.940237 0.179358 -0.289455
vn 0.763315 0.050909 -0.644017
vn 0.468873 -0.079308 -0.879698
vn 0.167615 -0.176831 -0.969864
vn -0.056661 -0.233358 -0.970739
vn -0.368806 -0.290437 -0.882966
vn -0.691514 -0.315767 -0.649692
vn -0.910777 -0.287173 -0.296676
vn -0.945657 -0.157675 0.284379
vn -0.972255 -0.233838 -0.006291
vn -0.768821 -0.028589 0.638824
vn -0.474279 0.101258 0.874532
vn -0.172898 0.198005 0.964832
vn 0.051314 0.254515 0.965706
vn 0.363201 0.312337 0.877799
vn 0.685821 0.338040 0.644499
vn 0.905309 0.308844 0.291599
vn 0.966960 0.254923 0.001274
vn 0.940218 0.179335 -0.289533
vn 0.763228 0.050862 -0.644124
vn 0.468776 -0.079344 -0.879746
vn 0.167583 -0.176840 -0.969868
vn -0.056628 -0.233350 -0.970742
vn -0.368704 -0.290423 -0.883013
vn -0.691414 -0.315767 -0.649798
vn -0.910749 -0.287184 -0.296753
vn -0.945637 -0.157651 0.284457
vn -0.972255 -0.233838 -0.006291
vn -0.768734 -0.028542 0.638932
vn -0.474181 0.101293 0.874581
vn -0.172865 0.198014 0.964836
vn 0.051281 0.254508 0.965710
vn 0.363098 0.312322 0.877847
vn 0.685721 0.338040 0.644605
vn 0.905280 0.308856 0.291677
vn 0.966960 0.254923 0.001274
vn 0.940198 0.179312 -0.289611
vn 0.763141 0.050814 -0.644231
vn 0.468679 -0.079380 -0.879795
vn 0.167551 -0.176849 -0.969872
vn -0.056596 -0.233343 -0.970746
vn -0.368600 -0.290408 -0.883061
vn -0.691314 -0.315767 -0.649905
vn -0.910720 -0.287195 -0.296831
vn -0.945618 -0.157627 0.284536
vn -0.972255 -0.233838 -0.006291
vn -0.768646 -0.028494 0.639040
vn -0.474083 0.101330 0.874630
vn -0.172833 0.198023 0.964840
vn 0.051248 0.254500 0.965714
vn 0.362994 0.312307 0.877895
vn 0.685620 0.338040 0.644712
vn 0.905251 0.308867 0.291756
vn 0.966960 0.254923 0.001274
vn 0.940178 0.179288 -0.289690
vn 0.763053 0.050767 -0.644339
vn 0.468580 -0.079416 -0.879844
vn 0.167518 -0.176858 -0.969876
vn -0.056562 -0.233336 -0.970750
vn -0.368496 -0.290394 -0.883109
vn -0.691213 -0.315768 -0.650012
vn -0.910691 -0.287206 -0.296910
vn -0.945598 -0.157603 0.284615
vn -0.972255 -0.233838 -0.006291
vn -0.768557 -0.028446 0.639148
vn -0.473984 0.101366 0.874679
vn -0.172800 0.198032 0.964844
vn 0.051215 0.254493 0.965718
vn 0.362889 0.312292 0.877944
vn 0.685518 0.338040 0.644820
vn 0.905222 0.308879 0.291835
vn 0.966960 0.254923 0.001274
vn 0.940159 0.179265 -0.289769
vn 0.762964 0.050719 -0.644448
vn 0.468482 -0.079453 -0.879893
vn 0.167485 -0.176868 -0.969880
vn -0.056529 -0.233328 -0.970753
vn -0.368392 -0.290379 -0.883158
vn -0.691111 -0.315768 -0.650120
vn -0.910661 -0.287217 -0.296989
vn -0.945560 -0.157529 0.284783
vn -0.972267 -0.233792 -0.006241
vn -0.768404 -0.028353 0.639337
vn -0.473795 0.101430 0.874774
vn -0.172685 0.198045 0.964862
vn 0.051252 0.254473 0.965721
vn 0.362831 0.312247 0.877984
vn 0.685427 0.338002 0.644938
vn 0.905185 0.308862 0.291966
vn 0.966964 0.254909 0.001339
vn 0.940167 0.179249 -0.289751
vn 0.762943 0.050698 -0.644475
vn 0.468468 -0.079452 -0.879900
vn 0.167524 -0.176835 -0.969879
vn -0.056439 -0.233275 -0.970772
vn -0.368258 -0.290316 -0.883234
vn -0.691020 -0.315720 -0.650240
vn -0.910658 -0.287180 -0.297035
vn -0.945467 -0.155556 0.286171
vn -0.972686 -0.232060 -0.005579
vn -0.767572 -0.025859 0.640440
vn -0.472709 0.104460 0.875005
vn -0.172015 0.201470 0.964272
vn 0.051473 0.258262 0.964703
vn 0.362332 0.316526 0.876657
vn 0.684153 0.342522 0.643905
vn 0.903756 0.313180 0.291792
vn 0.965943 0.258751 0.001519
vn 0.939775 0.182693 -0.288869
vn 0.763474 0.053372 -0.643630
vn 0.469547 -0.077490 -0.879500
vn 0.168529 -0.175195 -0.970002
vn -0.055645 -0.231535 -0.971234
vn -0.367918 -0.288371 -0.884013
vn -0.691379 -0.313752 -0.650811
vn -0.911346 -0.285284 -0.296752
vn -0.947307 -0.142653 0.286810
vn -0.974363 -0.224928 -0.004966
vn -0.770971 -0.001534 0.636869
vn -0.479084 0.140046 0.866525
vn -0.181773 0.244967 0.952339
vn 0.039351 0.307031 0.950886
vn 0.347214 0.371864 0.860906
vn 0.666906 0.401122 0.627963
vn 0.887035 0.368522 0.278137
vn 0.951279 0.308164 -0.010129
vn 0.927790 0.225467 -0.297271
vn 0.756341 0.084112 -0.648747
vn 0.467185 -0.059233 -0.882173
vn 0.168656 -0.165098 -0.971750
vn -0.054886 -0.223954 -0.973053
vn -0.367525 -0.281997 -0.886230
vn -0.692437 -0.308354 -0.652264
vn -0.913327 -0.279476 -0.296189
vn -0.950284 -0.133124 0.281492
vn -0.972852 -0.231361 -0.005551
vn -0.782019 0.034350 0.622307
vn -0.498424 0.199308 0.843712
vn -0.207180 0.318992 0.924835
vn 0.010227 0.389616 0.920920
vn 0.313402 0.464844 0.828070
vn 0.630277 0.499416 0.594420
vn 0.851902 0.461590 0.247383
vn 0.919270 0.391834 -0.037541
vn 0.899314 0.297487 -0.320525
vn 0.735274 0.133632 -0.664465
vn 0.455235 -0.034947 -0.889685
vn 0.163978 -0.160168 -0.973374
vn -0.055709 -0.228804 -0.971877
vn -0.364584 -0.295708 -0.882969
vn -0.687435 -0.326895 -0.648516
vn -0.909374 -0.294345 -0.293937
vn -0.948685 -0.148804 0.279024
vn -0.965132 -0.261758 -0.001978
vn -0.790061 0.042487 0.611554
vn -0.515718 0.230327 0.825218
vn -0.231170 0.366852 0.901099
vn -0.018014 0.447610 0.894047
vn 0.280292 0.533720 0.797859
vn 0.595035 0.573587 0.562966
vn 0.819063 0.530785 0.217723
vn 0.890105 0.451241 -0.063993
vn 0.874082 0.343625 -0.343370
vn 0.717027 0.157312 -0.679062
vn 0.445623 -0.034423 -0.894558
vn 0.162349 -0.177803 -0.970582
vn -0.052308 -0.257579 -0.964840
vn -0.355503 -0.335768 -0.872283
vn -0.674465 -0.372193 -0.637628
vn -0.897520 -0.334975 -0.286791
vn -0.800095 -0.444304 0.403040
vn -0.810195 -0.571009 0.132412
vn -0.653383 -0.231382 0.720800
vn -0.398141 -0.011580 0.917251
vn -0.132420 0.156922 0.978693
vn 0.070946 0.252810 0.964911
vn 0.362167 0.344435 0.866141
vn 0.671161 0.385482 0.633203
vn 0.892127 0.343717 0.293203
vn 0.965740 0.258843 0.018626
vn 0.960524 0.128566 -0.246708
vn 0.821472 -0.089588 -0.563167
vn 0.565705 -0.304513 -0.766322
vn 0.294283 -0.465490 -0.834696
vn 0.090769 -0.564509 -0.820421
vn -0.195663 -0.670804 -0.715359
vn -0.504408 -0.719298 -0.477685
vn -0.731843 -0.667242 -0.138540
vn -0.825358 -0.414230 0.383663
vn -0.830831 -0.544527 0.114938
vn -0.686214 -0.192427 0.701486
vn -0.433867 0.037594 0.900192
vn -0.166207 0.213801 0.962634
vn 0.039341 0.315107 0.948240
vn 0.333864 0.414362 0.846664
vn 0.647310 0.459236 0.608352
vn 0.871602 0.413314 0.263593
vn 0.946556 0.322303 -0.012393
vn 0.942131 0.186111 -0.278839
vn 0.803377 -0.042915 -0.593923
vn 0.547526 -0.269408 -0.792234
vn 0.276051 -0.437751 -0.855669
vn 0.071751 -0.538866 -0.839330
vn -0.216108 -0.645268 -0.732753
vn -0.524834 -0.693234 -0.493940
vn -0.751666 -0.641013 -0.155241
vn -0.979943 -0.039320 0.195361
vn -0.983154 -0.172707 -0.059840
vn -0.849154 0.184213 0.494978
vn -0.605092 0.399955 0.688404
vn -0.342379 0.556607 0.756945
vn -0.143726 0.651769 0.744674
vn 0.133998 0.755760 0.640992
vn 0.432181 0.803600 0.409202
vn 0.654530 0.751518 0.082533
vn 0.732337 0.656729 -0.179973
vn 0.721117 0.533904 -0.441517
vn 0.581153 0.321679 -0.747519
vn 0.338982 0.098682 -0.935603
vn 0.083674 -0.072031 -0.993886
vn -0.114400 -0.165372 -0.979574
vn -0.397793 -0.251573 -0.882310
vn -0.696545 -0.291233 -0.655750
vn -0.910821 -0.253243 -0.325996
vn -0.989095 0.080442 0.123372
vn -0.991986 -0.052030 -0.115141
vn -0.866275 0.298421 0.400639
vn -0.639157 0.504100 0.580828
vn -0.394162 0.652804 0.646903
vn -0.209003 0.744483 0.634084
vn 0.048100 0.845554 0.531719
vn 0.325724 0.892316 0.312532
vn 0.538935 0.842311 0.007895
vn 0.617166 0.749978 -0.237988
vn 0.604810 0.631927 -0.484637
vn 0.472188 0.428867 -0.770137
vn 0.249174 0.213385 -0.944658
vn 0.014229 0.045649 -0.998856
vn -0.170662 -0.044815 -0.984310
vn -0.436872 -0.124492 -0.890868
vn -0.717570 -0.160970 -0.677630
vn -0.921336 -0.127557 -0.367246
vn 0.237314 -0.945049 0.224866
vn 0.237314 -0.945049 0.224866
vn 0.237314 -0.945049 0.224866
vn 0.237314 -0.945049 0.224866
vn 0.237314 -0.945049 0.224866
vn 0.237314 -0.945049 0.224866
vn 0.237314 -0.945049 0.224866
vn 0.237314 -0.945049 0.224866
vn 0.237314 -0.945049 0.224866
vn 0.237314 -0.945049 0.224866
vn 0.237314 -0.945049 0.224866
vn 0.237314 -0.945049 0.224866
vn 0.237314 -0.945049 0.224866
vn 0.237314 -0.945049 0.224866
vn 0.237314 -0.945049 0.224866
vn 0.237314 -0.945049 0.224866
vn 0.237314 -0.945049 0.224866
vn 0.237314 -0.945049 0.224866
vn 0.237314 -0.945049 0.224866
vn -0.638090 -0.734502 0.230973
vn -0.638090 -0.734502 0.230973
vn -0.628151 -0.609389 0.483810
vn -0.628151 -0.609389 0.483810
vn -0.494357 -0.395964 0.773837
vn -0.494357 -0.395964 0.773837
vn -0.269162 -0.173074 0.947416
vn -0.269162 -0.173074 0.947416
vn -0.034314 -0.000837 0.999411
vn -0.034314 -0.000837 0.999411
vn 0.149706 0.093757 0.984275
vn 0.149706 0.093757 0.984275
vn 0.417062 0.179641 0.890948
vn 0.417062 0.179641 0.890948
vn 0.704247 0.219994 0.675010
vn 0.704247 0.219994 0.675010
vn 0.916170 0.184035 0.356038
vn 0.916170 0.184035 0.356038
vn 0.990165 0.101881 0.095880
vn 0.990165 0.101881 0.095880
vn 0.988008 -0.038218 -0.149601
vn 0.988008 -0.038218 -0.149601
vn 0.861637 -0.266475 -0.431941
vn 0.861637 -0.266475 -0.431941
vn 0.630760 -0.479773 -0.609885
vn 0.630760 -0.479773 -0.609885
vn 0.385712 -0.633327 -0.670913
vn 0.385712 -0.633327 -0.670913
vn 0.201878 -0.727687 -0.655528
vn 0.201878 -0.727687 -0.655528
vn -0.054814 -0.831675 -0.552550
vn -0.054814 -0.831675 -0.552550
vn -0.336118 -0.881370 -0.331981
vn -0.336118 -0.881370 -0.331981
vn -0.555825 -0.831029 -0.021178
vn -0.555825 -0.831029 -0.021178
vn 0.441755 -0.797148 0.411592
vn 0.441755 -0.797148 0.411592
vn 0.441755 -0.797148 0.411592
vn 0.441755 -0.797148 0.411592
vn 0.441755 -0.797148 0.411592
vn 0.441755 -0.797148 0.411592
vn 0.441755 -0.797148 0.411592
vn 0.441755 -0.797148 0.411592
vn 0.441755 -0.797148 0.411592
vn 0.441755 -0.797148 0.411592
vn 0.441755 -0.797148 0.411592
vn 0.441755 -0.797148 0.411592
vn 0.441755 -0.797148 0.411592
vn 0.441755 -0.797148 0.411592
vn 0.441755 -0.797148 0.411592
vn 0.441755 -0.797148 0.411592
vn 0.441755 -0.797148 0.411592
vn 0.441755 -0.797148 0.411592
vn 0.441755 -0.797148 0.411592
f 3677/3677/3480 3678/3678/3481 3697/3697/3482 3696/3696/3483
f 3678/3678/3481 3679/3679/3484 3698/3698/3485 3697/3697/3482
f 3679/3679/3484 3680/3680/3486 3699/3699/3487 3698/3698/3485
f 3680/3680/3486 3681/3681/3488 3700/3700/3489 3699/3699/3487
f 3681/3681/3488 3682/3682/3490 3701/3701/3491 3700/3700/3489
f 3682/3682/3490 3683/3683/3492 3702/3702/3493 3701/3701/3491
f 3683/3683/3492 3684/3684/3494 3703/3703/3495 3702/3702/3493
f 3684/3684/3494 3685/3685/3496 3704/3704/3497 3703/3703/3495
f 3685/3685/3496 3686/3686/3498 3705/3705/3499 3704/3704/3497
f 3686/3686/3498 3687/3687/3500 3706/3706/3501 3705/3705/3499
f 3687/3687/3500 3688/3688/3502 3707/3707/3503 3706/3706/3501
f 3688/3688/3502 3689/3689/3504 3708/3708/3505 3707/3707/3503
f 3689/3689/3504 3690/3690/3506 3709/3709/3507 3708/3708/3505
f 3690/3690/3506 3691/3691/3508 3710/3710/3509 3709/3709/3507
f 3691/3691/3508 3692/3692/3510 3711/3711/3511 3710/3710/3509
f 3692/3692/3510 3693/3693/3512 3712/3712/3513 3711/3711/3511
f 3693/3693/3512 3694/3694/3514 3713/3713/3515 3712/3712/3513
f 3694/3694/3514 3695/3695/3480 3714/3714/3483 3713/3713/3515
f 3696/3696/3483 3697/3697/3482 3716/3716/3516 3715/3715/3517
f 3697/3697/3482 3698/3698/3485 3717/3717/3518 3716/3716/3516
f 3698/3698/3485 3699/3699/3487 3718/3718/3519 3717/3717/3518
f 3699/3699/3487 3700/3700/3489 3719/3719/3520 3718/3718/3519
f 3700/3700/3489 3701/3701/3491 3720/3720/3521 3719/3719/3520
f 3701/3701/3491 3702/3702/3493 3721/3721/3522 3720/3720/3521
f 3702/3702/3493 3703/3703/3495 3722/3722/3523 3721/3721/3522
f 3703/3703/3495 3704/3704/3497 3723/3723/3524 3722/3722/3523
f 3704/3704/3497 3705/3705/3499 3724/3724/3525 3723/3723/3524
f 3705/3705/3499 3706/3706/3501 3725/3725/3526 3724/3724/3525
f 3706/3706/3501 3707/3707/3503 3726/3726/3527 3725/3725/3526
f 3707/3707/3503 3708/3708/3505 3727/3727/3528 3726/3726/3527
f 3708/3708/3505 3709/3709/3507 3728/3728/3529 3727/3727/3528
f 3709/3709/3507 3710/3710/3509 3729/3729/3530 3728/3728/3529
f 3710/3710/3509 3711/3711/3511 3730/3730/3531 3729/3729/3530
f 3711/3711/3511 3712/3712/3513 3731/3731/3532 3730/3730/3531
f 3712/3712/3513 3713/3713/3515 3732/3732/3533 3731/3731/3532
f 3713/3713/3515 3714/3714/3483 3733/3733/3517 3732/3732/3533
f 3715/3715/3517 3716/3716/3516 3735/3735/3534 3734/3734/3535
f 3716/3716/3516 3717/3717/3518 3736/3736/3536 3735/3735/3534
f 3717/3717/3518 3718/3718/3519 3737/3737/3537 3736/3736/3536
f 3718/3718/3519 3719/3719/3520 3738/3738/3538 3737/3737/3537
f 3719/3719/3520 3720/3720/3521 3739/3739/3539 3738/3738/3538
f 3720/3720/3521 3721/3721/3522 3740/3740/3540 3739/3739/3539
f 3721/3721/3522 3722/3722/3523 3741/3741/3541 3740/3740/3540
f 3722/3722/3523 3723/3723/3524 3742/3742/3542 3741/3741/3541
f 3723/3723/3524 3724/3724/3525 3743/3743/3543 3742/3742/3542
f 3724/3724/3525 3725/3725/3526 3744/3744/3544 3743/3743/3543
f 3725/3725/3526 3726/3726/3527 3745/3745/3545 3744/3744/3544
f 3726/3726/3527 3727/3727/3528 3746/3746/3546 3745/3745/3545
f 3727/3727/3528 3728/3728/3529 3747/3747/3547 3746/3746/3546
f 3728/3728/3529 3729/3729/3530 3748/3748/3548 3747/3747/3547
f 3729/3729/3530 3730/3730/3531 3749/3749/3549 3748/3748/3548
f 3730/3730/3531 3731/3731/3532 3750/3750/3550 3749/3749/3549
f 3731/3731/3532 3732/3732/3533 3751/3751/3551 3750/3750/3550
f 3732/3732/3533 3733/3733/3517 3752/3752/3535 3751/3751/3551
f 3734/3734/3535 3735/3735/3534 3754/3754/3552 3753/3753/3553
f 3735/3735/3534 3736/3736/3536 3755/3755/3554 3754/3754/3552
f 3736/3736/3536 3737/3737/3537 3756/3756/3555 3755/3755/3554
f 3737/3737/3537 3738/3738/3538 3757/3757/3556 3756/3756/3555
f 3738/3738/3538 3739/3739/3539 3758/3758/3557 3757/3757/3556
f 3739/3739/3539 3740/3740/3540 3759/3759/3558 3758/3758/3557
f 3740/3740/3540 3741/3741/3541 3760/3760/3559 3759/3759/3558
f 3741/3741/3541 3742/3742/3542 3761/3761/3560 3760/3760/3559
f 3742/3742/3542 3743/3743/3543 3762/3762/3561 3761/3761/3560
f 3743/3743/3543 3744/3744/3544 3763/3763/3562 3762/3762/3561
f 3744/3744/3544 3745/3745/3545 3764/3764/3563 3763/3763/3562
f 3745/3745/3545 3746/3746/3546 3765/3765/3564 3764/3764/3563
f 3746/3746/3546 3747/3747/3547 3766/3766/3565 3765/3765/3564
f 3747/3747/3547 3748/3748/3548 3767/3767/3566 3766/3766/3565
f 3748/3748/3548 3749/3749/3549 3768/3768/3567 3767/3767/3566
f 3749/3749/3549 3750/3750/3550 3769/3769/3568 3768/3768/3567
f 3750/3750/3550 3751/3751/3551 3770/3770/3569 3769/3769/3568
f 3751/3751/3551 3752/3752/3535 3771/3771/3553 3770/3770/3569
f 3753/3753/3553 3754/3754/3552 3773/3773/3570 3772/3772/3571
f 3754/3754/3552 3755/3755/3554 3774/3774/3572 3773/3773/3570
f 3755/3755/3554 3756/3756/3555 3775/3775/3573 3774/3774/3572
f 3756/3756/3555 3757/3757/3556 3776/3776/3574 3775/3775/3573
f 3757/3757/3556 3758/3758/3557 3777/3777/3575 3776/3776/3574
f 3758/3758/3557 3759/3759/3558 3778/3778/3576 3777/3777/3575
f 3759/3759/3558 3760/3760/3559 3779/3779/3577 3778/3778/3576
f 3760/3760/3559 3761/3761/3560 3780/3780/3578 3779/3779/3577
f 3761/3761/3560 3762/3762/3561 3781/3781/3579 3780/3780/3578
f 3762/3762/3561 3763/3763/3562 3782/3782/3580 3781/3781/3579
f 3763/3763/3562 3764/3764/3563 3783/3783/3581 3782/3782/3580
f 3764/3764/3563 3765/3765/3564 3784/3784/3582 3783/3783/3581
f 3765/3765/3564 3766/3766/3565 3785/3785/3583 3784/3784/3582
f 3766/3766/3565 3767/3767/3566 3786/3786/3584 3785/3785/3583
f 3767/3767/3566 3768/3768/3567 3787/3787/3585 3786/3786/3584
f 3768/3768/3567 3769/3769/3568 3788/3788/3586 3787/3787/3585
f 3769/3769/3568 3770/3770/3569 3789/3789/3587 3788/3788/3586
f 3770/3770/3569 3771/3771/3553 3790/3790/3571 3789/3789/3587
f 3772/3772/3571 3773/3773/3570 3792/3792/3588 3791/3791/3589
f 3773/3773/3570 3774/3774/3572 3793/3793/3590 3792/3792/3588
f 3774/3774/3572 3775/3775/3573 3794/3794/3591 3793/3793/3590
f 3775/3775/3573 3776/3776/3574 3795/3795/3592 3794/3794/3591
f 3776/3776/3574 3777/3777/3575 3796/3796/3593 3795/3795/3592
f 3777/3777/3575 3778/3778/3576 3797/3797/3594 3796/3796/3593
f 3778/3778/3576 3779/3779/3577 3798/3798/3595 3797/3797/3594
f 3779/3779/3577 3780/3780/3578 3799/3799/3596 3798/3798/3595
f 3780/3780/3578 3781/3781/3579 3800/3800/3597 3799/3799/3596
f 3781/3781/3579 3782/3782/3580 3801/3801/3598 3800/3800/3597
f 3782/3782/3580 3783/3783/3581 3802/3802/3599 3801/3801/3598
f 3783/3783/3581 3784/3784/3582 3803/3803/3600 3802/3802/3599
f 3784/3784/3582 3785/3785/3583 3804/3804/3601 3803/3803/3600
f 3785/3785/3583 3786/3786/3584 3805/3805/3602 3804/3804/3601
f 3786/3786/3584 3787/3787/3585 3806/3806/3603 3805/3805/3602
f 3787/3787/3585 3788/3788/3586 3807/3807/3604 3806/3806/3603
f 3788/3788/3586 3789/3789/3587 3808/3808/3605 3807/3807/3604
f 3789/3789/3587 3790/3790/3571 3809/3809/3589 3808/3808/3605
f 3791/3791/3589 3792/3792/3588 3811/3811/3606 3810/3810/3607
f 3792/3792/3588 3793/3793/3590 3812/3812/3608 3811/3811/3606
f 3793/3793/3590 3794/3794/3591 3813/3813/3609 3812/3812/3608
f 3794/3794/3591 3795/3795/3592 3814/3814/3610 3813/3813/3609
f 3795/3795/3592 3796/3796/3593 3815/3815/3611 3814/3814/3610
f 3796/3796/3593 3797/3797/3594 3816/3816/3612 3815/3815/3611
f 3797/3797/3594 3798/3798/3595 3817/3817/3613 3816/3816/3612
f 3798/3798/3595 3799/3799/3596 3818/3818/3614 3817/3817/3613
f 3799/3799/3596 3800/3800/3597 3819/3819/3615 3818/3818/3614
f 3800/3800/3597 3801/3801/3598 3820/3820/3616 3819/3819/3615
f 3801/3801/3598 3802/3802/3599 3821/3821/3617 3820/3820/3616
f 3802/3802/3599 3803/3803/3600 3822/3822/3618 3821/3821/3617
f 3803/3803/3600 3804/3804/3601 3823/3823/3619 3822/3822/3618
f 3804/3804/3601 3805/3805/3602 3824/3824/3620 3823/3823/3619
f 3805/3805/3602 3806/3806/3603 3825/3825/3621 3824/3824/3620
f 3806/3806/3603 3807/3807/3604 3826/3826/3622 3825/3825/3621
f 3807/3807/3604 3808/3808/3605 3827/3827/3623 3826/3826/3622
f 3808/3808/3605 3809/3809/3589 3828/3828/3607 3827/3827/3623
f 3810/3810/3607 3811/3811/3606 3830/3830/3624 3829/3829/3625
f 3811/3811/3606 3812/3812/3608 3831/3831/3626 3830/3830/3624
f 3812/3812/3608 3813/3813/3609 3832/3832/3627 3831/3831/3626
f 3813/3813/3609 3814/3814/3610 3833/3833/3628 3832/3832/3627
f 3814/3814/3610 3815/3815/3611 3834/3834/3629 3833/3833/3628
f 3815/3815/3611 3816/3816/3612 3835/3835/3630 3834/3834/3629
f 3816/3816/3612 3817/3817/3613 3836/3836/3631 3835/3835/3630
f 3817/3817/3613 3818/3818/3614 3837/3837/3632 3836/3836/3631
f 3818/3818/3614 3819/3819/3615 3838/3838/3633 3837/3837/3632
f 3819/3819/3615 3820/3820/3616 3839/3839/3634 3838/3838/3633
f 3820/3820/3616 3821/3821/3617 3840/3840/3635 3839/3839/3634
f 3821/3821/3617 3822/3822/3618 3841/3841/3636 3840/3840/3635
f 3822/3822/3618 3823/3823/3619 3842/3842/3637 3841/3841/3636
f 3823/3823/3619 3824/3824/3620 3843/3843/3638 3842/3842/3637
f 3824/3824/3620 3825/3825/3621 3844/3844/3639 3843/3843/3638
f 3825/3825/3621 3826/3826/3622 3845/3845/3640 3844/3844/3639
f 3826/3826/3622 3827/3827/3623 3846/3846/3641 3845/3845/3640
f 3827/3827/3623 3828/3828/3607 3847/3847/3625 3846/3846/3641
f 3829/3829/3625 3830/3830/3624 3849/3849/3642 3848/3848/3643
f 3830/3830/3624 3831/3831/3626 3850/3850/3644 3849/3849/3642
f 3831/3831/3626 3832/3832/3627 3851/3851/3645 3850/3850/3644
f 3832/3832/3627 3833/3833/3628 3852/3852/3646 3851/3851/3645
f 3833/3833/3628 3834/3834/3629 3853/3853/3647 3852/3852/3646
f 3834/3834/3629 3835/3835/3630 3854/3854/3648 3853/3853/3647
f 3835/3835/3630 3836/3836/3631 3855/3855/3649 3854/3854/3648
f 3836/3836/3631 3837/3837/3632 3856/3856/3650 3855/3855/3649
f 3837/3837/3632 3838/3838/3633 3857/3857/3651 3856/3856/3650
f 3838/3838/3633 3839/3839/3634 3858/3858/3652 3857/3857/3651
f 3839/3839/3634 3840/3840/3635 3859/3859/3653 3858/3858/3652
f 3840/3840/3635 3841/3841/3636 3860/3860/3654 3859/3859/3653
f 3841/3841/3636 3842/3842/3637 3861/3861/3655 3860/3860/3654
f 3842/3842/3637 3843/3843/3638 3862/3862/3656 3861/3861/3655
f 3843/3843/3638 3844/3844/3639 3863/3863/3657 3862/3862/3656
f 3844/3844/3639 3845/3845/3640 3864/3864/3658 3863/3863/3657
f 3845/3845/3640 3846/3846/3641 3865/3865/3659 3864/3864/3658
f 3846/3846/3641 3847/3847/3625 3866/3866/3643 3865/3865/3659
f 3848/3848/3643 3849/3849/3642 3868/3868/3660 3867/3867/3661
f 3849/3849/3642 3850/3850/3644 3869/3869/3662 3868/3868/3660
f 3850/3850/3644 3851/3851/3645 3870/3870/3663 3869/3869/3662
f 3851/3851/3645 3852/3852/3646 3871/3871/3664 3870/3870/3663
f 3852/3852/3646 3853/3853/3647 3872/3872/3665 3871/3871/3664
f 3853/3853/3647 3854/3854/3648 3873/3873/3666 3872/3872/3665
f 3854/3854/3648 3855/3855/3649 3874/3874/3667 3873/3873/3666
f 3855/3855/3649 3856/3856/3650 3875/3875/3668 3874/3874/3667
f 3856/3856/3650 3857/3857/3651 3876/3876/3669 3875/3875/3668
f 3857/3857/3651 3858/3858/3652 3877/3877/3670 3876/3876/3669
f 3858/3858/3652 3859/3859/3653 3878/3878/3671 3877/3877/3670
f 3859/3859/3653 3860/3860/3654 3879/3879/3672 3878/3878/3671
f 3860/3860/3654 3861/3861/3655 3880/3880/3673 3879/3879/3672
f 3861/3861/3655 3862/3862/3656 3881/3881/3674 3880/3880/3673
f 3862/3862/3656 3863/3863/3657 3882/3882/3675 3881/3881/3674
f 3863/3863/3657 3864/3864/3658 3883/3883/3676 3882/3882/3675
f 3864/3864/3658 3865/3865/3659 3884/3884/3677 3883/3883/3676
f 3865/3865/3659 3866/3866/3643 3885/3885/3661 3884/3884/3677
f 3867/3867/3661 3868/3868/3660 3887/3887/3678 3886/3886/3679
f 3868/3868/3660 3869/3869/3662 3888/3888/3680 3887/3887/3678
f 3869/3869/3662 3870/3870/3663 3889/3889/3681 3888/3888/3680
f 3870/3870/3663 3871/3871/3664 3890/3890/3682 3889/3889/3681
f 3871/3871/3664 3872/3872/3665 3891/3891/3683 3890/3890/3682
f 3872/3872/3665 3873/3873/3666 3892/3892/3684 3891/3891/3683
f 3873/3873/3666 3874/3874/3667 3893/3893/3685 3892/3892/3684
f 3874/3874/3667 3875/3875/3668 3894/3894/3686 3893/3893/3685
f 3875/3875/3668 3876/3876/3669 3895/3895/3687 3894/3894/3686
f 3876/3876/3669 3877/3877/3670 3896/3896/3688 3895/3895/3687
f 3877/3877/3670 3878/3878/3671 3897/3897/3689 3896/3896/3688
f 3878/3878/3671 3879/3879/3672 3898/3898/3690 3897/3897/3689
f 3879/3879/3672 3880/3880/3673 3899/3899/3691 3898/3898/3690
f 3880/3880/3673 3881/3881/3674 3900/3900/3692 3899/3899/3691
f 3881/3881/3674 3882/3882/3675 3901/3901/3693 3900/3900/3692
f 3882/3882/3675 3883/3883/3676 3902/3902/3694 3901/3901/3693
f 3883/3883/3676 3884/3884/3677 3903/3903/3695 3902/3902/3694
f 3884/3884/3677 3885/3885/3661 3904/3904/3679 3903/3903/3695
f 3886/3886/3679 3887/3887/3678 3906/3906/3696 3905/3905/3697
f 3887/3887/3678 3888/3888/3680 3907/3907/3698 3906/3906/3696
f 3888/3888/3680 3889/3889/3681 3908/3908/3699 3907/3907/3698
f 3889/3889/3681 3890/3890/3682 3909/3909/3700 3908/3908/3699
f 3890/3890/3682 3891/3891/3683 3910/3910/3701 3909/3909/3700
f 3891/3891/3683 3892/3892/3684 3911/3911/3702 3910/3910/3701
f 3892/3892/3684 3893/3893/3685 3912/3912/3703 3911/3911/3702
f 3893/3893/3685 3894/3894/3686 3913/3913/3704 3912/3912/3703
f 3894/3894/3686 3895/3895/3687 3914/3914/3705 3913/3913/3704
f 3895/3895/3687 3896/3896/3688 3915/3915/3706 3914/3914/3705
f 3896/3896/3688 3897/3897/3689 3916/3916/3707 3915/3915/3706
f 3897/3897/3689 3898/3898/3690 3917/3917/3708 3916/3916/3707
f 3898/3898/3690 3899/3899/3691 3918/3918/3709 3917/3917/3708
f 3899/3899/3691 3900/3900/3692 3919/3919/3710 3918/3918/3709
f 3900/3900/3692 3901/3901/3693 3920/3920/3711 3919/3919/3710
f 3901/3901/3693 3902/3902/3694 3921/3921/3712 3920/3920/3711
f 3902/3902/3694 3903/3903/3695 3922/3922/3713 3921/3921/3712
f 3903/3903/3695 3904/3904/3679 3923/3923/3697 3922/3922/3713
f 3905/3905/3697 3906/3906/3696 3925/3925/3714 3924/3924/3715
f 3906/3906/3696 3907/3907/3698 3926/3926/3716 3925/3925/3714
f 3907/3907/3698 3908/3908/3699 3927/3927/3717 3926/3926/3716
f 3908/3908/3699 3909/3909/3700 3928/3928/3718 3927/3927/3717
f 3909/3909/3700 3910/3910/3701 3929/3929/3719 3928/3928/3718
f 3910/3910/3701 3911/3911/3702 3930/3930/3720 3929/3929/3719
f 3911/3911/3702 3912/3912/3703 3931/3931/3721 3930/3930/3720
f 3912/3912/3703 3913/3913/3704 3932/3932/3722 3931/3931/3721
f 3913/3913/3704 3914/3914/3705 3933/3933/3723 3932/3932/3722
f 3914/3914/3705 3915/3915/3706 3934/3934/3724 3933/3933/3723
f 3915/3915/3706 3916/3916/3707 3935/3935/3725 3934/3934/3724
f 3916/3916/3707 3917/3917/3708 3936/3936/3726 3935/3935/3725
f 3917/3917/3708 3918/3918/3709 3937/3937/3727 3936/3936/3726
f 3918/3918/3709 3919/3919/3710 3938/3938/3728 3937/3937/3727
f 3919/3919/3710 3920/3920/3711 3939/3939/3729 3938/3938/3728
f 3920/3920/3711 3921/3921/3712 3940/3940/3730 3939/3939/3729
f 3921/3921/3712 3922/3922/3713 3941/3941/3731 3940/3940/3730
f 3922/3922/3713 3923/3923/3697 3942/3942/3715 3941/3941/3731
f 3924/3924/3715 3925/3925/3714 3944/3944/3732 3943/3943/3733
f 3925/3925/3714 3926/3926/3716 3945/3945/3734 3944/3944/3732
f 3926/3926/3716 3927/3927/3717 3946/3946/3735 3945/3945/3734
f 3927/3927/3717 3928/3928/3718 3947/3947/3736 3946/3946/3735
f 3928/3928/3718 3929/3929/3719 3948/3948/3737 3947/3947/3736
f 3929/3929/3719 3930/3930/3720 3949/3949/3738 3948/3948/3737
f 3930/3930/3720 3931/3931/3721 3950/3950/3739 3949/3949/3738
f 3931/3931/3721 3932/3932/3722 3951/3951/3740 3950/3950/3739
f 3932/3932/3722 3933/3933/3723 3952/3952/3741 3951/3951/3740
f 3933/3933/3723 3934/3934/3724 3953/3953/3742 3952/3952/3741
f 3934/3934/3724 3935/3935/3725 3954/3954/3743 3953/3953/3742
f 3935/3935/3725 3936/3936/3726 3955/3955/3744 3954/3954/3743
f 3936/3936/3726 3937/3937/3727 3956/3956/3745 3955/3955/3744
f 3937/3937/3727 3938/3938/3728 3957/3957/3746 3956/3956/3745
f 3938/3938/3728 3939/3939/3729 3958/3958/3747 3957/3957/3746
f 3939/3939/3729 3940/3940/3730 3959/3959/3748 3958/3958/3747
f 3940/3940/3730 3941/3941/3731 3960/3960/3749 3959/3959/3748
f 3941/3941/3731 3942/3942/3715 3961/3961/3733 3960/3960/3749
f 3943/3943/3733 3944/3944/3732 3963/3963/3750 3962/3962/3751
f 3944/3944/3732 3945/3945/3734 3964/3964/3752 3963/3963/3750
f 3945/3945/3734 3946/3946/3735 3965/3965/3753 3964/3964/3752
f 3946/3946/3735 3947/3947/3736 3966/3966/3754 3965/3965/3753
f 3947/3947/3736 3948/3948/3737 3967/3967/3755 3966/3966/3754
f 3948/3948/3737 3949/3949/3738 3968/3968/3756 3967/3967/3755
f 3949/3949/3738 3950/3950/3739 3969/3969/3757 3968/3968/3756
f 3950/3950/3739 3951/3951/3740 3970/3970/3758 3969/3969/3757
f 3951/3951/3740 3952/3952/3741 3971/3971/3759 3970/3970/3758
f 3952/3952/3741 3953/3953/3742 3972/3972/3760 3971/3971/3759
f 3953/3953/3742 3954/3954/3743 3973/3973/3761 3972/3972/3760
f 3954/3954/3743 3955/3955/3744 3974/3974/3762 3973/3973/3761
f 3955/3955/3744 3956/3956/3745 3975/3975/3763 3974/3974/3762
f 3956/3956/3745 3957/3957/3746 3976/3976/3764 3975/3975/3763
f 3957/3957/3746 3958/3958/3747 3977/3977/3765 3976/3976/3764
f 3958/3958/3747 3959/3959/3748 3978/3978/3766 3977/3977/3765
f 3959/3959/3748 3960/3960/3749 3979/3979/3767 3978/3978/3766
f 3960/3960/3749 3961/3961/3733 3980/3980/3751 3979/3979/3767
f 3962/3962/3751 3963/3963/3750 3982/3982/3768 3981/3981/3769
f 3963/3963/3750 3964/3964/3752 3983/3983/3770 3982/3982/3768
f 3964/3964/3752 3965/3965/3753 3984/3984/3771 3983/3983/3770
f 3965/3965/3753 3966/3966/3754 3985/3985/3772 3984/3984/3771
f 3966/3966/3754 3967/3967/3755 3986/3986/3773 3985/3985/3772
f 3967/3967/3755 3968/3968/3756 3987/3987/3774 3986/3986/3773
f 3968/3968/3756 3969/3969/3757 3988/3988/3775 3987/3987/3774
f 3969/3969/3757 3970/3970/3758 3989/3989/3776 3988/3988/3775
f 3970/3970/3758 3971/3971/3759 3990/3990/3777 3989/3989/3776
f 3971/3971/3759 3972/3972/3760 3991/3991/3778 3990/3990/3777
f 3972/3972/3760 3973/3973/3761 3992/3992/3779 3991/3991/3778
f 3973/3973/3761 3974/3974/3762 3993/3993/3780 3992/3992/3779
f 3974/3974/3762 3975/3975/3763 3994/3994/3781 3993/3993/3780
f 3975/3975/3763 3976/3976/3764 3995/3995/3782 3994/3994/3781
f 3976/3976/3764 3977/3977/3765 3996/3996/3783 3995/3995/3782
f 3977/3977/3765 3978/3978/3766 3997/3997/3784 3996/3996/3783
f 3978/3978/3766 3979/3979/3767 3998/3998/3785 3997/3997/3784
f 3979/3979/3767 3980/3980/3751 3999/3999/3769 3998/3998/3785
f 3981/3981/3769 3982/3982/3768 4001/4001/3786 4000/4000/3787
f 3982/3982/3768 3983/3983/3770 4002/4002/3788 4001/4001/3786
f 3983/3983/3770 3984/3984/3771 4003/4003/3789 4002/4002/3788
f 3984/3984/3771 3985/3985/3772 4004/4004/3790 4003/4003/3789
f 3985/3985/3772 3986/3986/3773 4005/4005/3791 4004/4004/3790
f 3986/3986/3773 3987/3987/3774 4006/4006/3792 4005/4005/3791
f 3987/3987/3774 3988/3988/3775 4007/4007/3793 4006/4006/3792
f 3988/3988/3775 3989/3989/3776 4008/4008/3794 4007/4007/3793
f 3989/3989/3776 3990/3990/3777 4009/4009/3795 4008/4008/3794
f 3990/3990/3777 3991/3991/3778 4010/4010/3796 4009/4009/3795
f 3991/3991/3778 3992/3992/3779 4011/4011/3797 4010/4010/3796
f 3992/3992/3779 3993/3993/3780 4012/4012/3798 4011/4011/3797
f 3993/3993/3780 3994/3994/3781 4013/4013/3799 4012/4012/3798
f 3994/3994/3781 3995/3995/3782 4014/4014/3800 4013/4013/3799
f 3995/3995/3782 3996/3996/3783 4015/4015/3801 4014/4014/3800
f 3996/3996/3783 3997/3997/3784 4016/4016/3802 4015/4015/3801
f 3997/3997/3784 3998/3998/3785 4017/4017/3803 4016/4016/3802
f 3998/3998/3785 3999/3999/3769 4018/4018/3787 4017/4017/3803
f 4000/4000/3787 4001/4001/3786 4020/4020/3804 4019/4019/3805
f 4001/4001/3786 4002/4002/3788 4021/4021/3806 4020/4020/3804
f 4002/4002/3788 4003/4003/3789 4022/4022/3807 4021/4021/3806
f 4003/4003/3789 4004/4004/3790 4023/4023/3808 4022/4022/3807
f 4004/4004/3790 4005/4005/3791 4024/4024/3809 4023/4023/3808
f 4005/4005/3791 4006/4006/3792 4025/4025/3810 4024/4024/3809
f 4006/4006/3792 4007/4007/3793 4026/4026/3811 4025/4025/3810
f 4007/4007/3793 4008/4008/3794 4027/4027/3812 4026/4026/3811
f 4008/4008/3794 4009/4009/3795 4028/4028/3813 4027/4027/3812
f 4009/4009/3795 4010/4010/3796 4029/4029/3814 4028/4028/3813
f 4010/4010/3796 4011/4011/3797 4030/4030/3815 4029/4029/3814
f 4011/4011/3797 4012/4012/3798 4031/4031/3816 4030/4030/3815
f 4012/4012/3798 4013/4013/3799 4032/4032/3817 4031/4031/3816
f 4013/4013/3799 4014/4014/3800 4033/4033/3818 4032/4032/3817
f 4014/4014/3800 4015/4015/3801 4034/4034/3819 4033/4033/3818
f 4015/4015/3801 4016/4016/3802 4035/4035/3820 4034/4034/3819
f 4016/4016/3802 4017/4017/3803 4036/4036/3821 4035/4035/3820
f 4017/4017/3803 4018/4018/3787 4037/4037/3805 4036/4036/3821
f 4019/4019/3805 4020/4020/3804 4039/4039/3822 4038/4038/3823
f 4020/4020/3804 4021/4021/3806 4040/4040/3824 4039/4039/3822
f 4021/4021/3806 4022/4022/3807 4041/4041/3825 4040/4040/3824
f 4022/4022/3807 4023/4023/3808 4042/4042/3826 4041/4041/3825
f 4023/4023/3808 4024/4024/3809 4043/4043/3827 4042/4042/3826
f 4024/4024/3809 4025/4025/3810 4044/4044/3828 4043/4043/3827
f 4025/4025/3810 4026/4026/3811 4045/4045/3829 4044/4044/3828
f 4026/4026/3811 4027/4027/3812 4046/4046/3830 4045/4045/3829
f 4027/4027/3812 4028/4028/3813 4047/4047/3831 4046/4046/3830
f 4028/4028/3813 4029/4029/3814 4048/4048/3832 4047/4047/3831
f 4029/4029/3814 4030/4030/3815 4049/4049/3833 4048/4048/3832
f 4030/4030/3815 4031/4031/3816 4050/4050/3834 4049/4049/3833
f 4031/4031/3816 4032/4032/3817 4051/4051/3835 4050/4050/3834
f 4032/4032/3817 4033/4033/3818 4052/4052/3836 4051/4051/3835
f 4033/4033/3818 4034/4034/3819 4053/4053/3837 4052/4052/3836
f 4034/4034/3819 4035/4035/3820 4054/4054/3838 4053/4053/3837
f 4035/4035/3820 4036/4036/3821 4055/4055/3839 4054/4054/3838
f 4036/4036/3821 4037/4037/3805 4056/4056/3823 4055/4055/3839
f 4038/4038/3823 4039/4039/3822 4058/4058/3840 4057/4057/3841
f 4039/4039/3822 4040/4040/3824 4059/4059/3842 4058/4058/3840
f 4040/4040/3824 4041/4041/3825 4060/4060/3843 4059/4059/3842
f 4041/4041/3825 4042/4042/3826 4061/4061/3844 4060/4060/3843
f 4042/4042/3826 4043/4043/3827 4062/4062/3845 4061/4061/3844
f 4043/4043/3827 4044/4044/3828 4063/4063/3846 4062/4062/3845
f 4044/4044/3828 4045/4045/3829 4064/4064/3847 4063/4063/3846
f 4045/4045/3829 4046/4046/3830 4065/4065/3848 4064/4064/3847
f 4046/4046/3830 4047/4047/3831 4066/4066/3849 4065/4065/3848
f 4047/4047/3831 4048/4048/3832 4067/4067/3850 4066/4066/3849
f 4048/4048/3832 4049/4049/3833 4068/4068/3851 4067/4067/3850
f 4049/4049/3833 4050/4050/3834 4069/4069/3852 4068/4068/3851
f 4050/4050/3834 4051/4051/3835 4070/4070/3853 4069/4069/3852
f 4051/4051/3835 4052/4052/3836 4071/4071/3854 4070/4070/3853
f 4052/4052/3836 4053/4053/3837 4072/4072/3855 4071/4071/3854
f 4053/4053/3837 4054/4054/3838 4073/4073/3856 4072/4072/3855
f 4054/4054/3838 4055/4055/3839 4074/4074/3857 4073/4073/3856
f 4055/4055/3839 4056/4056/3823 4075/4075/3841 4074/4074/3857
f 4076/4076/3858 4078/4078/3859 4077/4077/3860
f 4076/4076/3858 4079/4079/3861 4078/4078/3859
f 4076/4076/3858 4080/4080/3862 4079/4079/3861
f 4076/4076/3858 4081/4081/3863 4080/4080/3862
f 4076/4076/3858 4082/4082/3864 4081/4081/3863
f 4076/4076/3858 4083/4083/3865 4082/4082/3864
f 4076/4076/3858 4084/4084/3866 4083/4083/3865
f 4076/4076/3858 4085/4085/3867 4084/4084/3866
f 4076/4076/3858 4086/4086/3868 4085/4085/3867
f 4076/4076/3858 4087/4087/3869 4086/4086/3868
f 4076/4076/3858 4088/4088/3870 4087/4087/3869
f 4076/4076/3858 4089/4089/3871 4088/4088/3870
f 4076/4076/3858 4090/4090/3872 4089/4089/3871
f 4076/4076/3858 4091/4091/3873 4090/4090/3872
f 4076/4076/3858 4092/4092/3874 4091/4091/3873
f 4076/4076/3858 4093/4093/3875 4092/4092/3874
f 4076/4076/3858 4094/4094/3876 4093/4093/3875
f 4076/4076/3858 4077/4077/3860 4094/4094/3876
f 4095/4095/3877 4114/4114/3878 4115/4115/3879 4096/4096/3880
f 4096/4096/3880 4115/4115/3879 4116/4116/3881 4097/4097/3882
f 4097/4097/3882 4116/4116/3881 4117/4117/3883 4098/4098/3884
f 4098/4098/3884 4117/4117/3883 4118/4118/3885 4099/4099/3886
f 4099/4099/3886 4118/4118/3885 4119/4119/3887 4100/4100/3888
f 4100/4100/3888 4119/4119/3887 4120/4120/3889 4101/4101/3890
f 4101/4101/3890 4120/4120/3889 4121/4121/3891 4102/4102/3892
f 4102/4102/3892 4121/4121/3891 4122/4122/3893 4103/4103/3894
f 4103/4103/3894 4122/4122/3893 4123/4123/3895 4104/4104/3896
f 4104/4104/3896 4123/4123/3895 4124/4124/3897 4105/4105/3898
f 4105/4105/3898 4124/4124/3897 4125/4125/3899 4106/4106/3900
f 4106/4106/3900 4125/4125/3899 4126/4126/3901 4107/4107/3902
f 4107/4107/3902 4126/4126/3901 4127/4127/3903 4108/4108/3904
f 4108/4108/3904 4127/4127/3903 4128/4128/3905 4109/4109/3906
f 4109/4109/3906 4128/4128/3905 4129/4129/3907 4110/4110/3908
f 4110/4110/3908 4129/4129/3907 4130/4130/3909 4111/4111/3910
f 4111/4111/3910 4130/4130/3909 4131/4131/3911 4112/4112/3912
f 4112/4112/3912 4131/4131/3911 4132/4132/3878 4113/4113/3877
f 4133/4133/3913 4135/4135/3914 4134/4134/3915
f 4133/4133/3913 4136/4136/3916 4135/4135/3914
f 4133/4133/3913 4137/4137/3917 4136/4136/3916
f 4133/4133/3913 4138/4138/3918 4137/4137/3917
f 4133/4133/3913 4139/4139/3919 4138/4138/3918
f 4133/4133/3913 4140/4140/3920 4139/4139/3919
f 4133/4133/3913 4141/4141/3921 4140/4140/3920
f 4133/4133/3913 4142/4142/3922 4141/4141/3921
f 4133/4133/3913 4143/4143/3923 4142/4142/3922
f 4133/4133/3913 4144/4144/3924 4143/4143/3923
f 4133/4133/3913 4145/4145/3925 4144/4144/3924
f 4133/4133/3913 4146/4146/3926 4145/4145/3925
f 4133/4133/3913 4147/4147/3927 4146/4146/3926
f 4133/4133/3913 4148/4148/3928 4147/4147/3927
f 4133/4133/3913 4149/4149/3929 4148/4148/3928
f 4133/4133/3913 4150/4150/3930 4149/4149/3929
f 4133/4133/3913 4151/4151/3931 4150/4150/3930
f 4133/4133/3913 4134/4134/3915 4151/4151/3931

o Arm_R_Forearm
usemtl Skin_Tom
v 0.152035 -0.134341 -0.260791
v 0.153447 -0.131780 -0.242129
v 0.160490 -0.129080 -0.228158
v 0.172579 -0.126203 -0.217972
v 0.189320 -0.123269 -0.212120
v 0.211983 -0.120148 -0.210871
v 0.229425 -0.118373 -0.214838
v 0.242868 -0.117733 -0.223616
v 0.251842 -0.118227 -0.236704
v 0.255898 -0.120035 -0.255065
v 0.254485 -0.122596 -0.273726
v 0.247443 -0.125296 -0.287698
v 0.235353 -0.128173 -0.297883
v 0.218612 -0.131107 -0.303735
v 0.195950 -0.134229 -0.304985
v 0.178508 -0.136004 -0.301017
v 0.165064 -0.136643 -0.292239
v 0.156090 -0.136149 -0.279151
v 0.152035 -0.134341 -0.260791
v 0.151256 -0.126257 -0.253196
v 0.155512 -0.122376 -0.235206
v 0.164584 -0.118583 -0.222740
v 0.178037 -0.114784 -0.214818
v 0.195398 -0.111148 -0.211906
v 0.217875 -0.107538 -0.214483
v 0.234417 -0.105729 -0.221280
v 0.246288 -0.105460 -0.232105
v 0.253102 -0.106702 -0.246392
v 0.254270 -0.109712 -0.265003
v 0.250014 -0.113592 -0.282993
v 0.240942 -0.117386 -0.295459
v 0.227489 -0.121185 -0.303382
v 0.210128 -0.124821 -0.306293
v 0.187651 -0.128431 -0.303717
v 0.171109 -0.130240 -0.296919
v 0.159238 -0.130509 -0.286094
v 0.152424 -0.129267 -0.271808
v 0.151256 -0.126257 -0.253196
v 0.151054 -0.117430 -0.246532
v 0.157793 -0.111435 -0.229811
v 0.168375 -0.106006 -0.219409
v 0.182576 -0.100914 -0.214168
v 0.199935 -0.096367 -0.214438
v 0.221767 -0.092198 -0.220936
v 0.236953 -0.090529 -0.230353
v 0.246952 -0.091001 -0.242798
v 0.251520 -0.093536 -0.257709
v 0.249949 -0.098544 -0.275968
v 0.243209 -0.104540 -0.292689
v 0.232628 -0.109968 -0.303091
v 0.218427 -0.115061 -0.308332
v 0.201068 -0.119608 -0.308062
v 0.179236 -0.123777 -0.301563
v 0.164050 -0.125446 -0.292147
v 0.154051 -0.124974 -0.279702
v 0.149483 -0.122439 -0.264791
v 0.151054 -0.117430 -0.246532
v 0.151330 -0.105528 -0.241743
v 0.160302 -0.097805 -0.226754
v 0.171874 -0.091420 -0.218777
v 0.186204 -0.085857 -0.216348
v 0.202974 -0.081300 -0.219709
v 0.223893 -0.077533 -0.229990
v 0.237333 -0.076649 -0.241475
v 0.245198 -0.078215 -0.254812
v 0.247445 -0.082111 -0.269579
v 0.243177 -0.088987 -0.286880
v 0.234205 -0.096710 -0.301869
v 0.222633 -0.103095 -0.309846
v 0.208303 -0.108658 -0.312275
v 0.191533 -0.113215 -0.308913
v 0.170614 -0.116982 -0.298633
v 0.157174 -0.117866 -0.287148
v 0.149309 -0.116301 -0.273811
v 0.147062 -0.112404 -0.259043
v 0.151330 -0.105528 -0.241743
v 0.151887 -0.091349 -0.239226
v 0.162769 -0.082427 -0.226516
v 0.174906 -0.075683 -0.221084
v 0.188900 -0.070290 -0.221317
v 0.204578 -0.066389 -0.227412
v 0.223917 -0.063811 -0.241020
v 0.235323 -0.064101 -0.253980
v 0.240997 -0.066871 -0.267585
v 0.241041 -0.071991 -0.281589
v 0.234296 -0.080361 -0.297209
v 0.223414 -0.089284 -0.309919
v 0.211277 -0.096028 -0.315352
v 0.197282 -0.101420 -0.315118
v 0.181605 -0.105321 -0.309023
v 0.162265 -0.107900 -0.295416
v 0.150859 -0.107610 -0.282455
v 0.145185 -0.104840 -0.268850
v 0.145141 -0.099720 -0.254846
v 0.151887 -0.091349 -0.239226
v 0.152416 -0.075614 -0.239082
v 0.164843 -0.066028 -0.228993
v 0.177160 -0.059419 -0.226047
v 0.190443 -0.054662 -0.228652
v 0.204645 -0.051861 -0.237007
v 0.221876 -0.051004 -0.253344
v 0.231092 -0.052642 -0.267192
v 0.234627 -0.056562 -0.280532
v 0.232674 -0.062656 -0.293304
v 0.223759 -0.072068 -0.306722
v 0.211332 -0.081654 -0.316810
v 0.199014 -0.088264 -0.319756
v 0.185732 -0.093020 -0.317152
v 0.171529 -0.095822 -0.308796
v 0.154298 -0.096678 -0.292460
v 0.145083 -0.095040 -0.278612
v 0.141547 -0.091120 -0.265272
v 0.143501 -0.085026 -0.252499
v 0.152416 -0.075614 -0.239082
v 0.152653 -0.058898 -0.241207
v 0.166252 -0.049138 -0.233902
v 0.178422 -0.043037 -0.233266
v 0.190710 -0.039223 -0.237880
v 0.203175 -0.037775 -0.247984
v 0.217904 -0.038956 -0.266403
v 0.224881 -0.041963 -0.280611
v 0.226406 -0.046884 -0.293271
v 0.222708 -0.053663 -0.304500
v 0.211973 -0.063653 -0.315387
v 0.198375 -0.073413 -0.322693
v 0.186204 -0.079514 -0.323328
v 0.173916 -0.083328 -0.318715
v 0.161451 -0.084776 -0.308610
v 0.146722 -0.083595 -0.290192
v 0.139745 -0.080588 -0.275984
v 0.138220 -0.075667 -0.263324
v 0.141918 -0.068888 -0.252095
v 0.152653 -0.058898 -0.241207
v 0.152388 -0.041620 -0.245357
v 0.166817 -0.032097 -0.240857
v 0.178586 -0.026765 -0.242291
v 0.189691 -0.024066 -0.248537
v 0.200266 -0.024082 -0.259906
v 0.212226 -0.027447 -0.279784
v 0.216997 -0.031749 -0.293920
v 0.216682 -0.037484 -0.305608
v 0.211500 -0.044670 -0.315122
v 0.199294 -0.054818 -0.323317
v 0.184865 -0.064341 -0.327818
v 0.173096 -0.069673 -0.326384
v 0.161991 -0.072372 -0.320138
v 0.151416 -0.072356 -0.308769
v 0.139456 -0.068991 -0.288891
v 0.134686 -0.064689 -0.274755
v 0.135000 -0.058954 -0.263066
v 0.140182 -0.051768 -0.253552
v 0.152388 -0.041620 -0.245357
v 0.151493 -0.024049 -0.251198
v 0.166476 -0.015083 -0.249438
v 0.177670 -0.010678 -0.252686
v 0.187488 -0.009171 -0.260221
v 0.196108 -0.010664 -0.272440
v 0.205133 -0.016253 -0.293240
v 0.207776 -0.021735 -0.306981
v 0.205800 -0.028099 -0.317519
v 0.199371 -0.035455 -0.325253
v 0.185994 -0.045415 -0.330712
v 0.171011 -0.054382 -0.332472
v 0.159818 -0.058786 -0.329224
v 0.149999 -0.060294 -0.321689
v 0.141379 -0.058801 -0.309470
v 0.132354 -0.053211 -0.288670
v 0.129711 -0.047729 -0.274929
v 0.131687 -0.041365 -0.264392
v 0.138116 -0.034009 -0.256657
v 0.151493 -0.024049 -0.251198
v 0.149941 -0.006316 -0.258362
v 0.165287 0.001861 -0.259252
v 0.175809 0.005250 -0.264089
v 0.184304 0.005550 -0.272637
v 0.190964 0.002611 -0.285386
v 0.196944 -0.005196 -0.306687
v 0.197549 -0.011742 -0.319814
v 0.194063 -0.018582 -0.329108
v 0.186572 -0.025928 -0.335067
v 0.172244 -0.035435 -0.337807
v 0.156898 -0.043612 -0.336916
v 0.146376 -0.047000 -0.332079
v 0.137881 -0.047300 -0.323532
v 0.131221 -0.044362 -0.310782
v 0.125241 -0.036555 -0.289482
v 0.124636 -0.030008 -0.276355
v 0.128122 -0.023169 -0.267060
v 0.135613 -0.015823 -0.261101
v 0.149941 -0.006316 -0.258362
v 0.147823 0.011549 -0.266528
v 0.163425 0.018758 -0.270013
v 0.173232 0.021079 -0.276271
v 0.180401 0.020177 -0.285634
v 0.185108 0.015832 -0.298688
v 0.187929 0.005806 -0.320175
v 0.186559 -0.001712 -0.332545
v 0.181670 -0.008913 -0.340552
v 0.173237 -0.016119 -0.344759
v 0.158097 -0.024967 -0.344787
v 0.142495 -0.032176 -0.341303
v 0.132688 -0.034498 -0.335044
v 0.125519 -0.033595 -0.325682
v 0.120812 -0.029250 -0.312628
v 0.117991 -0.019225 -0.291141
v 0.119360 -0.011706 -0.278770
v 0.124250 -0.004505 -0.270764
v 0.132683 0.002700 -0.266556
v 0.147823 0.011549 -0.266528
v 0.145313 0.029024 -0.276417
v 0.160625 0.034908 -0.282338
v 0.169415 0.036061 -0.289718
v 0.175074 0.033988 -0.299509
v 0.177726 0.028389 -0.312379
v 0.177223 0.016412 -0.333275
v 0.173991 0.008197 -0.344504
v 0.167940 0.000919 -0.351029
v 0.158914 -0.005847 -0.353442
v 0.143523 -0.013612 -0.350801
v 0.128211 -0.019496 -0.344880
v 0.119421 -0.020649 -0.337500
v 0.113763 -0.018576 -0.327709
v 0.111111 -0.012977 -0.314839
v 0.111613 -0.001000 -0.293943
v 0.114845 0.007215 -0.282714
v 0.120896 0.014493 -0.276189
v 0.129922 0.021259 -0.273776
v 0.145313 0.029024 -0.276417
v 0.142149 0.045663 -0.288122
v 0.156476 0.049911 -0.296087
v 0.163915 0.049871 -0.304153
v 0.167904 0.046760 -0.313883
v 0.168486 0.040195 -0.325993
v 0.164690 0.026780 -0.345380
v 0.159837 0.018259 -0.355072
v 0.152982 0.011243 -0.359977
v 0.143830 0.005230 -0.360660
v 0.128930 -0.001044 -0.355621
v 0.114603 -0.005292 -0.347655
v 0.107164 -0.005252 -0.339590
v 0.103175 -0.002141 -0.329860
v 0.102592 0.004424 -0.317749
v 0.106389 0.017839 -0.298363
v 0.111241 0.026361 -0.288670
v 0.118096 0.033376 -0.283766
v 0.127249 0.039389 -0.283083
v 0.142149 0.045663 -0.288122
v 0.138060 0.061374 -0.301118
v 0.150875 0.063869 -0.310610
v 0.156783 0.062725 -0.318925
v 0.159092 0.058786 -0.328174
v 0.157739 0.051588 -0.339084
v 0.150895 0.037309 -0.356254
v 0.144735 0.028836 -0.364187
v 0.137427 0.022346 -0.367480
v 0.128541 0.017277 -0.366634
v 0.114731 0.012708 -0.359638
v 0.101916 0.010213 -0.350146
v 0.096008 0.011357 -0.341831
v 0.093699 0.015296 -0.332582
v 0.095051 0.022494 -0.321672
v 0.101896 0.036773 -0.304502
v 0.108056 0.045246 -0.296569
v 0.115364 0.051736 -0.293276
v 0.124250 0.056805 -0.294122
v 0.138060 0.061374 -0.301118
v 0.132935 0.076197 -0.314880
v 0.143911 0.076980 -0.325354
v 0.148249 0.074900 -0.333543
v 0.148981 0.070374 -0.341995
v 0.145928 0.062874 -0.351416
v 0.136417 0.048282 -0.365902
v 0.129279 0.040149 -0.372003
v 0.121820 0.034353 -0.373798
v 0.113489 0.030309 -0.371691
v 0.101182 0.027483 -0.363245
v 0.090207 0.026700 -0.352770
v 0.085869 0.028781 -0.344582
v 0.085137 0.033306 -0.336130
v 0.088189 0.040806 -0.326709
v 0.097700 0.055398 -0.312222
v 0.104838 0.063531 -0.306122
v 0.112298 0.069327 -0.304327
v 0.120628 0.073371 -0.306434
v 0.132935 0.076197 -0.314880
v 0.126827 0.090266 -0.328941
v 0.135830 0.089490 -0.339924
v 0.138670 0.086669 -0.347707
v 0.138002 0.081788 -0.355169
v 0.133525 0.074268 -0.362959
v 0.121776 0.059833 -0.374520
v 0.113956 0.052245 -0.378829
v 0.106569 0.047229 -0.379292
v 0.098965 0.044198 -0.376197
v 0.088376 0.043026 -0.366774
v 0.079372 0.043802 -0.355791
v 0.076532 0.046623 -0.348009
v 0.077200 0.051503 -0.340547
v 0.081677 0.059024 -0.332756
v 0.093427 0.073459 -0.321196
v 0.101246 0.081047 -0.316887
v 0.108633 0.086063 -0.316423
v 0.116237 0.089094 -0.319518
v 0.126827 0.090266 -0.328941
v 0.119930 0.103767 -0.342945
v 0.126989 0.101622 -0.354107
v 0.128474 0.098245 -0.361325
v 0.126609 0.093198 -0.367720
v 0.120970 0.085865 -0.373863
v 0.107365 0.071928 -0.382431
v 0.099089 0.065005 -0.385053
v 0.091908 0.060785 -0.384355
v 0.085091 0.058701 -0.380495
v 0.076260 0.059029 -0.370449
v 0.069201 0.061174 -0.359288
v 0.067716 0.064551 -0.352069
v 0.069582 0.069599 -0.345674
v 0.075220 0.076932 -0.339532
v 0.088825 0.090869 -0.330964
v 0.097102 0.097791 -0.328342
v 0.104282 0.102011 -0.329039
v 0.111099 0.104096 -0.332900
v 0.119930 0.103767 -0.342945
v 0.112556 0.116885 -0.356684
v 0.117795 0.113530 -0.367884
v 0.118088 0.109729 -0.374502
v 0.115205 0.104636 -0.379851
v 0.108606 0.097610 -0.384407
v 0.093407 0.084375 -0.390013
v 0.084804 0.078165 -0.391063
v 0.077877 0.074717 -0.389332
v 0.071822 0.073500 -0.384839
v 0.064669 0.075189 -0.374345
v 0.059430 0.078543 -0.363145
v 0.059137 0.082344 -0.356526
v 0.062020 0.087438 -0.351178
v 0.068619 0.094464 -0.346621
v 0.083818 0.107698 -0.341016
v 0.092421 0.113909 -0.339965
v 0.099347 0.117356 -0.341696
v 0.105403 0.118574 -0.346190
v 0.112556 0.116885 -0.356684
v 0.105075 0.129764 -0.370121
v 0.108631 0.125253 -0.381421
v 0.107862 0.121082 -0.387506
v 0.104082 0.115983 -0.391890
v 0.096628 0.109300 -0.394947
v 0.079919 0.096849 -0.397611
v 0.071025 0.091348 -0.397161
v 0.064330 0.088641 -0.394447
v 0.058966 0.088242 -0.389340
v 0.053376 0.091237 -0.378364
v 0.049820 0.095748 -0.367063
v 0.050589 0.099919 -0.360979
v 0.054369 0.105018 -0.356595
v 0.061824 0.111701 -0.353538
v 0.078532 0.124152 -0.350873
v 0.087427 0.129653 -0.351324
v 0.094121 0.132360 -0.354037
v 0.099485 0.132759 -0.359144
v 0.105075 0.129764 -0.370121
v 0.203966 -0.127188 -0.257928
v 0.152035 -0.134341 -0.260791
v 0.153447 -0.131780 -0.242129
v 0.160490 -0.129080 -0.228158
v 0.172579 -0.126203 -0.217972
v 0.189320 -0.123269 -0.212120
v 0.211983 -0.120148 -0.210871
v 0.229425 -0.118373 -0.214838
v 0.242868 -0.117733 -0.223616
v 0.251842 -0.118227 -0.236704
v 0.255898 -0.120035 -0.255065
v 0.254485 -0.122596 -0.273726
v 0.247443 -0.125296 -0.287698
v 0.235353 -0.128173 -0.297883
v 0.218612 -0.131107 -0.303735
v 0.195950 -0.134229 -0.304985
v 0.178508 -0.136004 -0.301017
v 0.165064 -0.136643 -0.292239
v 0.156090 -0.136149 -0.279151
v 0.079226 0.110500 -0.374242
v 0.105075 0.129764 -0.370121
v 0.108631 0.125253 -0.381421
v 0.107862 0.121082 -0.387506
v 0.104082 0.115983 -0.391890
v 0.096628 0.109300 -0.394947
v 0.079919 0.096849 -0.397611
v 0.071025 0.091348 -0.397161
v 0.064330 0.088641 -0.394447
v 0.058966 0.088242 -0.389340
v 0.053376 0.091237 -0.378364
v 0.049820 0.095748 -0.367063
v 0.050589 0.099919 -0.360979
v 0.054369 0.105018 -0.356595
v 0.061824 0.111701 -0.353538
v 0.078532 0.124152 -0.350873
v 0.087427 0.129653 -0.351324
v 0.094121 0.132360 -0.354037
v 0.099485 0.132759 -0.359144
vt 0.000000 0.000000
vt 0.055556 0.000000
vt 0.111111 0.000000
vt 0.166667 0.000000
vt 0.222222 0.000000
vt 0.277778 0.000000
vt 0.333333 0.000000
vt 0.388889 0.000000
vt 0.444444 0.000000
vt 0.500000 0.000000
vt 0.555556 0.000000
vt 0.611111 0.000000
vt 0.666667 0.000000
vt 0.722222 0.000000
vt 0.777778 0.000000
vt 0.833333 0.000000
vt 0.888889 0.000000
vt 0.944444 0.000000
vt 1.000000 0.000000
vt 0.000000 0.017558
vt 0.055556 0.017558
vt 0.111111 0.017558
vt 0.166667 0.017558
vt 0.222222 0.017558
vt 0.277778 0.017558
vt 0.333333 0.017558
vt 0.388889 0.017558
vt 0.444444 0.017558
vt 0.500000 0.017558
vt 0.555556 0.017558
vt 0.611111 0.017558
vt 0.666667 0.017558
vt 0.722222 0.017558
vt 0.777778 0.017558
vt 0.833333 0.017558
vt 0.888889 0.017558
vt 0.944444 0.017558
vt 1.000000 0.017558
vt 0.000000 0.037122
vt 0.055556 0.037122
vt 0.111111 0.037122
vt 0.166667 0.037122
vt 0.222222 0.037122
vt 0.277778 0.037122
vt 0.333333 0.037122
vt 0.388889 0.037122
vt 0.444444 0.037122
vt 0.500000 0.037122
vt 0.555556 0.037122
vt 0.611111 0.037122
vt 0.666667 0.037122
vt 0.722222 0.037122
vt 0.777778 0.037122
vt 0.833333 0.037122
vt 0.888889 0.037122
vt 0.944444 0.037122
vt 1.000000 0.037122
vt 0.000000 0.059005
vt 0.055556 0.059005
vt 0.111111 0.059005
vt 0.166667 0.059005
vt 0.222222 0.059005
vt 0.277778 0.059005
vt 0.333333 0.059005
vt 0.388889 0.059005
vt 0.444444 0.059005
vt 0.500000 0.059005
vt 0.555556 0.059005
vt 0.611111 0.059005
vt 0.666667 0.059005
vt 0.722222 0.059005
vt 0.777778 0.059005
vt 0.833333 0.059005
vt 0.888889 0.059005
vt 0.944444 0.059005
vt 1.000000 0.059005
vt 0.000000 0.083126
vt 0.055556 0.083126
vt 0.111111 0.083126
vt 0.166667 0.083126
vt 0.222222 0.083126
vt 0.277778 0.083126
vt 0.333333 0.083126
vt 0.388889 0.083126
vt 0.444444 0.083126
vt 0.500000 0.083126
vt 0.555556 0.083126
vt 0.611111 0.083126
vt 0.666667 0.083126
vt 0.722222 0.083126
vt 0.777778 0.083126
vt 0.833333 0.083126
vt 0.888889 0.083126
vt 0.944444 0.083126
vt 1.000000 0.083126
vt 0.000000 0.109359
vt 0.055556 0.109359
vt 0.111111 0.109359
vt 0.166667 0.109359
vt 0.222222 0.109359
vt 0.277778 0.109359
vt 0.333333 0.109359
vt 0.388889 0.109359
vt 0.444444 0.109359
vt 0.500000 0.109359
vt 0.555556 0.109359
vt 0.611111 0.109359
vt 0.666667 0.109359
vt 0.722222 0.109359
vt 0.777778 0.109359
vt 0.833333 0.109359
vt 0.888889 0.109359
vt 0.944444 0.109359
vt 1.000000 0.109359
vt 0.000000 0.137551
vt 0.055556 0.137551
vt 0.111111 0.137551
vt 0.166667 0.137551
vt 0.222222 0.137551
vt 0.277778 0.137551
vt 0.333333 0.137551
vt 0.388889 0.137551
vt 0.444444 0.137551
vt 0.500000 0.137551
vt 0.555556 0.137551
vt 0.611111 0.137551
vt 0.666667 0.137551
vt 0.722222 0.137551
vt 0.777778 0.137551
vt 0.833333 0.137551
vt 0.888889 0.137551
vt 0.944444 0.137551
vt 1.000000 0.137551
vt 0.000000 0.167533
vt 0.055556 0.167533
vt 0.111111 0.167533
vt 0.166667 0.167533
vt 0.222222 0.167533
vt 0.277778 0.167533
vt 0.333333 0.167533
vt 0.388889 0.167533
vt 0.444444 0.167533
vt 0.500000 0.167533
vt 0.555556 0.167533
vt 0.611111 0.167533
vt 0.666667 0.167533
vt 0.722222 0.167533
vt 0.777778 0.167533
vt 0.833333 0.167533
vt 0.888889 0.167533
vt 0.944444 0.167533
vt 1.000000 0.167533
vt 0.000000 0.199122
vt 0.055556 0.199122
vt 0.111111 0.199122
vt 0.166667 0.199122
vt 0.222222 0.199122
vt 0.277778 0.199122
vt 0.333333 0.199122
vt 0.388889 0.199122
vt 0.444444 0.199122
vt 0.500000 0.199122
vt 0.555556 0.199122
vt 0.611111 0.199122
vt 0.666667 0.199122
vt 0.722222 0.199122
vt 0.777778 0.199122
vt 0.833333 0.199122
vt 0.888889 0.199122
vt 0.944444 0.199122
vt 1.000000 0.199122
vt 0.000000 0.232131
vt 0.055556 0.232131
vt 0.111111 0.232131
vt 0.166667 0.232131
vt 0.222222 0.232131
vt 0.277778 0.232131
vt 0.333333 0.232131
vt 0.388889 0.232131
vt 0.444444 0.232131
vt 0.500000 0.232131
vt 0.555556 0.232131
vt 0.611111 0.232131
vt 0.666667 0.232131
vt 0.722222 0.232131
vt 0.777778 0.232131
vt 0.833333 0.232131
vt 0.888889 0.232131
vt 0.944444 0.232131
vt 1.000000 0.232131
vt 0.000000 0.266366
vt 0.055556 0.266366
vt 0.111111 0.266366
vt 0.166667 0.266366
vt 0.222222 0.266366
vt 0.277778 0.266366
vt 0.333333 0.266366
vt 0.388889 0.266366
vt 0.444444 0.266366
vt 0.500000 0.266366
vt 0.555556 0.266366
vt 0.611111 0.266366
vt 0.666667 0.266366
vt 0.722222 0.266366
vt 0.777778 0.266366
vt 0.833333 0.266366
vt 0.888889 0.266366
vt 0.944444 0.266366
vt 1.000000 0.266366
vt 0.000000 0.301628
vt 0.055556 0.301628
vt 0.111111 0.301628
vt 0.166667 0.301628
vt 0.222222 0.301628
vt 0.277778 0.301628
vt 0.333333 0.301628
vt 0.388889 0.301628
vt 0.444444 0.301628
vt 0.500000 0.301628
vt 0.555556 0.301628
vt 0.611111 0.301628
vt 0.666667 0.301628
vt 0.722222 0.301628
vt 0.777778 0.301628
vt 0.833333 0.301628
vt 0.888889 0.301628
vt 0.944444 0.301628
vt 1.000000 0.301628
vt 0.000000 0.337714
vt 0.055556 0.337714
vt 0.111111 0.337714
vt 0.166667 0.337714
vt 0.222222 0.337714
vt 0.277778 0.337714
vt 0.333333 0.337714
vt 0.388889 0.337714
vt 0.444444 0.337714
vt 0.500000 0.337714
vt 0.555556 0.337714
vt 0.611111 0.337714
vt 0.666667 0.337714
vt 0.722222 0.337714
vt 0.777778 0.337714
vt 0.833333 0.337714
vt 0.888889 0.337714
vt 0.944444 0.337714
vt 1.000000 0.337714
vt 0.000000 0.374420
vt 0.055556 0.374420
vt 0.111111 0.374420
vt 0.166667 0.374420
vt 0.222222 0.374420
vt 0.277778 0.374420
vt 0.333333 0.374420
vt 0.388889 0.374420
vt 0.444444 0.374420
vt 0.500000 0.374420
vt 0.555556 0.374420
vt 0.611111 0.374420
vt 0.666667 0.374420
vt 0.722222 0.374420
vt 0.777778 0.374420
vt 0.833333 0.374420
vt 0.888889 0.374420
vt 0.944444 0.374420
vt 1.000000 0.374420
vt 0.000000 0.411540
vt 0.055556 0.411540
vt 0.111111 0.411540
vt 0.166667 0.411540
vt 0.222222 0.411540
vt 0.277778 0.411540
vt 0.333333 0.411540
vt 0.388889 0.411540
vt 0.444444 0.411540
vt 0.500000 0.411540
vt 0.555556 0.411540
vt 0.611111 0.411540
vt 0.666667 0.411540
vt 0.722222 0.411540
vt 0.777778 0.411540
vt 0.833333 0.411540
vt 0.888889 0.411540
vt 0.944444 0.411540
vt 1.000000 0.411540
vt 0.000000 0.448865
vt 0.055556 0.448865
vt 0.111111 0.448865
vt 0.166667 0.448865
vt 0.222222 0.448865
vt 0.277778 0.448865
vt 0.333333 0.448865
vt 0.388889 0.448865
vt 0.444444 0.448865
vt 0.500000 0.448865
vt 0.555556 0.448865
vt 0.611111 0.448865
vt 0.666667 0.448865
vt 0.722222 0.448865
vt 0.777778 0.448865
vt 0.833333 0.448865
vt 0.888889 0.448865
vt 0.944444 0.448865
vt 1.000000 0.448865
vt 0.000000 0.486189
vt 0.055556 0.486189
vt 0.111111 0.486189
vt 0.166667 0.486189
vt 0.222222 0.486189
vt 0.277778 0.486189
vt 0.333333 0.486189
vt 0.388889 0.486189
vt 0.444444 0.486189
vt 0.500000 0.486189
vt 0.555556 0.486189
vt 0.611111 0.486189
vt 0.666667 0.486189
vt 0.722222 0.486189
vt 0.777778 0.486189
vt 0.833333 0.486189
vt 0.888889 0.486189
vt 0.944444 0.486189
vt 1.000000 0.486189
vt 0.000000 0.523303
vt 0.055556 0.523303
vt 0.111111 0.523303
vt 0.166667 0.523303
vt 0.222222 0.523303
vt 0.277778 0.523303
vt 0.333333 0.523303
vt 0.388889 0.523303
vt 0.444444 0.523303
vt 0.500000 0.523303
vt 0.555556 0.523303
vt 0.611111 0.523303
vt 0.666667 0.523303
vt 0.722222 0.523303
vt 0.777778 0.523303
vt 0.833333 0.523303
vt 0.888889 0.523303
vt 0.944444 0.523303
vt 1.000000 0.523303
vt 0.000000 0.560000
vt 0.055556 0.560000
vt 0.111111 0.560000
vt 0.166667 0.560000
vt 0.222222 0.560000
vt 0.277778 0.560000
vt 0.333333 0.560000
vt 0.388889 0.560000
vt 0.444444 0.560000
vt 0.500000 0.560000
vt 0.555556 0.560000
vt 0.611111 0.560000
vt 0.666667 0.560000
vt 0.722222 0.560000
vt 0.777778 0.560000
vt 0.833333 0.560000
vt 0.888889 0.560000
vt 0.944444 0.560000
vt 1.000000 0.560000
vt 0.500000 0.500000
vt 0.950000 0.500000
vt 0.922862 0.653909
vt 0.844720 0.789254
vt 0.725000 0.889711
vt 0.578142 0.943163
vt 0.421858 0.943163
vt 0.275000 0.889711
vt 0.155280 0.789254
vt 0.077138 0.653909
vt 0.050000 0.500000
vt 0.077138 0.346091
vt 0.155280 0.210746
vt 0.275000 0.110289
vt 0.421858 0.056837
vt 0.578142 0.056837
vt 0.725000 0.110289
vt 0.844720 0.210746
vt 0.922862 0.346091
vt 0.500000 0.500000
vt 0.950000 0.500000
vt 0.922862 0.653909
vt 0.844720 0.789254
vt 0.725000 0.889711
vt 0.578142 0.943163
vt 0.421858 0.943163
vt 0.275000 0.889711
vt 0.155280 0.789254
vt 0.077138 0.653909
vt 0.050000 0.500000
vt 0.077138 0.346091
vt 0.155280 0.210746
vt 0.275000 0.110289
vt 0.421858 0.056837
vt 0.578142 0.056837
vt 0.725000 0.110289
vt 0.844720 0.210746
vt 0.922862 0.346091
vn -0.992565 -0.117186 0.032889
vn -0.934536 -0.066955 0.349513
vn -0.898066 -0.073095 0.433744
vn -0.981629 -0.144283 0.124851
vn -0.709174 -0.074042 0.701135
vn -0.644870 -0.047703 0.762802
vn -0.393295 -0.044885 0.918316
vn -0.314382 0.009862 0.949245
vn -0.098119 0.069686 0.992732
vn -0.015510 0.134049 0.990853
vn 0.128954 0.189937 0.973291
vn 0.206939 0.249173 0.946091
vn 0.426496 0.262556 0.865543
vn 0.492668 0.315933 0.810842
vn 0.733350 0.235522 0.637751
vn 0.778571 0.285968 0.558614
vn 0.941538 0.163285 0.294694
vn 0.957592 0.205211 0.202254
vn 0.991049 0.131858 -0.020859
vn 0.981021 0.157986 -0.112424
vn 0.938880 0.088035 -0.332798
vn 0.906238 0.094248 -0.412128
vn 0.744017 -0.051129 -0.666201
vn 0.691393 -0.070196 -0.719061
vn 0.446373 -0.177761 -0.877013
vn 0.384145 -0.219054 -0.896910
vn 0.129809 -0.169945 -0.976867
vn 0.064290 -0.224556 -0.972338
vn -0.134871 -0.059967 -0.989047
vn -0.201256 -0.114677 -0.972803
vn -0.451871 0.015643 -0.891946
vn -0.513187 -0.037469 -0.857459
vn -0.752000 -0.061298 -0.656306
vn -0.796467 -0.122143 -0.592218
vn -0.945807 -0.154763 -0.285479
vn -0.959188 -0.204426 -0.195365
vn -0.822312 -0.037128 0.567824
vn -0.945332 -0.140178 0.294446
vn -0.528882 0.033541 0.848032
vn -0.178490 0.123034 0.976219
vn 0.117933 0.255228 0.959662
vn 0.323520 0.361728 0.874350
vn 0.584252 0.416126 0.696770
vn 0.834083 0.371109 0.408146
vn 0.962772 0.268362 0.032437
vn 0.940065 0.197799 -0.277767
vn 0.825189 0.104344 -0.555136
vn 0.572000 -0.102426 -0.813834
vn 0.239676 -0.281458 -0.929159
vn -0.096516 -0.302447 -0.948267
vn -0.360743 -0.211422 -0.908386
vn -0.650322 -0.157212 -0.743213
vn -0.879215 -0.224323 -0.420309
vn -0.970270 -0.242006 -0.003203
vn -0.748049 0.045474 0.662083
vn -0.901888 -0.081332 0.424244
vn -0.417832 0.149378 0.896160
vn -0.046677 0.252527 0.966463
vn 0.243554 0.382399 0.891321
vn 0.424813 0.479970 0.767569
vn 0.654035 0.520195 0.549214
vn 0.864421 0.447152 0.229849
vn 0.938833 0.307385 -0.155262
vn 0.868733 0.213851 -0.446733
vn 0.716530 0.100058 -0.690343
vn 0.429993 -0.134758 -0.892718
vn 0.081231 -0.323491 -0.942738
vn -0.254072 -0.342321 -0.904579
vn -0.494142 -0.265871 -0.827729
vn -0.747660 -0.221265 -0.626137
vn -0.929478 -0.247727 -0.273316
vn -0.966919 -0.207524 0.148330
vn -0.660764 0.135119 0.738331
vn -0.839610 -0.012539 0.543045
vn -0.299445 0.264773 0.916640
vn 0.084808 0.369422 0.925384
vn 0.361498 0.484690 0.796489
vn 0.514903 0.567190 0.642784
vn 0.707820 0.588653 0.390484
vn 0.874178 0.483133 0.048947
vn 0.893077 0.302694 -0.332851
vn 0.781127 0.188335 -0.595291
vn 0.597046 0.062514 -0.799768
vn 0.280332 -0.186014 -0.941707
vn -0.076592 -0.375811 -0.923526
vn -0.397705 -0.390553 -0.830240
vn -0.609507 -0.317772 -0.726308
vn -0.827995 -0.260894 -0.496345
vn -0.961725 -0.245920 -0.120865
vn -0.941299 -0.159375 0.297585
vn -0.558660 0.221667 0.799227
vn -0.758254 0.061099 0.649091
vn -0.171726 0.365252 0.914932
vn 0.216929 0.461408 0.860259
vn 0.473636 0.555318 0.683587
vn 0.598562 0.619200 0.508246
vn 0.752695 0.616640 0.230663
vn 0.870867 0.475706 -0.123667
vn 0.832715 0.256651 -0.490627
vn 0.684640 0.125946 -0.717917
vn 0.474959 -0.007389 -0.879977
vn 0.133129 -0.259908 -0.956412
vn -0.224058 -0.439469 -0.869865
vn -0.523606 -0.441957 -0.728362
vn -0.706988 -0.365543 -0.605430
vn -0.889453 -0.288559 -0.354411
vn -0.972188 -0.231575 0.034976
vn -0.892456 -0.102117 0.439424
vn -0.442939 0.304172 0.843377
vn -0.658950 0.138475 0.739331
vn -0.036585 0.449678 0.892441
vn 0.347818 0.527545 0.775061
vn 0.578935 0.595010 0.557492
vn 0.675559 0.638858 0.368076
vn 0.789424 0.609392 0.073828
vn 0.856093 0.432068 -0.283586
vn 0.760187 0.178558 -0.624686
vn 0.581486 0.037220 -0.812705
vn 0.352128 -0.098344 -0.930771
vn -0.008722 -0.345203 -0.938488
vn -0.358446 -0.504028 -0.785794
vn -0.631310 -0.486819 -0.603701
vn -0.786729 -0.402038 -0.468426
vn -0.931675 -0.300832 -0.203670
vn -0.960636 -0.202786 0.189886
vn -0.821354 -0.035500 0.569313
vn -0.314933 0.380084 0.869686
vn -0.542761 0.216352 0.811543
vn 0.103676 0.515948 0.850323
vn 0.474945 0.566741 0.673225
vn 0.675503 0.604518 0.422202
vn 0.744447 0.628533 0.225266
vn 0.817167 0.571183 -0.077386
vn 0.829840 0.358238 -0.427822
vn 0.676565 0.076277 -0.732422
vn 0.472515 -0.069309 -0.878593
vn 0.229120 -0.201566 -0.952300
vn -0.143352 -0.433431 -0.889712
vn -0.477494 -0.562479 -0.674994
vn -0.719528 -0.519992 -0.460314
vn -0.847644 -0.424348 -0.318478
vn -0.953562 -0.297469 -0.047250
vn -0.926394 -0.161046 0.340379
vn -0.728593 0.037509 0.683919
vn -0.176419 0.446272 0.877335
vn -0.411085 0.290807 0.863968
vn 0.246219 0.561618 0.789912
vn 0.595295 0.577940 0.558220
vn 0.760945 0.584569 0.281501
vn 0.803097 0.590100 0.082568
vn 0.834224 0.505352 -0.220658
vn 0.791380 0.259147 -0.553679
vn 0.582616 -0.043550 -0.811580
vn 0.358544 -0.186694 -0.914654
vn 0.106745 -0.310187 -0.944664
vn -0.268535 -0.518304 -0.811942
vn -0.578536 -0.610298 -0.541140
vn -0.786280 -0.538931 -0.302186
vn -0.887992 -0.431533 -0.158898
vn -0.953638 -0.279452 0.111716
vn -0.868668 -0.109045 0.483244
vn -0.614935 0.112838 0.780463
vn -0.030190 0.500019 0.865488
vn -0.266277 0.358258 0.894845
vn 0.387219 0.584953 0.712665
vn 0.705121 0.561090 0.433569
vn 0.832212 0.536742 0.139034
vn 0.848607 0.525908 -0.057335
vn 0.838062 0.415410 -0.353675
vn 0.739455 0.139862 -0.658517
vn 0.479103 -0.174292 -0.860280
vn 0.240645 -0.308311 -0.920345
vn -0.013774 -0.417860 -0.908407
vn -0.381765 -0.594328 -0.707834
vn -0.658919 -0.643992 -0.388716
vn -0.829638 -0.541986 -0.133983
vn -0.906097 -0.423023 0.006266
vn -0.930635 -0.247656 0.269415
vn -0.787175 -0.049360 0.614752
vn -0.482036 0.186557 0.856059
vn 0.105111 0.562168 0.820316
vn -0.126669 0.438040 0.889986
vn 0.507323 0.611279 0.607422
vn 0.786859 0.544721 0.290056
vn 0.871654 0.489902 -0.014642
vn 0.861675 0.464525 -0.204288
vn 0.808539 0.331975 -0.485858
vn 0.657356 0.034369 -0.752796
vn 0.353784 -0.282619 -0.891607
vn 0.107203 -0.402576 -0.909087
vn -0.144738 -0.492485 -0.858201
vn -0.496796 -0.629826 -0.597087
vn -0.734442 -0.634974 -0.239590
vn -0.864516 -0.502070 0.023172
vn -0.914955 -0.372087 0.156233
vn -0.897573 -0.176579 0.403959
vn -0.698977 0.041100 0.713963
vn -0.349188 0.279014 0.894550
vn 0.220249 0.638081 0.737796
vn -0.002108 0.534456 0.845194
vn 0.597648 0.649287 0.470366
vn 0.832496 0.539865 0.124481
vn 0.871649 0.455449 -0.181094
vn 0.834658 0.417823 -0.358846
vn 0.738721 0.269974 -0.617581
vn 0.540873 -0.039757 -0.840164
vn 0.204468 -0.353304 -0.912890
vn -0.043741 -0.457052 -0.888364
vn -0.288819 -0.522989 -0.801914
vn -0.618656 -0.614892 -0.489052
vn -0.811503 -0.575125 -0.103417
vn -0.896472 -0.413479 0.159288
vn -0.919841 -0.274379 0.280373
vn -0.861726 -0.062593 0.503498
vn -0.614982 0.166302 0.770805
vn -0.227678 0.394644 0.890179
vn 0.329016 0.699169 0.634752
vn 0.119693 0.619291 0.775985
vn 0.672755 0.667935 0.318219
vn 0.855292 0.516116 -0.045820
vn 0.847581 0.405967 -0.341757
vn 0.786113 0.359710 -0.502629
vn 0.650617 0.203538 -0.731621
vn 0.411229 -0.108689 -0.905029
vn 0.049757 -0.411237 -0.910170
vn -0.194383 -0.497096 -0.845642
vn -0.427689 -0.537919 -0.726447
vn -0.726882 -0.580093 -0.367605
vn -0.868234 -0.494913 0.035085
vn -0.906548 -0.308869 0.287699
vn -0.904949 -0.164537 0.392423
vn -0.810002 0.058026 0.583550
vn -0.522122 0.291614 0.801467
vn -0.104934 0.502794 0.858013
vn 0.436827 0.733187 0.521171
vn 0.243349 0.679859 0.691790
vn 0.738714 0.654192 0.162279
vn 0.862171 0.461614 -0.208743
vn 0.808607 0.331706 -0.485928
vn 0.726723 0.280883 -0.626880
vn 0.556814 0.122601 -0.821540
vn 0.280870 -0.183817 -0.941978
vn -0.099364 -0.467191 -0.878555
vn -0.334897 -0.533212 -0.776871
vn -0.551826 -0.548949 -0.627808
vn -0.810743 -0.539025 -0.228360
vn -0.894434 -0.409510 0.179692
vn -0.887641 -0.204137 0.412821
vn -0.864976 -0.058391 0.498404
vn -0.738323 0.169106 0.652903
vn -0.415721 0.401082 0.816278
vn 0.023731 0.589075 0.807730
vn 0.540757 0.740373 0.399286
vn 0.366093 0.715625 0.594858
vn 0.792679 0.609604 0.006602
vn 0.852390 0.379727 -0.359498
vn 0.755678 0.236713 -0.610671
vn 0.657513 0.185104 -0.730351
vn 0.458825 0.030408 -0.888006
vn 0.152151 -0.262711 -0.952803
vn -0.240072 -0.518935 -0.820410
vn -0.462906 -0.562974 -0.684674
vn -0.659194 -0.553521 -0.508996
vn -0.868090 -0.490562 -0.075953
vn -0.889700 -0.320213 0.325420
vn -0.841067 -0.101038 0.531411
vn -0.801493 0.042954 0.596459
vn -0.648662 0.269878 0.711621
vn -0.297974 0.493643 0.817024
vn 0.155705 0.652327 0.741772
vn 0.637928 0.720628 0.271557
vn 0.485441 0.725786 0.487423
vn 0.831975 0.535719 -0.144303
vn 0.825622 0.273765 -0.493357
vn 0.689751 0.124448 -0.713272
vn 0.579189 0.075317 -0.811706
vn 0.357389 -0.070869 -0.931263
vn 0.026522 -0.344026 -0.938585
vn -0.369909 -0.565062 -0.737477
vn -0.575969 -0.584708 -0.571293
vn -0.747355 -0.549959 -0.372835
vn -0.896519 -0.434795 0.084889
vn -0.853649 -0.229348 0.467636
vn -0.767742 -0.001972 0.640756
vn -0.715356 0.137836 0.685031
vn -0.541871 0.359299 0.759789
vn -0.169819 0.568109 0.805242
vn 0.289075 0.691165 0.662364
vn 0.725366 0.673747 0.141099
vn 0.598958 0.709205 0.371858
vn 0.854371 0.434587 -0.284930
vn 0.782260 0.147250 -0.605300
vn 0.612010 -0.002001 -0.790847
vn 0.492401 -0.046081 -0.869148
vn 0.252715 -0.179827 -0.950683
vn -0.095227 -0.427202 -0.899128
vn -0.486387 -0.604741 -0.630648
vn -0.671273 -0.597407 -0.438744
vn -0.813350 -0.537561 -0.222463
vn -0.893663 -0.373456 0.248791
vn -0.786195 -0.140596 0.601773
vn -0.668370 0.089812 0.738387
vn -0.606910 0.223864 0.762591
vn -0.417802 0.435836 0.797176
vn -0.030975 0.622791 0.781775
vn 0.422390 0.703652 0.571367
vn 0.800044 0.599820 0.012043
vn 0.703985 0.664411 0.250923
vn 0.858660 0.309371 -0.408647
vn 0.723833 0.004212 -0.689962
vn 0.524149 -0.139616 -0.840104
vn 0.398049 -0.176850 -0.900156
vn 0.144830 -0.295334 -0.944353
vn -0.212434 -0.511829 -0.832407
vn -0.586373 -0.637321 -0.499989
vn -0.745378 -0.600674 -0.289141
vn -0.853883 -0.516781 -0.061823
vn -0.857922 -0.310297 0.409494
vn -0.688021 -0.059175 0.723274
vn -0.543733 0.170035 0.821853
vn -0.476277 0.297683 0.827372
vn -0.275540 0.497040 0.822818
vn 0.119688 0.654812 0.746254
vn 0.554119 0.686895 0.470242
vn 0.831362 0.553254 -0.052412
vn 0.751915 0.631896 0.187968
vn 0.852737 0.238728 -0.464594
vn 0.687808 -0.071923 -0.722320
vn 0.475712 -0.210670 -0.854000
vn 0.347358 -0.244119 -0.905399
vn 0.088625 -0.354622 -0.930800
vn -0.270122 -0.553451 -0.787862
vn -0.629992 -0.649475 -0.425785
vn -0.774098 -0.597719 -0.208577
vn -0.864348 -0.502421 0.021781
vn -0.827754 -0.277195 0.487839
vn -0.627858 -0.020436 0.778060
vn -0.472731 0.206129 0.856759
vn -0.403131 0.330154 0.853512
vn -0.197216 0.522076 0.829784
vn 0.199482 0.662357 0.722143
vn 0.618134 0.667741 0.414768
vn 0.128599 -0.983751 0.125281
vn 0.128599 -0.983751 0.125281
vn 0.128599 -0.983751 0.125281
vn 0.128599 -0.983751 0.125281
vn 0.128599 -0.983751 0.125281
vn 0.128599 -0.983751 0.125281
vn 0.128599 -0.983751 0.125281
vn 0.128599 -0.983751 0.125281
vn 0.128599 -0.983751 0.125281
vn 0.128599 -0.983751 0.125281
vn 0.128599 -0.983751 0.125281
vn 0.128599 -0.983751 0.125281
vn 0.128599 -0.983751 0.125281
vn 0.128599 -0.983751 0.125281
vn 0.128599 -0.983751 0.125281
vn 0.128599 -0.983751 0.125281
vn 0.128599 -0.983751 0.125281
vn 0.128599 -0.983751 0.125281
vn 0.128599 -0.983751 0.125281
vn -0.485714 0.748414 -0.451618
vn -0.485714 0.748414 -0.451618
vn -0.485714 0.748414 -0.451618
vn -0.485714 0.748414 -0.451618
vn -0.485714 0.748414 -0.451618
vn -0.485714 0.748414 -0.451618
vn -0.485714 0.748414 -0.451618
vn -0.485714 0.748414 -0.451618
vn -0.485714 0.748414 -0.451618
vn -0.485714 0.748414 -0.451618
vn -0.485714 0.748414 -0.451618
vn -0.485714 0.748414 -0.451618
vn -0.485714 0.748414 -0.451618
vn -0.485714 0.748414 -0.451618
vn -0.485714 0.748414 -0.451618
vn -0.485714 0.748414 -0.451618
vn -0.485714 0.748414 -0.451618
vn -0.485714 0.748414 -0.451618
vn -0.485714 0.748414 -0.451618
f 4152/4152/3932 4153/4153/3933 4172/4172/3934 4171/4171/3935
f 4153/4153/3933 4154/4154/3936 4173/4173/3937 4172/4172/3934
f 4154/4154/3936 4155/4155/3938 4174/4174/3939 4173/4173/3937
f 4155/4155/3938 4156/4156/3940 4175/4175/3941 4174/4174/3939
f 4156/4156/3940 4157/4157/3942 4176/4176/3943 4175/4175/3941
f 4157/4157/3942 4158/4158/3944 4177/4177/3945 4176/4176/3943
f 4158/4158/3944 4159/4159/3946 4178/4178/3947 4177/4177/3945
f 4159/4159/3946 4160/4160/3948 4179/4179/3949 4178/4178/3947
f 4160/4160/3948 4161/4161/3950 4180/4180/3951 4179/4179/3949
f 4161/4161/3950 4162/4162/3952 4181/4181/3953 4180/4180/3951
f 4162/4162/3952 4163/4163/3954 4182/4182/3955 4181/4181/3953
f 4163/4163/3954 4164/4164/3956 4183/4183/3957 4182/4182/3955
f 4164/4164/3956 4165/4165/3958 4184/4184/3959 4183/4183/3957
f 4165/4165/3958 4166/4166/3960 4185/4185/3961 4184/4184/3959
f 4166/4166/3960 4167/4167/3962 4186/4186/3963 4185/4185/3961
f 4167/4167/3962 4168/4168/3964 4187/4187/3965 4186/4186/3963
f 4168/4168/3964 4169/4169/3966 4188/4188/3967 4187/4187/3965
f 4169/4169/3966 4170/4170/3932 4189/4189/3935 4188/4188/3967
f 4171/4171/3935 4172/4172/3934 4191/4191/3968 4190/4190/3969
f 4172/4172/3934 4173/4173/3937 4192/4192/3970 4191/4191/3968
f 4173/4173/3937 4174/4174/3939 4193/4193/3971 4192/4192/3970
f 4174/4174/3939 4175/4175/3941 4194/4194/3972 4193/4193/3971
f 4175/4175/3941 4176/4176/3943 4195/4195/3973 4194/4194/3972
f 4176/4176/3943 4177/4177/3945 4196/4196/3974 4195/4195/3973
f 4177/4177/3945 4178/4178/3947 4197/4197/3975 4196/4196/3974
f 4178/4178/3947 4179/4179/3949 4198/4198/3976 4197/4197/3975
f 4179/4179/3949 4180/4180/3951 4199/4199/3977 4198/4198/3976
f 4180/4180/3951 4181/4181/3953 4200/4200/3978 4199/4199/3977
f 4181/4181/3953 4182/4182/3955 4201/4201/3979 4200/4200/3978
f 4182/4182/3955 4183/4183/3957 4202/4202/3980 4201/4201/3979
f 4183/4183/3957 4184/4184/3959 4203/4203/3981 4202/4202/3980
f 4184/4184/3959 4185/4185/3961 4204/4204/3982 4203/4203/3981
f 4185/4185/3961 4186/4186/3963 4205/4205/3983 4204/4204/3982
f 4186/4186/3963 4187/4187/3965 4206/4206/3984 4205/4205/3983
f 4187/4187/3965 4188/4188/3967 4207/4207/3985 4206/4206/3984
f 4188/4188/3967 4189/4189/3935 4208/4208/3969 4207/4207/3985
f 4190/4190/3969 4191/4191/3968 4210/4210/3986 4209/4209/3987
f 4191/4191/3968 4192/4192/3970 4211/4211/3988 4210/4210/3986
f 4192/4192/3970 4193/4193/3971 4212/4212/3989 4211/4211/3988
f 4193/4193/3971 4194/4194/3972 4213/4213/3990 4212/4212/3989
f 4194/4194/3972 4195/4195/3973 4214/4214/3991 4213/4213/3990
f 4195/4195/3973 4196/4196/3974 4215/4215/3992 4214/4214/3991
f 4196/4196/3974 4197/4197/3975 4216/4216/3993 4215/4215/3992
f 4197/4197/3975 4198/4198/3976 4217/4217/3994 4216/4216/3993
f 4198/4198/3976 4199/4199/3977 4218/4218/3995 4217/4217/3994
f 4199/4199/3977 4200/4200/3978 4219/4219/3996 4218/4218/3995
f 4200/4200/3978 4201/4201/3979 4220/4220/3997 4219/4219/3996
f 4201/4201/3979 4202/4202/3980 4221/4221/3998 4220/4220/3997
f 4202/4202/3980 4203/4203/3981 4222/4222/3999 4221/4221/3998
f 4203/4203/3981 4204/4204/3982 4223/4223/4000 4222/4222/3999
f 4204/4204/3982 4205/4205/3983 4224/4224/4001 4223/4223/4000
f 4205/4205/3983 4206/4206/3984 4225/4225/4002 4224/4224/4001
f 4206/4206/3984 4207/4207/3985 4226/4226/4003 4225/4225/4002
f 4207/4207/3985 4208/4208/3969 4227/4227/3987 4226/4226/4003
f 4209/4209/3987 4210/4210/3986 4229/4229/4004 4228/4228/4005
f 4210/4210/3986 4211/4211/3988 4230/4230/4006 4229/4229/4004
f 4211/4211/3988 4212/4212/3989 4231/4231/4007 4230/4230/4006
f 4212/4212/3989 4213/4213/3990 4232/4232/4008 4231/4231/4007
f 4213/4213/3990 4214/4214/3991 4233/4233/4009 4232/4232/4008
f 4214/4214/3991 4215/4215/3992 4234/4234/4010 4233/4233/4009
f 4215/4215/3992 4216/4216/3993 4235/4235/4011 4234/4234/4010
f 4216/4216/3993 4217/4217/3994 4236/4236/4012 4235/4235/4011
f 4217/4217/3994 4218/4218/3995 4237/4237/4013 4236/4236/4012
f 4218/4218/3995 4219/4219/3996 4238/4238/4014 4237/4237/4013
f 4219/4219/3996 4220/4220/3997 4239/4239/4015 4238/4238/4014
f 4220/4220/3997 4221/4221/3998 4240/4240/4016 4239/4239/4015
f 4221/4221/3998 4222/4222/3999 4241/4241/4017 4240/4240/4016
f 4222/4222/3999 4223/4223/4000 4242/4242/4018 4241/4241/4017
f 4223/4223/4000 4224/4224/4001 4243/4243/4019 4242/4242/4018
f 4224/4224/4001 4225/4225/4002 4244/4244/4020 4243/4243/4019
f 4225/4225/4002 4226/4226/4003 4245/4245/4021 4244/4244/4020
f 4226/4226/4003 4227/4227/3987 4246/4246/4005 4245/4245/4021
f 4228/4228/4005 4229/4229/4004 4248/4248/4022 4247/4247/4023
f 4229/4229/4004 4230/4230/4006 4249/4249/4024 4248/4248/4022
f 4230/4230/4006 4231/4231/4007 4250/4250/4025 4249/4249/4024
f 4231/4231/4007 4232/4232/4008 4251/4251/4026 4250/4250/4025
f 4232/4232/4008 4233/4233/4009 4252/4252/4027 4251/4251/4026
f 4233/4233/4009 4234/4234/4010 4253/4253/4028 4252/4252/4027
f 4234/4234/4010 4235/4235/4011 4254/4254/4029 4253/4253/4028
f 4235/4235/4011 4236/4236/4012 4255/4255/4030 4254/4254/4029
f 4236/4236/4012 4237/4237/4013 4256/4256/4031 4255/4255/4030
f 4237/4237/4013 4238/4238/4014 4257/4257/4032 4256/4256/4031
f 4238/4238/4014 4239/4239/4015 4258/4258/4033 4257/4257/4032
f 4239/4239/4015 4240/4240/4016 4259/4259/4034 4258/4258/4033
f 4240/4240/4016 4241/4241/4017 4260/4260/4035 4259/4259/4034
f 4241/4241/4017 4242/4242/4018 4261/4261/4036 4260/4260/4035
f 4242/4242/4018 4243/4243/4019 4262/4262/4037 4261/4261/4036
f 4243/4243/4019 4244/4244/4020 4263/4263/4038 4262/4262/4037
f 4244/4244/4020 4245/4245/4021 4264/4264/4039 4263/4263/4038
f 4245/4245/4021 4246/4246/4005 4265/4265/4023 4264/4264/4039
f 4247/4247/4023 4248/4248/4022 4267/4267/4040 4266/4266/4041
f 4248/4248/4022 4249/4249/4024 4268/4268/4042 4267/4267/4040
f 4249/4249/4024 4250/4250/4025 4269/4269/4043 4268/4268/4042
f 4250/4250/4025 4251/4251/4026 4270/4270/4044 4269/4269/4043
f 4251/4251/4026 4252/4252/4027 4271/4271/4045 4270/4270/4044
f 4252/4252/4027 4253/4253/4028 4272/4272/4046 4271/4271/4045
f 4253/4253/4028 4254/4254/4029 4273/4273/4047 4272/4272/4046
f 4254/4254/4029 4255/4255/4030 4274/4274/4048 4273/4273/4047
f 4255/4255/4030 4256/4256/4031 4275/4275/4049 4274/4274/4048
f 4256/4256/4031 4257/4257/4032 4276/4276/4050 4275/4275/4049
f 4257/4257/4032 4258/4258/4033 4277/4277/4051 4276/4276/4050
f 4258/4258/4033 4259/4259/4034 4278/4278/4052 4277/4277/4051
f 4259/4259/4034 4260/4260/4035 4279/4279/4053 4278/4278/4052
f 4260/4260/4035 4261/4261/4036 4280/4280/4054 4279/4279/4053
f 4261/4261/4036 4262/4262/4037 4281/4281/4055 4280/4280/4054
f 4262/4262/4037 4263/4263/4038 4282/4282/4056 4281/4281/4055
f 4263/4263/4038 4264/4264/4039 4283/4283/4057 4282/4282/4056
f 4264/4264/4039 4265/4265/4023 4284/4284/4041 4283/4283/4057
f 4266/4266/4041 4267/4267/4040 4286/4286/4058 4285/4285/4059
f 4267/4267/4040 4268/4268/4042 4287/4287/4060 4286/4286/4058
f 4268/4268/4042 4269/4269/4043 4288/4288/4061 4287/4287/4060
f 4269/4269/4043 4270/4270/4044 4289/4289/4062 4288/4288/4061
f 4270/4270/4044 4271/4271/4045 4290/4290/4063 4289/4289/4062
f 4271/4271/4045 4272/4272/4046 4291/4291/4064 4290/4290/4063
f 4272/4272/4046 4273/4273/4047 4292/4292/4065 4291/4291/4064
f 4273/4273/4047 4274/4274/4048 4293/4293/4066 4292/4292/4065
f 4274/4274/4048 4275/4275/4049 4294/4294/4067 4293/4293/4066
f 4275/4275/4049 4276/4276/4050 4295/4295/4068 4294/4294/4067
f 4276/4276/4050 4277/4277/4051 4296/4296/4069 4295/4295/4068
f 4277/4277/4051 4278/4278/4052 4297/4297/4070 4296/4296/4069
f 4278/4278/4052 4279/4279/4053 4298/4298/4071 4297/4297/4070
f 4279/4279/4053 4280/4280/4054 4299/4299/4072 4298/4298/4071
f 4280/4280/4054 4281/4281/4055 4300/4300/4073 4299/4299/4072
f 4281/4281/4055 4282/4282/4056 4301/4301/4074 4300/4300/4073
f 4282/4282/4056 4283/4283/4057 4302/4302/4075 4301/4301/4074
f 4283/4283/4057 4284/4284/4041 4303/4303/4059 4302/4302/4075
f 4285/4285/4059 4286/4286/4058 4305/4305/4076 4304/4304/4077
f 4286/4286/4058 4287/4287/4060 4306/4306/4078 4305/4305/4076
f 4287/4287/4060 4288/4288/4061 4307/4307/4079 4306/4306/4078
f 4288/4288/4061 4289/4289/4062 4308/4308/4080 4307/4307/4079
f 4289/4289/4062 4290/4290/4063 4309/4309/4081 4308/4308/4080
f 4290/4290/4063 4291/4291/4064 4310/4310/4082 4309/4309/4081
f 4291/4291/4064 4292/4292/4065 4311/4311/4083 4310/4310/4082
f 4292/4292/4065 4293/4293/4066 4312/4312/4084 4311/4311/4083
f 4293/4293/4066 4294/4294/4067 4313/4313/4085 4312/4312/4084
f 4294/4294/4067 4295/4295/4068 4314/4314/4086 4313/4313/4085
f 4295/4295/4068 4296/4296/4069 4315/4315/4087 4314/4314/4086
f 4296/4296/4069 4297/4297/4070 4316/4316/4088 4315/4315/4087
f 4297/4297/4070 4298/4298/4071 4317/4317/4089 4316/4316/4088
f 4298/4298/4071 4299/4299/4072 4318/4318/4090 4317/4317/4089
f 4299/4299/4072 4300/4300/4073 4319/4319/4091 4318/4318/4090
f 4300/4300/4073 4301/4301/4074 4320/4320/4092 4319/4319/4091
f 4301/4301/4074 4302/4302/4075 4321/4321/4093 4320/4320/4092
f 4302/4302/4075 4303/4303/4059 4322/4322/4077 4321/4321/4093
f 4304/4304/4077 4305/4305/4076 4324/4324/4094 4323/4323/4095
f 4305/4305/4076 4306/4306/4078 4325/4325/4096 4324/4324/4094
f 4306/4306/4078 4307/4307/4079 4326/4326/4097 4325/4325/4096
f 4307/4307/4079 4308/4308/4080 4327/4327/4098 4326/4326/4097
f 4308/4308/4080 4309/4309/4081 4328/4328/4099 4327/4327/4098
f 4309/4309/4081 4310/4310/4082 4329/4329/4100 4328/4328/4099
f 4310/4310/4082 4311/4311/4083 4330/4330/4101 4329/4329/4100
f 4311/4311/4083 4312/4312/4084 4331/4331/4102 4330/4330/4101
f 4312/4312/4084 4313/4313/4085 4332/4332/4103 4331/4331/4102
f 4313/4313/4085 4314/4314/4086 4333/4333/4104 4332/4332/4103
f 4314/4314/4086 4315/4315/4087 4334/4334/4105 4333/4333/4104
f 4315/4315/4087 4316/4316/4088 4335/4335/4106 4334/4334/4105
f 4316/4316/4088 4317/4317/4089 4336/4336/4107 4335/4335/4106
f 4317/4317/4089 4318/4318/4090 4337/4337/4108 4336/4336/4107
f 4318/4318/4090 4319/4319/4091 4338/4338/4109 4337/4337/4108
f 4319/4319/4091 4320/4320/4092 4339/4339/4110 4338/4338/4109
f 4320/4320/4092 4321/4321/4093 4340/4340/4111 4339/4339/4110
f 4321/4321/4093 4322/4322/4077 4341/4341/4095 4340/4340/4111
f 4323/4323/4095 4324/4324/4094 4343/4343/4112 4342/4342/4113
f 4324/4324/4094 4325/4325/4096 4344/4344/4114 4343/4343/4112
f 4325/4325/4096 4326/4326/4097 4345/4345/4115 4344/4344/4114
f 4326/4326/4097 4327/4327/4098 4346/4346/4116 4345/4345/4115
f 4327/4327/4098 4328/4328/4099 4347/4347/4117 4346/4346/4116
f 4328/4328/4099 4329/4329/4100 4348/4348/4118 4347/4347/4117
f 4329/4329/4100 4330/4330/4101 4349/4349/4119 4348/4348/4118
f 4330/4330/4101 4331/4331/4102 4350/4350/4120 4349/4349/4119
f 4331/4331/4102 4332/4332/4103 4351/4351/4121 4350/4350/4120
f 4332/4332/4103 4333/4333/4104 4352/4352/4122 4351/4351/4121
f 4333/4333/4104 4334/4334/4105 4353/4353/4123 4352/4352/4122
f 4334/4334/4105 4335/4335/4106 4354/4354/4124 4353/4353/4123
f 4335/4335/4106 4336/4336/4107 4355/4355/4125 4354/4354/4124
f 4336/4336/4107 4337/4337/4108 4356/4356/4126 4355/4355/4125
f 4337/4337/4108 4338/4338/4109 4357/4357/4127 4356/4356/4126
f 4338/4338/4109 4339/4339/4110 4358/4358/4128 4357/4357/4127
f 4339/4339/4110 4340/4340/4111 4359/4359/4129 4358/4358/4128
f 4340/4340/4111 4341/4341/4095 4360/4360/4113 4359/4359/4129
f 4342/4342/4113 4343/4343/4112 4362/4362/4130 4361/4361/4131
f 4343/4343/4112 4344/4344/4114 4363/4363/4132 4362/4362/4130
f 4344/4344/4114 4345/4345/4115 4364/4364/4133 4363/4363/4132
f 4345/4345/4115 4346/4346/4116 4365/4365/4134 4364/4364/4133
f 4346/4346/4116 4347/4347/4117 4366/4366/4135 4365/4365/4134
f 4347/4347/4117 4348/4348/4118 4367/4367/4136 4366/4366/4135
f 4348/4348/4118 4349/4349/4119 4368/4368/4137 4367/4367/4136
f 4349/4349/4119 4350/4350/4120 4369/4369/4138 4368/4368/4137
f 4350/4350/4120 4351/4351/4121 4370/4370/4139 4369/4369/4138
f 4351/4351/4121 4352/4352/4122 4371/4371/4140 4370/4370/4139
f 4352/4352/4122 4353/4353/4123 4372/4372/4141 4371/4371/4140
f 4353/4353/4123 4354/4354/4124 4373/4373/4142 4372/4372/4141
f 4354/4354/4124 4355/4355/4125 4374/4374/4143 4373/4373/4142
f 4355/4355/4125 4356/4356/4126 4375/4375/4144 4374/4374/4143
f 4356/4356/4126 4357/4357/4127 4376/4376/4145 4375/4375/4144
f 4357/4357/4127 4358/4358/4128 4377/4377/4146 4376/4376/4145
f 4358/4358/4128 4359/4359/4129 4378/4378/4147 4377/4377/4146
f 4359/4359/4129 4360/4360/4113 4379/4379/4131 4378/4378/4147
f 4361/4361/4131 4362/4362/4130 4381/4381/4148 4380/4380/4149
f 4362/4362/4130 4363/4363/4132 4382/4382/4150 4381/4381/4148
f 4363/4363/4132 4364/4364/4133 4383/4383/4151 4382/4382/4150
f 4364/4364/4133 4365/4365/4134 4384/4384/4152 4383/4383/4151
f 4365/4365/4134 4366/4366/4135 4385/4385/4153 4384/4384/4152
f 4366/4366/4135 4367/4367/4136 4386/4386/4154 4385/4385/4153
f 4367/4367/4136 4368/4368/4137 4387/4387/4155 4386/4386/4154
f 4368/4368/4137 4369/4369/4138 4388/4388/4156 4387/4387/4155
f 4369/4369/4138 4370/4370/4139 4389/4389/4157 4388/4388/4156
f 4370/4370/4139 4371/4371/4140 4390/4390/4158 4389/4389/4157
f 4371/4371/4140 4372/4372/4141 4391/4391/4159 4390/4390/4158
f 4372/4372/4141 4373/4373/4142 4392/4392/4160 4391/4391/4159
f 4373/4373/4142 4374/4374/4143 4393/4393/4161 4392/4392/4160
f 4374/4374/4143 4375/4375/4144 4394/4394/4162 4393/4393/4161
f 4375/4375/4144 4376/4376/4145 4395/4395/4163 4394/4394/4162
f 4376/4376/4145 4377/4377/4146 4396/4396/4164 4395/4395/4163
f 4377/4377/4146 4378/4378/4147 4397/4397/4165 4396/4396/4164
f 4378/4378/4147 4379/4379/4131 4398/4398/4149 4397/4397/4165
f 4380/4380/4149 4381/4381/4148 4400/4400/4166 4399/4399/4167
f 4381/4381/4148 4382/4382/4150 4401/4401/4168 4400/4400/4166
f 4382/4382/4150 4383/4383/4151 4402/4402/4169 4401/4401/4168
f 4383/4383/4151 4384/4384/4152 4403/4403/4170 4402/4402/4169
f 4384/4384/4152 4385/4385/4153 4404/4404/4171 4403/4403/4170
f 4385/4385/4153 4386/4386/4154 4405/4405/4172 4404/4404/4171
f 4386/4386/4154 4387/4387/4155 4406/4406/4173 4405/4405/4172
f 4387/4387/4155 4388/4388/4156 4407/4407/4174 4406/4406/4173
f 4388/4388/4156 4389/4389/4157 4408/4408/4175 4407/4407/4174
f 4389/4389/4157 4390/4390/4158 4409/4409/4176 4408/4408/4175
f 4390/4390/4158 4391/4391/4159 4410/4410/4177 4409/4409/4176
f 4391/4391/4159 4392/4392/4160 4411/4411/4178 4410/4410/4177
f 4392/4392/4160 4393/4393/4161 4412/4412/4179 4411/4411/4178
f 4393/4393/4161 4394/4394/4162 4413/4413/4180 4412/4412/4179
f 4394/4394/4162 4395/4395/4163 4414/4414/4181 4413/4413/4180
f 4395/4395/4163 4396/4396/4164 4415/4415/4182 4414/4414/4181
f 4396/4396/4164 4397/4397/4165 4416/4416/4183 4415/4415/4182
f 4397/4397/4165 4398/4398/4149 4417/4417/4167 4416/4416/4183
f 4399/4399/4167 4400/4400/4166 4419/4419/4184 4418/4418/4185
f 4400/4400/4166 4401/4401/4168 4420/4420/4186 4419/4419/4184
f 4401/4401/4168 4402/4402/4169 4421/4421/4187 4420/4420/4186
f 4402/4402/4169 4403/4403/4170 4422/4422/4188 4421/4421/4187
f 4403/4403/4170 4404/4404/4171 4423/4423/4189 4422/4422/4188
f 4404/4404/4171 4405/4405/4172 4424/4424/4190 4423/4423/4189
f 4405/4405/4172 4406/4406/4173 4425/4425/4191 4424/4424/4190
f 4406/4406/4173 4407/4407/4174 4426/4426/4192 4425/4425/4191
f 4407/4407/4174 4408/4408/4175 4427/4427/4193 4426/4426/4192
f 4408/4408/4175 4409/4409/4176 4428/4428/4194 4427/4427/4193
f 4409/4409/4176 4410/4410/4177 4429/4429/4195 4428/4428/4194
f 4410/4410/4177 4411/4411/4178 4430/4430/4196 4429/4429/4195
f 4411/4411/4178 4412/4412/4179 4431/4431/4197 4430/4430/4196
f 4412/4412/4179 4413/4413/4180 4432/4432/4198 4431/4431/4197
f 4413/4413/4180 4414/4414/4181 4433/4433/4199 4432/4432/4198
f 4414/4414/4181 4415/4415/4182 4434/4434/4200 4433/4433/4199
f 4415/4415/4182 4416/4416/4183 4435/4435/4201 4434/4434/4200
f 4416/4416/4183 4417/4417/4167 4436/4436/4185 4435/4435/4201
f 4418/4418/4185 4419/4419/4184 4438/4438/4202 4437/4437/4203
f 4419/4419/4184 4420/4420/4186 4439/4439/4204 4438/4438/4202
f 4420/4420/4186 4421/4421/4187 4440/4440/4205 4439/4439/4204
f 4421/4421/4187 4422/4422/4188 4441/4441/4206 4440/4440/4205
f 4422/4422/4188 4423/4423/4189 4442/4442/4207 4441/4441/4206
f 4423/4423/4189 4424/4424/4190 4443/4443/4208 4442/4442/4207
f 4424/4424/4190 4425/4425/4191 4444/4444/4209 4443/4443/4208
f 4425/4425/4191 4426/4426/4192 4445/4445/4210 4444/4444/4209
f 4426/4426/4192 4427/4427/4193 4446/4446/4211 4445/4445/4210
f 4427/4427/4193 4428/4428/4194 4447/4447/4212 4446/4446/4211
f 4428/4428/4194 4429/4429/4195 4448/4448/4213 4447/4447/4212
f 4429/4429/4195 4430/4430/4196 4449/4449/4214 4448/4448/4213
f 4430/4430/4196 4431/4431/4197 4450/4450/4215 4449/4449/4214
f 4431/4431/4197 4432/4432/4198 4451/4451/4216 4450/4450/4215
f 4432/4432/4198 4433/4433/4199 4452/4452/4217 4451/4451/4216
f 4433/4433/4199 4434/4434/4200 4453/4453/4218 4452/4452/4217
f 4434/4434/4200 4435/4435/4201 4454/4454/4219 4453/4453/4218
f 4435/4435/4201 4436/4436/4185 4455/4455/4203 4454/4454/4219
f 4437/4437/4203 4438/4438/4202 4457/4457/4220 4456/4456/4221
f 4438/4438/4202 4439/4439/4204 4458/4458/4222 4457/4457/4220
f 4439/4439/4204 4440/4440/4205 4459/4459/4223 4458/4458/4222
f 4440/4440/4205 4441/4441/4206 4460/4460/4224 4459/4459/4223
f 4441/4441/4206 4442/4442/4207 4461/4461/4225 4460/4460/4224
f 4442/4442/4207 4443/4443/4208 4462/4462/4226 4461/4461/4225
f 4443/4443/4208 4444/4444/4209 4463/4463/4227 4462/4462/4226
f 4444/4444/4209 4445/4445/4210 4464/4464/4228 4463/4463/4227
f 4445/4445/4210 4446/4446/4211 4465/4465/4229 4464/4464/4228
f 4446/4446/4211 4447/4447/4212 4466/4466/4230 4465/4465/4229
f 4447/4447/4212 4448/4448/4213 4467/4467/4231 4466/4466/4230
f 4448/4448/4213 4449/4449/4214 4468/4468/4232 4467/4467/4231
f 4449/4449/4214 4450/4450/4215 4469/4469/4233 4468/4468/4232
f 4450/4450/4215 4451/4451/4216 4470/4470/4234 4469/4469/4233
f 4451/4451/4216 4452/4452/4217 4471/4471/4235 4470/4470/4234
f 4452/4452/4217 4453/4453/4218 4472/4472/4236 4471/4471/4235
f 4453/4453/4218 4454/4454/4219 4473/4473/4237 4472/4472/4236
f 4454/4454/4219 4455/4455/4203 4474/4474/4221 4473/4473/4237
f 4456/4456/4221 4457/4457/4220 4476/4476/4238 4475/4475/4239
f 4457/4457/4220 4458/4458/4222 4477/4477/4240 4476/4476/4238
f 4458/4458/4222 4459/4459/4223 4478/4478/4241 4477/4477/4240
f 4459/4459/4223 4460/4460/4224 4479/4479/4242 4478/4478/4241
f 4460/4460/4224 4461/4461/4225 4480/4480/4243 4479/4479/4242
f 4461/4461/4225 4462/4462/4226 4481/4481/4244 4480/4480/4243
f 4462/4462/4226 4463/4463/4227 4482/4482/4245 4481/4481/4244
f 4463/4463/4227 4464/4464/4228 4483/4483/4246 4482/4482/4245
f 4464/4464/4228 4465/4465/4229 4484/4484/4247 4483/4483/4246
f 4465/4465/4229 4466/4466/4230 4485/4485/4248 4484/4484/4247
f 4466/4466/4230 4467/4467/4231 4486/4486/4249 4485/4485/4248
f 4467/4467/4231 4468/4468/4232 4487/4487/4250 4486/4486/4249
f 4468/4468/4232 4469/4469/4233 4488/4488/4251 4487/4487/4250
f 4469/4469/4233 4470/4470/4234 4489/4489/4252 4488/4488/4251
f 4470/4470/4234 4471/4471/4235 4490/4490/4253 4489/4489/4252
f 4471/4471/4235 4472/4472/4236 4491/4491/4254 4490/4490/4253
f 4472/4472/4236 4473/4473/4237 4492/4492/4255 4491/4491/4254
f 4473/4473/4237 4474/4474/4221 4493/4493/4239 4492/4492/4255
f 4475/4475/4239 4476/4476/4238 4495/4495/4256 4494/4494/4257
f 4476/4476/4238 4477/4477/4240 4496/4496/4258 4495/4495/4256
f 4477/4477/4240 4478/4478/4241 4497/4497/4259 4496/4496/4258
f 4478/4478/4241 4479/4479/4242 4498/4498/4260 4497/4497/4259
f 4479/4479/4242 4480/4480/4243 4499/4499/4261 4498/4498/4260
f 4480/4480/4243 4481/4481/4244 4500/4500/4262 4499/4499/4261
f 4481/4481/4244 4482/4482/4245 4501/4501/4263 4500/4500/4262
f 4482/4482/4245 4483/4483/4246 4502/4502/4264 4501/4501/4263
f 4483/4483/4246 4484/4484/4247 4503/4503/4265 4502/4502/4264
f 4484/4484/4247 4485/4485/4248 4504/4504/4266 4503/4503/4265
f 4485/4485/4248 4486/4486/4249 4505/4505/4267 4504/4504/4266
f 4486/4486/4249 4487/4487/4250 4506/4506/4268 4505/4505/4267
f 4487/4487/4250 4488/4488/4251 4507/4507/4269 4506/4506/4268
f 4488/4488/4251 4489/4489/4252 4508/4508/4270 4507/4507/4269
f 4489/4489/4252 4490/4490/4253 4509/4509/4271 4508/4508/4270
f 4490/4490/4253 4491/4491/4254 4510/4510/4272 4509/4509/4271
f 4491/4491/4254 4492/4492/4255 4511/4511/4273 4510/4510/4272
f 4492/4492/4255 4493/4493/4239 4512/4512/4257 4511/4511/4273
f 4513/4513/4274 4515/4515/4275 4514/4514/4276
f 4513/4513/4274 4516/4516/4277 4515/4515/4275
f 4513/4513/4274 4517/4517/4278 4516/4516/4277
f 4513/4513/4274 4518/4518/4279 4517/4517/4278
f 4513/4513/4274 4519/4519/4280 4518/4518/4279
f 4513/4513/4274 4520/4520/4281 4519/4519/4280
f 4513/4513/4274 4521/4521/4282 4520/4520/4281
f 4513/4513/4274 4522/4522/4283 4521/4521/4282
f 4513/4513/4274 4523/4523/4284 4522/4522/4283
f 4513/4513/4274 4524/4524/4285 4523/4523/4284
f 4513/4513/4274 4525/4525/4286 4524/4524/4285
f 4513/4513/4274 4526/4526/4287 4525/4525/4286
f 4513/4513/4274 4527/4527/4288 4526/4526/4287
f 4513/4513/4274 4528/4528/4289 4527/4527/4288
f 4513/4513/4274 4529/4529/4290 4528/4528/4289
f 4513/4513/4274 4530/4530/4291 4529/4529/4290
f 4513/4513/4274 4531/4531/4292 4530/4530/4291
f 4513/4513/4274 4514/4514/4276 4531/4531/4292
f 4532/4532/4293 4533/4533/4294 4534/4534/4295
f 4532/4532/4293 4534/4534/4295 4535/4535/4296
f 4532/4532/4293 4535/4535/4296 4536/4536/4297
f 4532/4532/4293 4536/4536/4297 4537/4537/4298
f 4532/4532/4293 4537/4537/4298 4538/4538/4299
f 4532/4532/4293 4538/4538/4299 4539/4539/4300
f 4532/4532/4293 4539/4539/4300 4540/4540/4301
f 4532/4532/4293 4540/4540/4301 4541/4541/4302
f 4532/4532/4293 4541/4541/4302 4542/4542/4303
f 4532/4532/4293 4542/4542/4303 4543/4543/4304
f 4532/4532/4293 4543/4543/4304 4544/4544/4305
f 4532/4532/4293 4544/4544/4305 4545/4545/4306
f 4532/4532/4293 4545/4545/4306 4546/4546/4307
f 4532/4532/4293 4546/4546/4307 4547/4547/4308
f 4532/4532/4293 4547/4547/4308 4548/4548/4309
f 4532/4532/4293 4548/4548/4309 4549/4549/4310
f 4532/4532/4293 4549/4549/4310 4550/4550/4311
f 4532/4532/4293 4550/4550/4311 4533/4533/4294

o Palm
usemtl Skin_Tom
v 0.053598 0.107569 -0.383776
v 0.052971 0.112598 -0.379370
v 0.055490 0.116723 -0.374944
v 0.060806 0.120042 -0.370500
v 0.068685 0.122354 -0.366286
v 0.079497 0.123590 -0.362264
v 0.088485 0.123208 -0.360203
v 0.095933 0.121349 -0.359898
v 0.101469 0.118145 -0.361328
v 0.104853 0.113432 -0.364708
v 0.105561 0.108386 -0.369107
v 0.103091 0.104228 -0.373552
v 0.097768 0.100897 -0.378008
v 0.089821 0.098616 -0.382212
v 0.078964 0.097388 -0.386239
v 0.069986 0.097746 -0.388320
v 0.062535 0.099612 -0.388619
v 0.056989 0.102840 -0.387169
v 0.053598 0.107569 -0.383776
v 0.051381 0.101409 -0.377295
v 0.050807 0.106369 -0.372938
v 0.053418 0.110448 -0.368528
v 0.058860 0.113742 -0.364074
v 0.066893 0.116050 -0.359821
v 0.077892 0.117308 -0.355730
v 0.087018 0.116963 -0.353598
v 0.094561 0.115154 -0.353222
v 0.100144 0.112012 -0.354583
v 0.103523 0.107373 -0.357897
v 0.104659 0.102301 -0.362206
v 0.102384 0.097986 -0.366740
v 0.096893 0.094612 -0.371280
v 0.088393 0.092518 -0.375463
v 0.077052 0.091376 -0.379541
v 0.067968 0.091618 -0.381755
v 0.060413 0.093455 -0.382109
v 0.054787 0.096702 -0.380663
v 0.051381 0.101409 -0.377295
v 0.048453 0.095090 -0.371149
v 0.047973 0.099986 -0.366825
v 0.050792 0.104032 -0.362389
v 0.056544 0.107322 -0.357855
v 0.064976 0.109655 -0.353474
v 0.076474 0.110970 -0.349196
v 0.085982 0.110689 -0.346904
v 0.093804 0.108952 -0.346387
v 0.099551 0.105885 -0.347636
v 0.102964 0.101325 -0.350869
v 0.105440 0.096031 -0.355020
v 0.103813 0.091145 -0.359901
v 0.097886 0.087574 -0.364737
v 0.087800 0.086001 -0.368871
v 0.075064 0.085152 -0.373057
v 0.065682 0.085128 -0.375593
v 0.057825 0.086948 -0.376043
v 0.051949 0.090329 -0.374543
v 0.048453 0.095090 -0.371149
v 0.045038 0.088637 -0.365255
v 0.044678 0.093472 -0.360954
v 0.047787 0.097495 -0.356462
v 0.053980 0.100795 -0.351801
v 0.062980 0.103172 -0.347227
v 0.075196 0.104569 -0.342682
v 0.085256 0.104372 -0.340165
v 0.093487 0.102722 -0.339460
v 0.099479 0.099740 -0.340567
v 0.102954 0.095262 -0.343708
v 0.106951 0.089702 -0.347694
v 0.106013 0.084148 -0.352997
v 0.099504 0.080337 -0.358208
v 0.087488 0.079343 -0.362332
v 0.073046 0.078721 -0.366768
v 0.063246 0.078287 -0.369789
v 0.054944 0.080111 -0.370355
v 0.048684 0.083743 -0.368730
v 0.045038 0.088637 -0.365255
v 0.041355 0.082076 -0.359532
v 0.041132 0.086851 -0.355248
v 0.044578 0.090856 -0.350682
v 0.051284 0.094175 -0.345866
v 0.060951 0.096608 -0.341062
v 0.074012 0.098102 -0.336203
v 0.084722 0.098000 -0.333426
v 0.093436 0.096445 -0.332505
v 0.099720 0.093553 -0.333451
v 0.103273 0.089158 -0.336496
v 0.106898 0.083705 -0.340484
v 0.105484 0.078267 -0.345809
v 0.098481 0.074470 -0.351140
v 0.085993 0.073332 -0.355522
v 0.070976 0.072257 -0.360524
v 0.060640 0.071452 -0.364027
v 0.051824 0.073256 -0.364748
v 0.045154 0.077083 -0.363055
v 0.041355 0.082076 -0.359532
v 0.037625 0.075432 -0.353896
v 0.037544 0.080148 -0.349628
v 0.041338 0.084137 -0.344984
v 0.048578 0.087477 -0.340005
v 0.058937 0.089968 -0.334964
v 0.072874 0.091562 -0.329778
v 0.084260 0.091558 -0.326731
v 0.093476 0.090100 -0.325587
v 0.100065 0.087299 -0.326369
v 0.103700 0.082989 -0.329314
v 0.105415 0.077947 -0.333441
v 0.102597 0.073271 -0.338450
v 0.095215 0.069701 -0.343675
v 0.083501 0.067832 -0.348514
v 0.068811 0.065984 -0.354132
v 0.057799 0.065080 -0.357905
v 0.048481 0.066788 -0.358849
v 0.041507 0.070523 -0.357321
v 0.037625 0.075432 -0.353896
v 0.034071 0.068729 -0.348266
v 0.034122 0.073388 -0.344015
v 0.038241 0.077361 -0.339298
v 0.045977 0.080720 -0.334169
v 0.056980 0.083266 -0.328905
v 0.071733 0.084953 -0.323417
v 0.083748 0.085040 -0.320118
v 0.093430 0.083674 -0.318766
v 0.100302 0.080958 -0.319394
v 0.104013 0.076729 -0.322246
v 0.104364 0.071992 -0.326460
v 0.100484 0.067854 -0.331265
v 0.092712 0.064440 -0.336453
v 0.081374 0.062049 -0.341665
v 0.066597 0.059906 -0.347574
v 0.054843 0.059187 -0.351379
v 0.045090 0.060725 -0.352594
v 0.037952 0.064087 -0.351449
v 0.034071 0.068729 -0.348266
v 0.030912 0.061995 -0.342560
v 0.031048 0.066664 -0.338277
v 0.035375 0.070757 -0.333394
v 0.043460 0.074263 -0.328039
v 0.054963 0.076906 -0.322552
v 0.070378 0.078669 -0.316817
v 0.082940 0.078740 -0.313387
v 0.093028 0.077382 -0.311919
v 0.100192 0.074583 -0.312544
v 0.103991 0.070353 -0.315373
v 0.103876 0.065749 -0.319592
v 0.099518 0.061784 -0.324366
v 0.091370 0.058412 -0.329616
v 0.079800 0.055849 -0.335048
v 0.064471 0.053811 -0.341010
v 0.052074 0.053338 -0.344762
v 0.041984 0.054704 -0.346224
v 0.034759 0.057648 -0.345482
v 0.030912 0.061995 -0.342560
v 0.028370 0.055252 -0.336695
v 0.028367 0.060393 -0.332021
v 0.032434 0.065511 -0.326276
v 0.040251 0.070289 -0.319835
v 0.051916 0.073361 -0.313914
v 0.067746 0.075172 -0.308025
v 0.080903 0.074619 -0.305002
v 0.091542 0.072544 -0.304039
v 0.099346 0.068584 -0.305549
v 0.103414 0.063836 -0.308777
v 0.103169 0.059306 -0.312963
v 0.098605 0.055397 -0.317741
v 0.090201 0.052043 -0.323044
v 0.078340 0.049444 -0.328587
v 0.062549 0.047536 -0.334554
v 0.049753 0.047209 -0.338280
v 0.039457 0.048454 -0.339908
v 0.032186 0.051118 -0.339434
v 0.028370 0.055252 -0.336695
v 0.026621 0.048523 -0.330607
v 0.026502 0.053977 -0.325678
v 0.030317 0.059794 -0.319365
v 0.037796 0.065532 -0.312141
v 0.049423 0.068881 -0.305980
v 0.065345 0.070702 -0.300056
v 0.078764 0.069699 -0.297372
v 0.089702 0.067036 -0.296863
v 0.097881 0.062254 -0.299020
v 0.102105 0.057157 -0.302524
v 0.101815 0.052698 -0.306657
v 0.097193 0.048841 -0.311405
v 0.088719 0.045519 -0.316697
v 0.076779 0.042930 -0.322252
v 0.060867 0.041086 -0.328194
v 0.047975 0.040809 -0.331900
v 0.037648 0.041988 -0.333596
v 0.030398 0.044513 -0.333242
v 0.026621 0.048523 -0.330607
v 0.025123 0.041745 -0.324495
v 0.025315 0.046442 -0.320172
v 0.029708 0.050855 -0.314980
v 0.037888 0.054892 -0.309116
v 0.049738 0.057697 -0.303389
v 0.065661 0.059518 -0.297465
v 0.078715 0.059400 -0.294075
v 0.089215 0.057802 -0.292714
v 0.096725 0.054645 -0.293573
v 0.100607 0.050378 -0.296413
v 0.100287 0.045991 -0.300489
v 0.095643 0.042188 -0.305193
v 0.087153 0.038904 -0.310455
v 0.075206 0.036335 -0.315994
v 0.059285 0.034510 -0.321920
v 0.046393 0.034234 -0.325626
v 0.036084 0.035369 -0.327357
v 0.028865 0.037819 -0.327063
v 0.025123 0.041745 -0.324495
v 0.079250 0.110485 -0.374250
v 0.053598 0.107569 -0.383776
v 0.052971 0.112598 -0.379370
v 0.055490 0.116723 -0.374944
v 0.060806 0.120042 -0.370500
v 0.068685 0.122354 -0.366286
v 0.079497 0.123590 -0.362264
v 0.088485 0.123208 -0.360203
v 0.095933 0.121349 -0.359898
v 0.101469 0.118145 -0.361328
v 0.104853 0.113432 -0.364708
v 0.105561 0.108386 -0.369107
v 0.103091 0.104228 -0.373552
v 0.097768 0.100897 -0.378008
v 0.089821 0.098616 -0.382212
v 0.078964 0.097388 -0.386239
v 0.069986 0.097746 -0.388320
v 0.062535 0.099612 -0.388619
v 0.056989 0.102840 -0.387169
v 0.025123 0.041745 -0.324495
v 0.025315 0.046442 -0.320172
v 0.029708 0.050855 -0.314980
v 0.037888 0.054892 -0.309116
v 0.049738 0.057697 -0.303389
v 0.065661 0.059518 -0.297465
v 0.078715 0.059400 -0.294075
v 0.089215 0.057802 -0.292714
v 0.096725 0.054645 -0.293573
v 0.100607 0.050378 -0.296413
v 0.100287 0.045991 -0.300489
v 0.095643 0.042188 -0.305193
v 0.087153 0.038904 -0.310455
v 0.075206 0.036335 -0.315994
v 0.059285 0.034510 -0.321920
v 0.046393 0.034234 -0.325626
v 0.036084 0.035369 -0.327357
v 0.028865 0.037819 -0.327063
v 0.025123 0.041745 -0.324495
v 0.029559 0.040037 -0.320244
v 0.029725 0.044105 -0.316499
v 0.033530 0.047927 -0.312003
v 0.040614 0.051422 -0.306925
v 0.050877 0.053852 -0.301965
v 0.064666 0.055429 -0.296835
v 0.075971 0.055327 -0.293899
v 0.085064 0.053943 -0.292721
v 0.091568 0.051209 -0.293464
v 0.094930 0.047514 -0.295924
v 0.094653 0.043715 -0.299454
v 0.090631 0.040421 -0.303527
v 0.083279 0.037577 -0.308084
v 0.072932 0.035352 -0.312881
v 0.059144 0.033771 -0.318014
v 0.047979 0.033532 -0.321223
v 0.039051 0.034515 -0.322722
v 0.032800 0.036637 -0.322467
v 0.029559 0.040037 -0.320244
v 0.042860 0.040087 -0.313255
v 0.042956 0.042435 -0.311093
v 0.045153 0.044642 -0.308497
v 0.049243 0.046660 -0.305565
v 0.055168 0.048063 -0.302701
v 0.063129 0.048974 -0.299740
v 0.069657 0.048914 -0.298044
v 0.074907 0.048115 -0.297364
v 0.078661 0.046537 -0.297794
v 0.080603 0.044403 -0.299214
v 0.080443 0.042210 -0.301251
v 0.078121 0.040308 -0.303603
v 0.073876 0.038666 -0.306235
v 0.067902 0.037382 -0.309004
v 0.059941 0.036469 -0.311967
v 0.053495 0.036331 -0.313820
v 0.048341 0.036899 -0.314686
v 0.044731 0.038124 -0.314538
v 0.042860 0.040087 -0.313255
v 0.060496 0.038023 -0.301616
v 0.042860 0.040087 -0.313255
v 0.042956 0.042435 -0.311093
v 0.045153 0.044642 -0.308497
v 0.049243 0.046660 -0.305565
v 0.055168 0.048063 -0.302701
v 0.063129 0.048974 -0.299740
v 0.069657 0.048914 -0.298044
v 0.074907 0.048115 -0.297364
v 0.078661 0.046537 -0.297794
v 0.080603 0.044403 -0.299214
v 0.080443 0.042210 -0.301251
v 0.078121 0.040308 -0.303603
v 0.073876 0.038666 -0.306235
v 0.067902 0.037382 -0.309004
v 0.059941 0.036469 -0.311967
v 0.053495 0.036331 -0.313820
v 0.048341 0.036899 -0.314686
v 0.044731 0.038124 -0.314538
vt 0.000000 0.600000
vt 0.055556 0.600000
vt 0.111111 0.600000
vt 0.166667 0.600000
vt 0.222222 0.600000
vt 0.277778 0.600000
vt 0.333333 0.600000
vt 0.388889 0.600000
vt 0.444444 0.600000
vt 0.500000 0.600000
vt 0.555556 0.600000
vt 0.611111 0.600000
vt 0.666667 0.600000
vt 0.722222 0.600000
vt 0.777778 0.600000
vt 0.833333 0.600000
vt 0.888889 0.600000
vt 0.944444 0.600000
vt 1.000000 0.600000
vt 0.000000 0.639825
vt 0.055556 0.639825
vt 0.111111 0.639825
vt 0.166667 0.639825
vt 0.222222 0.639825
vt 0.277778 0.639825
vt 0.333333 0.639825
vt 0.388889 0.639825
vt 0.444444 0.639825
vt 0.500000 0.639825
vt 0.555556 0.639825
vt 0.611111 0.639825
vt 0.666667 0.639825
vt 0.722222 0.639825
vt 0.777778 0.639825
vt 0.833333 0.639825
vt 0.888889 0.639825
vt 0.944444 0.639825
vt 1.000000 0.639825
vt 0.000000 0.679708
vt 0.055556 0.679708
vt 0.111111 0.679708
vt 0.166667 0.679708
vt 0.222222 0.679708
vt 0.277778 0.679708
vt 0.333333 0.679708
vt 0.388889 0.679708
vt 0.444444 0.679708
vt 0.500000 0.679708
vt 0.555556 0.679708
vt 0.611111 0.679708
vt 0.666667 0.679708
vt 0.722222 0.679708
vt 0.777778 0.679708
vt 0.833333 0.679708
vt 0.888889 0.679708
vt 0.944444 0.679708
vt 1.000000 0.679708
vt 0.000000 0.719640
vt 0.055556 0.719640
vt 0.111111 0.719640
vt 0.166667 0.719640
vt 0.222222 0.719640
vt 0.277778 0.719640
vt 0.333333 0.719640
vt 0.388889 0.719640
vt 0.444444 0.719640
vt 0.500000 0.719640
vt 0.555556 0.719640
vt 0.611111 0.719640
vt 0.666667 0.719640
vt 0.722222 0.719640
vt 0.777778 0.719640
vt 0.833333 0.719640
vt 0.888889 0.719640
vt 0.944444 0.719640
vt 1.000000 0.719640
vt 0.000000 0.759504
vt 0.055556 0.759504
vt 0.111111 0.759504
vt 0.166667 0.759504
vt 0.222222 0.759504
vt 0.277778 0.759504
vt 0.333333 0.759504
vt 0.388889 0.759504
vt 0.444444 0.759504
vt 0.500000 0.759504
vt 0.555556 0.759504
vt 0.611111 0.759504
vt 0.666667 0.759504
vt 0.722222 0.759504
vt 0.777778 0.759504
vt 0.833333 0.759504
vt 0.888889 0.759504
vt 0.944444 0.759504
vt 1.000000 0.759504
vt 0.000000 0.799385
vt 0.055556 0.799385
vt 0.111111 0.799385
vt 0.166667 0.799385
vt 0.222222 0.799385
vt 0.277778 0.799385
vt 0.333333 0.799385
vt 0.388889 0.799385
vt 0.444444 0.799385
vt 0.500000 0.799385
vt 0.555556 0.799385
vt 0.611111 0.799385
vt 0.666667 0.799385
vt 0.722222 0.799385
vt 0.777778 0.799385
vt 0.833333 0.799385
vt 0.888889 0.799385
vt 0.944444 0.799385
vt 1.000000 0.799385
vt 0.000000 0.839249
vt 0.055556 0.839249
vt 0.111111 0.839249
vt 0.166667 0.839249
vt 0.222222 0.839249
vt 0.277778 0.839249
vt 0.333333 0.839249
vt 0.388889 0.839249
vt 0.444444 0.839249
vt 0.500000 0.839249
vt 0.555556 0.839249
vt 0.611111 0.839249
vt 0.666667 0.839249
vt 0.722222 0.839249
vt 0.777778 0.839249
vt 0.833333 0.839249
vt 0.888889 0.839249
vt 0.944444 0.839249
vt 1.000000 0.839249
vt 0.000000 0.879096
vt 0.055556 0.879096
vt 0.111111 0.879096
vt 0.166667 0.879096
vt 0.222222 0.879096
vt 0.277778 0.879096
vt 0.333333 0.879096
vt 0.388889 0.879096
vt 0.444444 0.879096
vt 0.500000 0.879096
vt 0.555556 0.879096
vt 0.611111 0.879096
vt 0.666667 0.879096
vt 0.722222 0.879096
vt 0.777778 0.879096
vt 0.833333 0.879096
vt 0.888889 0.879096
vt 0.944444 0.879096
vt 1.000000 0.879096
vt 0.000000 0.918976
vt 0.055556 0.918976
vt 0.111111 0.918976
vt 0.166667 0.918976
vt 0.222222 0.918976
vt 0.277778 0.918976
vt 0.333333 0.918976
vt 0.388889 0.918976
vt 0.444444 0.918976
vt 0.500000 0.918976
vt 0.555556 0.918976
vt 0.611111 0.918976
vt 0.666667 0.918976
vt 0.722222 0.918976
vt 0.777778 0.918976
vt 0.833333 0.918976
vt 0.888889 0.918976
vt 0.944444 0.918976
vt 1.000000 0.918976
vt 0.000000 0.958794
vt 0.055556 0.958794
vt 0.111111 0.958794
vt 0.166667 0.958794
vt 0.222222 0.958794
vt 0.277778 0.958794
vt 0.333333 0.958794
vt 0.388889 0.958794
vt 0.444444 0.958794
vt 0.500000 0.958794
vt 0.555556 0.958794
vt 0.611111 0.958794
vt 0.666667 0.958794
vt 0.722222 0.958794
vt 0.777778 0.958794
vt 0.833333 0.958794
vt 0.888889 0.958794
vt 0.944444 0.958794
vt 1.000000 0.958794
vt 0.000000 1.000000
vt 0.055556 1.000000
vt 0.111111 1.000000
vt 0.166667 1.000000
vt 0.222222 1.000000
vt 0.277778 1.000000
vt 0.333333 1.000000
vt 0.388889 1.000000
vt 0.444444 1.000000
vt 0.500000 1.000000
vt 0.555556 1.000000
vt 0.611111 1.000000
vt 0.666667 1.000000
vt 0.722222 1.000000
vt 0.777778 1.000000
vt 0.833333 1.000000
vt 0.888889 1.000000
vt 0.944444 1.000000
vt 1.000000 1.000000
vt 0.500000 0.500000
vt 0.950000 0.500000
vt 0.922862 0.653909
vt 0.844720 0.789254
vt 0.725000 0.889711
vt 0.578142 0.943163
vt 0.421858 0.943163
vt 0.275000 0.889711
vt 0.155280 0.789254
vt 0.077138 0.653909
vt 0.050000 0.500000
vt 0.077138 0.346091
vt 0.155280 0.210746
vt 0.275000 0.110289
vt 0.421858 0.056837
vt 0.578142 0.056837
vt 0.725000 0.110289
vt 0.844720 0.210746
vt 0.922862 0.346091
vt 0.000000 0.980000
vt 0.055556 0.980000
vt 0.111111 0.980000
vt 0.166667 0.980000
vt 0.222222 0.980000
vt 0.277778 0.980000
vt 0.333333 0.980000
vt 0.388889 0.980000
vt 0.444444 0.980000
vt 0.500000 0.980000
vt 0.555556 0.980000
vt 0.611111 0.980000
vt 0.666667 0.980000
vt 0.722222 0.980000
vt 0.777778 0.980000
vt 0.833333 0.980000
vt 0.888889 0.980000
vt 0.944444 0.980000
vt 1.000000 0.980000
vt 0.000000 0.991330
vt 0.055556 0.991330
vt 0.111111 0.991330
vt 0.166667 0.991330
vt 0.222222 0.991330
vt 0.277778 0.991330
vt 0.333333 0.991330
vt 0.388889 0.991330
vt 0.444444 0.991330
vt 0.500000 0.991330
vt 0.555556 0.991330
vt 0.611111 0.991330
vt 0.666667 0.991330
vt 0.722222 0.991330
vt 0.777778 0.991330
vt 0.833333 0.991330
vt 0.888889 0.991330
vt 0.944444 0.991330
vt 1.000000 0.991330
vt 0.000000 1.000000
vt 0.055556 1.000000
vt 0.111111 1.000000
vt 0.166667 1.000000
vt 0.222222 1.000000
vt 0.277778 1.000000
vt 0.333333 1.000000
vt 0.388889 1.000000
vt 0.444444 1.000000
vt 0.500000 1.000000
vt 0.555556 1.000000
vt 0.611111 1.000000
vt 0.666667 1.000000
vt 0.722222 1.000000
vt 0.777778 1.000000
vt 0.833333 1.000000
vt 0.888889 1.000000
vt 0.944444 1.000000
vt 1.000000 1.000000
vt 0.500000 1.000000
vt 0.520000 1.000000
vt 0.518794 1.006840
vt 0.515321 1.012856
vt 0.510000 1.017321
vt 0.503473 1.019696
vt 0.496527 1.019696
vt 0.490000 1.017321
vt 0.484679 1.012856
vt 0.481206 1.006840
vt 0.480000 1.000000
vt 0.481206 0.993160
vt 0.484679 0.987144
vt 0.490000 0.982679
vt 0.496527 0.980304
vt 0.503473 0.980304
vt 0.510000 0.982679
vt 0.515321 0.987144
vt 0.518794 0.993160
vn -0.910210 -0.045778 -0.411609
vn -0.952191 0.295152 -0.078850
vn -0.961511 0.267667 -0.062057
vn -0.921122 -0.073757 -0.382223
vn -0.790534 0.552677 0.263826
vn -0.799810 0.537299 0.267609
vn -0.578875 0.664743 0.472250
vn -0.584575 0.661244 0.470137
vn -0.389770 0.709216 0.587445
vn -0.390769 0.711745 0.583711
vn -0.233268 0.727117 0.645668
vn -0.230622 0.730063 0.643290
vn -0.010650 0.729736 0.683646
vn -0.004388 0.727605 0.685983
vn 0.302259 0.677668 0.670377
vn 0.309705 0.664203 0.680380
vn 0.693970 0.483436 0.533568
vn 0.695446 0.457187 0.554378
vn 0.929407 0.224377 0.293014
vn 0.934932 0.164657 0.314310
vn 0.998006 -0.055614 -0.029848
vn 0.988009 -0.154395 0.000271
vn 0.842020 -0.375680 -0.387126
vn 0.825642 -0.460765 -0.325595
vn 0.572389 -0.589421 -0.570047
vn 0.581394 -0.637542 -0.505492
vn 0.358141 -0.699934 -0.617922
vn 0.373950 -0.723429 -0.580355
vn 0.227638 -0.734551 -0.639230
vn 0.224558 -0.750149 -0.621972
vn 0.021563 -0.717351 -0.696378
vn 0.006070 -0.733998 -0.679125
vn -0.297695 -0.616185 -0.729173
vn -0.308999 -0.639749 -0.703733
vn -0.670591 -0.374781 -0.640193
vn -0.683242 -0.401458 -0.609927
vn -0.888085 0.001747 -0.459677
vn -0.933218 0.345055 -0.100205
vn -0.770123 0.580277 0.264931
vn -0.565822 0.670366 0.480057
vn -0.387164 0.703894 0.595514
vn -0.239346 0.720802 0.650507
vn -0.026430 0.732061 0.680727
vn 0.281022 0.700506 0.655987
vn 0.683874 0.530015 0.501399
vn 0.900522 0.335222 0.276923
vn 0.992107 0.120024 -0.036317
vn 0.857805 -0.249476 -0.449370
vn 0.534865 -0.537096 -0.652263
vn 0.314638 -0.672830 -0.669553
vn 0.233207 -0.708650 -0.665906
vn 0.057212 -0.685431 -0.725887
vn -0.276332 -0.571692 -0.772534
vn -0.645632 -0.327845 -0.689694
vn -0.871756 0.031829 -0.488906
vn -0.917743 0.384662 -0.098907
vn -0.748053 0.601174 0.281082
vn -0.550775 0.672984 0.493701
vn -0.383820 0.697938 0.604619
vn -0.246510 0.713644 0.655702
vn -0.046854 0.730621 0.681173
vn 0.250171 0.715349 0.652450
vn 0.663763 0.565552 0.489458
vn 0.868231 0.394805 0.300506
vn 0.985143 0.163200 0.053478
vn 0.872559 -0.314843 -0.373518
vn 0.484108 -0.627943 -0.609366
vn 0.273419 -0.708491 -0.650602
vn 0.243819 -0.708977 -0.661743
vn 0.094129 -0.671220 -0.735257
vn -0.260446 -0.547402 -0.795311
vn -0.626163 -0.300339 -0.719525
vn -0.864247 0.044653 -0.501083
vn -0.907459 0.412726 -0.078582
vn -0.726894 0.613954 0.307710
vn -0.536022 0.672148 0.510782
vn -0.380520 0.691312 0.614241
vn -0.253842 0.705801 0.661369
vn -0.068597 0.725611 0.684677
vn 0.214833 0.721668 0.658060
vn 0.637476 0.589433 0.496177
vn 0.870664 0.376710 0.316281
vn 0.990460 0.031585 0.134129
vn 0.820635 -0.527191 -0.220515
vn 0.438042 -0.768739 -0.466004
vn 0.271209 -0.771919 -0.574966
vn 0.264970 -0.735790 -0.623221
vn 0.117470 -0.692858 -0.711441
vn -0.247798 -0.563782 -0.787874
vn -0.611571 -0.302345 -0.731142
vn -0.866401 0.041030 -0.497660
vn -0.902685 0.428151 -0.042963
vn -0.708352 0.618421 0.340285
vn -0.522999 0.668328 0.528971
vn -0.377656 0.684528 0.623536
vn -0.260604 0.697907 0.667092
vn -0.089200 0.717930 0.690377
vn 0.179215 0.719947 0.670491
vn 0.607886 0.600931 0.518995
vn 0.905250 0.313592 0.286676
vn 0.987986 -0.143169 0.058192
vn 0.744089 -0.629941 -0.222501
vn 0.441846 -0.794678 -0.416243
vn 0.312610 -0.785276 -0.534431
vn 0.285893 -0.756079 -0.588736
vn 0.122858 -0.732788 -0.669274
vn -0.225894 -0.611875 -0.758011
vn -0.594007 -0.335325 -0.731241
vn -0.877267 0.022040 -0.479496
vn -0.902427 0.430839 -0.001613
vn -0.693909 0.622876 0.361269
vn -0.510856 0.677964 0.528574
vn -0.371266 0.697983 0.612357
vn -0.260435 0.710250 0.654002
vn -0.100410 0.724328 0.682104
vn 0.153355 0.720234 0.676569
vn 0.580896 0.600655 0.549339
vn 0.935895 0.252111 0.246051
vn 0.966085 -0.237881 -0.100460
vn 0.712943 -0.605803 -0.353149
vn 0.479550 -0.731749 -0.484329
vn 0.356503 -0.749593 -0.557688
vn 0.290956 -0.753777 -0.589207
vn 0.120969 -0.753845 -0.645821
vn -0.187395 -0.656160 -0.730983
vn -0.566909 -0.387137 -0.727145
vn -0.894455 -0.010990 -0.447022
vn -0.906312 0.422587 0.004324
vn -0.690674 0.666504 0.280609
vn -0.485952 0.783658 0.386950
vn -0.326201 0.834720 0.443661
vn -0.209148 0.845558 0.491212
vn -0.053419 0.830142 0.554986
vn 0.188339 0.771587 0.607603
vn 0.585562 0.593838 0.551791
vn 0.946860 0.204742 0.248065
vn 0.941690 -0.283942 -0.180547
vn 0.693329 -0.573803 -0.435942
vn 0.496435 -0.677815 -0.542328
vn 0.371237 -0.715540 -0.591764
vn 0.282903 -0.737389 -0.613371
vn 0.122813 -0.745463 -0.655135
vn -0.142559 -0.675679 -0.723281
vn -0.535292 -0.441879 -0.719865
vn -0.915908 -0.059883 -0.396896
vn -0.930324 0.366675 0.006834
vn -0.738787 0.640191 0.210591
vn -0.506046 0.812529 0.289334
vn -0.303286 0.889939 0.340626
vn -0.163494 0.902489 0.398477
vn 0.010249 0.870172 0.492641
vn 0.262877 0.766458 0.586036
vn 0.618870 0.540939 0.569548
vn 0.943031 0.154029 0.294904
vn 0.926730 -0.328815 -0.181803
vn 0.679302 -0.576469 -0.454129
vn 0.495908 -0.662455 -0.561452
vn 0.369960 -0.698904 -0.612097
vn 0.275191 -0.718507 -0.638762
vn 0.128378 -0.725019 -0.676659
vn -0.108437 -0.679854 -0.725286
vn -0.512741 -0.492312 -0.703367
vn -0.930212 -0.100965 -0.352861
vn -0.957202 0.274988 0.090257
vn -0.807286 0.443317 0.389562
vn -0.610256 0.517533 0.599789
vn -0.412375 0.549835 0.726380
vn -0.259612 0.568457 0.780678
vn -0.055984 0.586220 0.808216
vn 0.231210 0.569835 0.788562
vn 0.603489 0.443475 0.662670
vn 0.933532 0.112354 0.340433
vn 0.917634 -0.359284 -0.169890
vn 0.671023 -0.584256 -0.456479
vn 0.493079 -0.658465 -0.568592
vn 0.368038 -0.689211 -0.624128
vn 0.272870 -0.703396 -0.656336
vn 0.134286 -0.707416 -0.693924
vn -0.088762 -0.677015 -0.730597
vn -0.499561 -0.521880 -0.691433
vn -0.936807 -0.346369 -0.049197
vn -0.935609 0.042168 0.350511
vn -0.762743 0.188979 0.618473
vn -0.573781 0.204731 0.793007
vn -0.414171 0.205901 0.886604
vn -0.298944 0.223734 0.927672
vn -0.139626 0.264909 0.954111
vn 0.105946 0.289244 0.951374
vn 0.461428 0.190836 0.866410
vn 0.791102 -0.148526 0.593379
vn 0.819011 -0.569181 0.072482
vn 0.617204 -0.731923 -0.288701
vn 0.455623 -0.773673 -0.440271
vn 0.336083 -0.790286 -0.512343
vn 0.241485 -0.801961 -0.546391
vn 0.102165 -0.816111 -0.568792
vn -0.124396 -0.818092 -0.561473
vn -0.538380 -0.724251 -0.430822
vn 0.194472 0.660008 -0.725651
vn 0.194472 0.660008 -0.725651
vn 0.194472 0.660008 -0.725651
vn 0.194472 0.660008 -0.725651
vn 0.194472 0.660008 -0.725651
vn 0.194472 0.660008 -0.725651
vn 0.194472 0.660008 -0.725651
vn 0.194472 0.660008 -0.725651
vn 0.194472 0.660008 -0.725651
vn 0.194472 0.660008 -0.725651
vn 0.194472 0.660008 -0.725651
vn 0.194472 0.660008 -0.725651
vn 0.194472 0.660008 -0.725651
vn 0.194472 0.660008 -0.725651
vn 0.194472 0.660008 -0.725651
vn 0.194472 0.660008 -0.725651
vn 0.194472 0.660008 -0.725651
vn 0.194472 0.660008 -0.725651
vn 0.194472 0.660008 -0.725651
vn -0.466260 -0.661448 0.587442
vn -0.507669 -0.486873 0.710793
vn -0.498982 -0.314197 0.807649
vn -0.446388 -0.178621 0.876831
vn -0.371496 -0.095633 0.923496
vn -0.300055 -0.089051 0.949756
vn -0.205687 -0.142876 0.968132
vn -0.096559 -0.264504 0.959539
vn 0.012774 -0.430156 0.902664
vn 0.095396 -0.597206 0.796395
vn 0.149896 -0.763809 0.627796
vn 0.164139 -0.893113 0.418817
vn 0.136810 -0.956078 0.259225
vn 0.085479 -0.981977 0.168566
vn 0.023470 -0.989076 0.145525
vn -0.078332 -0.980655 0.179387
vn -0.214330 -0.936248 0.278394
vn -0.364469 -0.822516 0.436613
vn -0.386233 -0.667659 0.636440
vn -0.418863 -0.546553 0.725144
vn -0.420644 -0.423664 0.802227
vn -0.389682 -0.321326 0.863074
vn -0.337611 -0.255113 0.906055
vn -0.282931 -0.250179 0.925937
vn -0.209529 -0.294178 0.932500
vn -0.127726 -0.387456 0.912997
vn -0.050479 -0.506383 0.860830
vn 0.005998 -0.622796 0.782361
vn 0.044967 -0.743036 0.667739
vn 0.060527 -0.849395 0.524275
vn 0.046257 -0.912319 0.406860
vn 0.010232 -0.941784 0.336064
vn -0.037370 -0.947227 0.318379
vn -0.115709 -0.930788 0.346763
vn -0.214752 -0.880728 0.422136
vn -0.317054 -0.784347 0.533176
vn -0.194472 -0.660008 0.725651
f 4570/4570/4312 4571/4571/4313 4552/4552/4314 4551/4551/4315
f 4571/4571/4313 4572/4572/4316 4553/4553/4317 4552/4552/4314
f 4572/4572/4316 4573/4573/4318 4554/4554/4319 4553/4553/4317
f 4573/4573/4318 4574/4574/4320 4555/4555/4321 4554/4554/4319
f 4574/4574/4320 4575/4575/4322 4556/4556/4323 4555/4555/4321
f 4575/4575/4322 4576/4576/4324 4557/4557/4325 4556/4556/4323
f 4576/4576/4324 4577/4577/4326 4558/4558/4327 4557/4557/4325
f 4577/4577/4326 4578/4578/4328 4559/4559/4329 4558/4558/4327
f 4578/4578/4328 4579/4579/4330 4560/4560/4331 4559/4559/4329
f 4579/4579/4330 4580/4580/4332 4561/4561/4333 4560/4560/4331
f 4580/4580/4332 4581/4581/4334 4562/4562/4335 4561/4561/4333
f 4581/4581/4334 4582/4582/4336 4563/4563/4337 4562/4562/4335
f 4582/4582/4336 4583/4583/4338 4564/4564/4339 4563/4563/4337
f 4583/4583/4338 4584/4584/4340 4565/4565/4341 4564/4564/4339
f 4584/4584/4340 4585/4585/4342 4566/4566/4343 4565/4565/4341
f 4585/4585/4342 4586/4586/4344 4567/4567/4345 4566/4566/4343
f 4586/4586/4344 4587/4587/4346 4568/4568/4347 4567/4567/4345
f 4587/4587/4346 4588/4588/4312 4569/4569/4315 4568/4568/4347
f 4589/4589/4348 4590/4590/4349 4571/4571/4313 4570/4570/4312
f 4590/4590/4349 4591/4591/4350 4572/4572/4316 4571/4571/4313
f 4591/4591/4350 4592/4592/4351 4573/4573/4318 4572/4572/4316
f 4592/4592/4351 4593/4593/4352 4574/4574/4320 4573/4573/4318
f 4593/4593/4352 4594/4594/4353 4575/4575/4322 4574/4574/4320
f 4594/4594/4353 4595/4595/4354 4576/4576/4324 4575/4575/4322
f 4595/4595/4354 4596/4596/4355 4577/4577/4326 4576/4576/4324
f 4596/4596/4355 4597/4597/4356 4578/4578/4328 4577/4577/4326
f 4597/4597/4356 4598/4598/4357 4579/4579/4330 4578/4578/4328
f 4598/4598/4357 4599/4599/4358 4580/4580/4332 4579/4579/4330
f 4599/4599/4358 4600/4600/4359 4581/4581/4334 4580/4580/4332
f 4600/4600/4359 4601/4601/4360 4582/4582/4336 4581/4581/4334
f 4601/4601/4360 4602/4602/4361 4583/4583/4338 4582/4582/4336
f 4602/4602/4361 4603/4603/4362 4584/4584/4340 4583/4583/4338
f 4603/4603/4362 4604/4604/4363 4585/4585/4342 4584/4584/4340
f 4604/4604/4363 4605/4605/4364 4586/4586/4344 4585/4585/4342
f 4605/4605/4364 4606/4606/4365 4587/4587/4346 4586/4586/4344
f 4606/4606/4365 4607/4607/4348 4588/4588/4312 4587/4587/4346
f 4608/4608/4366 4609/4609/4367 4590/4590/4349 4589/4589/4348
f 4609/4609/4367 4610/4610/4368 4591/4591/4350 4590/4590/4349
f 4610/4610/4368 4611/4611/4369 4592/4592/4351 4591/4591/4350
f 4611/4611/4369 4612/4612/4370 4593/4593/4352 4592/4592/4351
f 4612/4612/4370 4613/4613/4371 4594/4594/4353 4593/4593/4352
f 4613/4613/4371 4614/4614/4372 4595/4595/4354 4594/4594/4353
f 4614/4614/4372 4615/4615/4373 4596/4596/4355 4595/4595/4354
f 4615/4615/4373 4616/4616/4374 4597/4597/4356 4596/4596/4355
f 4616/4616/4374 4617/4617/4375 4598/4598/4357 4597/4597/4356
f 4617/4617/4375 4618/4618/4376 4599/4599/4358 4598/4598/4357
f 4618/4618/4376 4619/4619/4377 4600/4600/4359 4599/4599/4358
f 4619/4619/4377 4620/4620/4378 4601/4601/4360 4600/4600/4359
f 4620/4620/4378 4621/4621/4379 4602/4602/4361 4601/4601/4360
f 4621/4621/4379 4622/4622/4380 4603/4603/4362 4602/4602/4361
f 4622/4622/4380 4623/4623/4381 4604/4604/4363 4603/4603/4362
f 4623/4623/4381 4624/4624/4382 4605/4605/4364 4604/4604/4363
f 4624/4624/4382 4625/4625/4383 4606/4606/4365 4605/4605/4364
f 4625/4625/4383 4626/4626/4366 4607/4607/4348 4606/4606/4365
f 4627/4627/4384 4628/4628/4385 4609/4609/4367 4608/4608/4366
f 4628/4628/4385 4629/4629/4386 4610/4610/4368 4609/4609/4367
f 4629/4629/4386 4630/4630/4387 4611/4611/4369 4610/4610/4368
f 4630/4630/4387 4631/4631/4388 4612/4612/4370 4611/4611/4369
f 4631/4631/4388 4632/4632/4389 4613/4613/4371 4612/4612/4370
f 4632/4632/4389 4633/4633/4390 4614/4614/4372 4613/4613/4371
f 4633/4633/4390 4634/4634/4391 4615/4615/4373 4614/4614/4372
f 4634/4634/4391 4635/4635/4392 4616/4616/4374 4615/4615/4373
f 4635/4635/4392 4636/4636/4393 4617/4617/4375 4616/4616/4374
f 4636/4636/4393 4637/4637/4394 4618/4618/4376 4617/4617/4375
f 4637/4637/4394 4638/4638/4395 4619/4619/4377 4618/4618/4376
f 4638/4638/4395 4639/4639/4396 4620/4620/4378 4619/4619/4377
f 4639/4639/4396 4640/4640/4397 4621/4621/4379 4620/4620/4378
f 4640/4640/4397 4641/4641/4398 4622/4622/4380 4621/4621/4379
f 4641/4641/4398 4642/4642/4399 4623/4623/4381 4622/4622/4380
f 4642/4642/4399 4643/4643/4400 4624/4624/4382 4623/4623/4381
f 4643/4643/4400 4644/4644/4401 4625/4625/4383 4624/4624/4382
f 4644/4644/4401 4645/4645/4384 4626/4626/4366 4625/4625/4383
f 4646/4646/4402 4647/4647/4403 4628/4628/4385 4627/4627/4384
f 4647/4647/4403 4648/4648/4404 4629/4629/4386 4628/4628/4385
f 4648/4648/4404 4649/4649/4405 4630/4630/4387 4629/4629/4386
f 4649/4649/4405 4650/4650/4406 4631/4631/4388 4630/4630/4387
f 4650/4650/4406 4651/4651/4407 4632/4632/4389 4631/4631/4388
f 4651/4651/4407 4652/4652/4408 4633/4633/4390 4632/4632/4389
f 4652/4652/4408 4653/4653/4409 4634/4634/4391 4633/4633/4390
f 4653/4653/4409 4654/4654/4410 4635/4635/4392 4634/4634/4391
f 4654/4654/4410 4655/4655/4411 4636/4636/4393 4635/4635/4392
f 4655/4655/4411 4656/4656/4412 4637/4637/4394 4636/4636/4393
f 4656/4656/4412 4657/4657/4413 4638/4638/4395 4637/4637/4394
f 4657/4657/4413 4658/4658/4414 4639/4639/4396 4638/4638/4395
f 4658/4658/4414 4659/4659/4415 4640/4640/4397 4639/4639/4396
f 4659/4659/4415 4660/4660/4416 4641/4641/4398 4640/4640/4397
f 4660/4660/4416 4661/4661/4417 4642/4642/4399 4641/4641/4398
f 4661/4661/4417 4662/4662/4418 4643/4643/4400 4642/4642/4399
f 4662/4662/4418 4663/4663/4419 4644/4644/4401 4643/4643/4400
f 4663/4663/4419 4664/4664/4402 4645/4645/4384 4644/4644/4401
f 4665/4665/4420 4666/4666/4421 4647/4647/4403 4646/4646/4402
f 4666/4666/4421 4667/4667/4422 4648/4648/4404 4647/4647/4403
f 4667/4667/4422 4668/4668/4423 4649/4649/4405 4648/4648/4404
f 4668/4668/4423 4669/4669/4424 4650/4650/4406 4649/4649/4405
f 4669/4669/4424 4670/4670/4425 4651/4651/4407 4650/4650/4406
f 4670/4670/4425 4671/4671/4426 4652/4652/4408 4651/4651/4407
f 4671/4671/4426 4672/4672/4427 4653/4653/4409 4652/4652/4408
f 4672/4672/4427 4673/4673/4428 4654/4654/4410 4653/4653/4409
f 4673/4673/4428 4674/4674/4429 4655/4655/4411 4654/4654/4410
f 4674/4674/4429 4675/4675/4430 4656/4656/4412 4655/4655/4411
f 4675/4675/4430 4676/4676/4431 4657/4657/4413 4656/4656/4412
f 4676/4676/4431 4677/4677/4432 4658/4658/4414 4657/4657/4413
f 4677/4677/4432 4678/4678/4433 4659/4659/4415 4658/4658/4414
f 4678/4678/4433 4679/4679/4434 4660/4660/4416 4659/4659/4415
f 4679/4679/4434 4680/4680/4435 4661/4661/4417 4660/4660/4416
f 4680/4680/4435 4681/4681/4436 4662/4662/4418 4661/4661/4417
f 4681/4681/4436 4682/4682/4437 4663/4663/4419 4662/4662/4418
f 4682/4682/4437 4683/4683/4420 4664/4664/4402 4663/4663/4419
f 4684/4684/4438 4685/4685/4439 4666/4666/4421 4665/4665/4420
f 4685/4685/4439 4686/4686/4440 4667/4667/4422 4666/4666/4421
f 4686/4686/4440 4687/4687/4441 4668/4668/4423 4667/4667/4422
f 4687/4687/4441 4688/4688/4442 4669/4669/4424 4668/4668/4423
f 4688/4688/4442 4689/4689/4443 4670/4670/4425 4669/4669/4424
f 4689/4689/4443 4690/4690/4444 4671/4671/4426 4670/4670/4425
f 4690/4690/4444 4691/4691/4445 4672/4672/4427 4671/4671/4426
f 4691/4691/4445 4692/4692/4446 4673/4673/4428 4672/4672/4427
f 4692/4692/4446 4693/4693/4447 4674/4674/4429 4673/4673/4428
f 4693/4693/4447 4694/4694/4448 4675/4675/4430 4674/4674/4429
f 4694/4694/4448 4695/4695/4449 4676/4676/4431 4675/4675/4430
f 4695/4695/4449 4696/4696/4450 4677/4677/4432 4676/4676/4431
f 4696/4696/4450 4697/4697/4451 4678/4678/4433 4677/4677/4432
f 4697/4697/4451 4698/4698/4452 4679/4679/4434 4678/4678/4433
f 4698/4698/4452 4699/4699/4453 4680/4680/4435 4679/4679/4434
f 4699/4699/4453 4700/4700/4454 4681/4681/4436 4680/4680/4435
f 4700/4700/4454 4701/4701/4455 4682/4682/4437 4681/4681/4436
f 4701/4701/4455 4702/4702/4438 4683/4683/4420 4682/4682/4437
f 4703/4703/4456 4704/4704/4457 4685/4685/4439 4684/4684/4438
f 4704/4704/4457 4705/4705/4458 4686/4686/4440 4685/4685/4439
f 4705/4705/4458 4706/4706/4459 4687/4687/4441 4686/4686/4440
f 4706/4706/4459 4707/4707/4460 4688/4688/4442 4687/4687/4441
f 4707/4707/4460 4708/4708/4461 4689/4689/4443 4688/4688/4442
f 4708/4708/4461 4709/4709/4462 4690/4690/4444 4689/4689/4443
f 4709/4709/4462 4710/4710/4463 4691/4691/4445 4690/4690/4444
f 4710/4710/4463 4711/4711/4464 4692/4692/4446 4691/4691/4445
f 4711/4711/4464 4712/4712/4465 4693/4693/4447 4692/4692/4446
f 4712/4712/4465 4713/4713/4466 4694/4694/4448 4693/4693/4447
f 4713/4713/4466 4714/4714/4467 4695/4695/4449 4694/4694/4448
f 4714/4714/4467 4715/4715/4468 4696/4696/4450 4695/4695/4449
f 4715/4715/4468 4716/4716/4469 4697/4697/4451 4696/4696/4450
f 4716/4716/4469 4717/4717/4470 4698/4698/4452 4697/4697/4451
f 4717/4717/4470 4718/4718/4471 4699/4699/4453 4698/4698/4452
f 4718/4718/4471 4719/4719/4472 4700/4700/4454 4699/4699/4453
f 4719/4719/4472 4720/4720/4473 4701/4701/4455 4700/4700/4454
f 4720/4720/4473 4721/4721/4456 4702/4702/4438 4701/4701/4455
f 4722/4722/4474 4723/4723/4475 4704/4704/4457 4703/4703/4456
f 4723/4723/4475 4724/4724/4476 4705/4705/4458 4704/4704/4457
f 4724/4724/4476 4725/4725/4477 4706/4706/4459 4705/4705/4458
f 4725/4725/4477 4726/4726/4478 4707/4707/4460 4706/4706/4459
f 4726/4726/4478 4727/4727/4479 4708/4708/4461 4707/4707/4460
f 4727/4727/4479 4728/4728/4480 4709/4709/4462 4708/4708/4461
f 4728/4728/4480 4729/4729/4481 4710/4710/4463 4709/4709/4462
f 4729/4729/4481 4730/4730/4482 4711/4711/4464 4710/4710/4463
f 4730/4730/4482 4731/4731/4483 4712/4712/4465 4711/4711/4464
f 4731/4731/4483 4732/4732/4484 4713/4713/4466 4712/4712/4465
f 4732/4732/4484 4733/4733/4485 4714/4714/4467 4713/4713/4466
f 4733/4733/4485 4734/4734/4486 4715/4715/4468 4714/4714/4467
f 4734/4734/4486 4735/4735/4487 4716/4716/4469 4715/4715/4468
f 4735/4735/4487 4736/4736/4488 4717/4717/4470 4716/4716/4469
f 4736/4736/4488 4737/4737/4489 4718/4718/4471 4717/4717/4470
f 4737/4737/4489 4738/4738/4490 4719/4719/4472 4718/4718/4471
f 4738/4738/4490 4739/4739/4491 4720/4720/4473 4719/4719/4472
f 4739/4739/4491 4740/4740/4474 4721/4721/4456 4720/4720/4473
f 4741/4741/4492 4742/4742/4493 4723/4723/4475 4722/4722/4474
f 4742/4742/4493 4743/4743/4494 4724/4724/4476 4723/4723/4475
f 4743/4743/4494 4744/4744/4495 4725/4725/4477 4724/4724/4476
f 4744/4744/4495 4745/4745/4496 4726/4726/4478 4725/4725/4477
f 4745/4745/4496 4746/4746/4497 4727/4727/4479 4726/4726/4478
f 4746/4746/4497 4747/4747/4498 4728/4728/4480 4727/4727/4479
f 4747/4747/4498 4748/4748/4499 4729/4729/4481 4728/4728/4480
f 4748/4748/4499 4749/4749/4500 4730/4730/4482 4729/4729/4481
f 4749/4749/4500 4750/4750/4501 4731/4731/4483 4730/4730/4482
f 4750/4750/4501 4751/4751/4502 4732/4732/4484 4731/4731/4483
f 4751/4751/4502 4752/4752/4503 4733/4733/4485 4732/4732/4484
f 4752/4752/4503 4753/4753/4504 4734/4734/4486 4733/4733/4485
f 4753/4753/4504 4754/4754/4505 4735/4735/4487 4734/4734/4486
f 4754/4754/4505 4755/4755/4506 4736/4736/4488 4735/4735/4487
f 4755/4755/4506 4756/4756/4507 4737/4737/4489 4736/4736/4488
f 4756/4756/4507 4757/4757/4508 4738/4738/4490 4737/4737/4489
f 4757/4757/4508 4758/4758/4509 4739/4739/4491 4738/4738/4490
f 4758/4758/4509 4759/4759/4492 4740/4740/4474 4739/4739/4491
f 4761/4761/4510 4762/4762/4511 4760/4760/4512
f 4762/4762/4511 4763/4763/4513 4760/4760/4512
f 4763/4763/4513 4764/4764/4514 4760/4760/4512
f 4764/4764/4514 4765/4765/4515 4760/4760/4512
f 4765/4765/4515 4766/4766/4516 4760/4760/4512
f 4766/4766/4516 4767/4767/4517 4760/4760/4512
f 4767/4767/4517 4768/4768/4518 4760/4760/4512
f 4768/4768/4518 4769/4769/4519 4760/4760/4512
f 4769/4769/4519 4770/4770/4520 4760/4760/4512
f 4770/4770/4520 4771/4771/4521 4760/4760/4512
f 4771/4771/4521 4772/4772/4522 4760/4760/4512
f 4772/4772/4522 4773/4773/4523 4760/4760/4512
f 4773/4773/4523 4774/4774/4524 4760/4760/4512
f 4774/4774/4524 4775/4775/4525 4760/4760/4512
f 4775/4775/4525 4776/4776/4526 4760/4760/4512
f 4776/4776/4526 4777/4777/4527 4760/4760/4512
f 4777/4777/4527 4778/4778/4528 4760/4760/4512
f 4778/4778/4528 4761/4761/4510 4760/4760/4512
f 4798/4798/4529 4799/4799/4530 4780/4780/4493 4779/4779/4492
f 4799/4799/4530 4800/4800/4531 4781/4781/4494 4780/4780/4493
f 4800/4800/4531 4801/4801/4532 4782/4782/4495 4781/4781/4494
f 4801/4801/4532 4802/4802/4533 4783/4783/4496 4782/4782/4495
f 4802/4802/4533 4803/4803/4534 4784/4784/4497 4783/4783/4496
f 4803/4803/4534 4804/4804/4535 4785/4785/4498 4784/4784/4497
f 4804/4804/4535 4805/4805/4536 4786/4786/4499 4785/4785/4498
f 4805/4805/4536 4806/4806/4537 4787/4787/4500 4786/4786/4499
f 4806/4806/4537 4807/4807/4538 4788/4788/4501 4787/4787/4500
f 4807/4807/4538 4808/4808/4539 4789/4789/4502 4788/4788/4501
f 4808/4808/4539 4809/4809/4540 4790/4790/4503 4789/4789/4502
f 4809/4809/4540 4810/4810/4541 4791/4791/4504 4790/4790/4503
f 4810/4810/4541 4811/4811/4542 4792/4792/4505 4791/4791/4504
f 4811/4811/4542 4812/4812/4543 4793/4793/4506 4792/4792/4505
f 4812/4812/4543 4813/4813/4544 4794/4794/4507 4793/4793/4506
f 4813/4813/4544 4814/4814/4545 4795/4795/4508 4794/4794/4507
f 4814/4814/4545 4815/4815/4546 4796/4796/4509 4795/4795/4508
f 4815/4815/4546 4816/4816/4529 4797/4797/4492 4796/4796/4509
f 4817/4817/4547 4818/4818/4548 4799/4799/4530 4798/4798/4529
f 4818/4818/4548 4819/4819/4549 4800/4800/4531 4799/4799/4530
f 4819/4819/4549 4820/4820/4550 4801/4801/4532 4800/4800/4531
f 4820/4820/4550 4821/4821/4551 4802/4802/4533 4801/4801/4532
f 4821/4821/4551 4822/4822/4552 4803/4803/4534 4802/4802/4533
f 4822/4822/4552 4823/4823/4553 4804/4804/4535 4803/4803/4534
f 4823/4823/4553 4824/4824/4554 4805/4805/4536 4804/4804/4535
f 4824/4824/4554 4825/4825/4555 4806/4806/4537 4805/4805/4536
f 4825/4825/4555 4826/4826/4556 4807/4807/4538 4806/4806/4537
f 4826/4826/4556 4827/4827/4557 4808/4808/4539 4807/4807/4538
f 4827/4827/4557 4828/4828/4558 4809/4809/4540 4808/4808/4539
f 4828/4828/4558 4829/4829/4559 4810/4810/4541 4809/4809/4540
f 4829/4829/4559 4830/4830/4560 4811/4811/4542 4810/4810/4541
f 4830/4830/4560 4831/4831/4561 4812/4812/4543 4811/4811/4542
f 4831/4831/4561 4832/4832/4562 4813/4813/4544 4812/4812/4543
f 4832/4832/4562 4833/4833/4563 4814/4814/4545 4813/4813/4544
f 4833/4833/4563 4834/4834/4564 4815/4815/4546 4814/4814/4545
f 4834/4834/4564 4835/4835/4547 4816/4816/4529 4815/4815/4546
f 4838/4838/4548 4837/4837/4547 4836/4836/4565
f 4839/4839/4549 4838/4838/4548 4836/4836/4565
f 4840/4840/4550 4839/4839/4549 4836/4836/4565
f 4841/4841/4551 4840/4840/4550 4836/4836/4565
f 4842/4842/4552 4841/4841/4551 4836/4836/4565
f 4843/4843/4553 4842/4842/4552 4836/4836/4565
f 4844/4844/4554 4843/4843/4553 4836/4836/4565
f 4845/4845/4555 4844/4844/4554 4836/4836/4565
f 4846/4846/4556 4845/4845/4555 4836/4836/4565
f 4847/4847/4557 4846/4846/4556 4836/4836/4565
f 4848/4848/4558 4847/4847/4557 4836/4836/4565
f 4849/4849/4559 4848/4848/4558 4836/4836/4565
f 4850/4850/4560 4849/4849/4559 4836/4836/4565
f 4851/4851/4561 4850/4850/4560 4836/4836/4565
f 4852/4852/4562 4851/4851/4561 4836/4836/4565
f 4853/4853/4563 4852/4852/4562 4836/4836/4565
f 4854/4854/4564 4853/4853/4563 4836/4836/4565
f 4837/4837/4547 4854/4854/4564 4836/4836/4565

o Finger_Index_R
usemtl Skin_Tom
v 0.084446 0.063183 -0.296692
v 0.084446 0.063183 -0.296692
v 0.084446 0.063183 -0.296692
v 0.084446 0.063183 -0.296692
v 0.084446 0.063183 -0.296692
v 0.084446 0.063183 -0.296692
v 0.084446 0.063183 -0.296692
v 0.084446 0.063183 -0.296692
v 0.084446 0.063183 -0.296692
v 0.084446 0.063183 -0.296692
v 0.084446 0.063183 -0.296692
v 0.075819 0.059066 -0.300867
v 0.076383 0.056742 -0.295175
v 0.080327 0.055865 -0.290505
v 0.086143 0.056771 -0.288642
v 0.091611 0.059113 -0.290297
v 0.094642 0.061997 -0.294838
v 0.094078 0.064321 -0.300531
v 0.090135 0.065197 -0.305200
v 0.084318 0.064292 -0.307063
v 0.078850 0.061950 -0.305408
v 0.075819 0.059066 -0.300867
v 0.075148 0.056187 -0.302494
v 0.075799 0.053503 -0.295921
v 0.080353 0.052491 -0.290529
v 0.087069 0.053537 -0.288378
v 0.093383 0.056241 -0.290289
v 0.096883 0.059571 -0.295532
v 0.096232 0.062255 -0.302106
v 0.091678 0.063267 -0.307498
v 0.084962 0.062221 -0.309649
v 0.078648 0.059517 -0.307738
v 0.075148 0.056187 -0.302494
v 0.087668 0.020213 -0.317784
v 0.088212 0.017973 -0.312296
v 0.092014 0.017127 -0.307794
v 0.097621 0.018001 -0.305997
v 0.102893 0.020259 -0.307593
v 0.105815 0.023039 -0.311971
v 0.105272 0.025280 -0.317459
v 0.101470 0.026125 -0.321961
v 0.095862 0.025252 -0.323758
v 0.090590 0.022994 -0.322162
v 0.087668 0.020213 -0.317784
v 0.084446 0.063183 -0.296692
v 0.084446 0.063183 -0.296692
v 0.084446 0.063183 -0.296692
v 0.084446 0.063183 -0.296692
v 0.084446 0.063183 -0.296692
v 0.084446 0.063183 -0.296692
v 0.084446 0.063183 -0.296692
v 0.084446 0.063183 -0.296692
v 0.084446 0.063183 -0.296692
v 0.084446 0.063183 -0.296692
v 0.084446 0.063183 -0.296692
v 0.096742 0.021626 -0.314877
v 0.087668 0.020213 -0.317784
v 0.088212 0.017973 -0.312296
v 0.092014 0.017127 -0.307794
v 0.097621 0.018001 -0.305997
v 0.102893 0.020259 -0.307593
v 0.105815 0.023039 -0.311971
v 0.105272 0.025280 -0.317459
v 0.101470 0.026125 -0.321961
v 0.095862 0.025252 -0.323758
v 0.090590 0.022994 -0.322162
vt 0.000000 0.600000
vt 0.100000 0.600000
vt 0.200000 0.600000
vt 0.300000 0.600000
vt 0.400000 0.600000
vt 0.500000 0.600000
vt 0.600000 0.600000
vt 0.700000 0.600000
vt 0.800000 0.600000
vt 0.900000 0.600000
vt 1.000000 0.600000
vt 0.000000 0.625527
vt 0.100000 0.625527
vt 0.200000 0.625527
vt 0.300000 0.625527
vt 0.400000 0.625527
vt 0.500000 0.625527
vt 0.600000 0.625527
vt 0.700000 0.625527
vt 0.800000 0.625527
vt 0.900000 0.625527
vt 1.000000 0.625527
vt 0.000000 0.651054
vt 0.100000 0.651054
vt 0.200000 0.651054
vt 0.300000 0.651054
vt 0.400000 0.651054
vt 0.500000 0.651054
vt 0.600000 0.651054
vt 0.700000 0.651054
vt 0.800000 0.651054
vt 0.900000 0.651054
vt 1.000000 0.651054
vt 0.000000 1.000000
vt 0.100000 1.000000
vt 0.200000 1.000000
vt 0.300000 1.000000
vt 0.400000 1.000000
vt 0.500000 1.000000
vt 0.600000 1.000000
vt 0.700000 1.000000
vt 0.800000 1.000000
vt 0.900000 1.000000
vt 1.000000 1.000000
vt 0.500000 0.500000
vt 0.950000 0.500000
vt 0.864058 0.764503
vt 0.639058 0.927975
vt 0.360942 0.927975
vt 0.135942 0.764503
vt 0.050000 0.500000
vt 0.135942 0.235497
vt 0.360942 0.072025
vt 0.639058 0.072025
vt 0.864058 0.235497
vt 0.500000 0.500000
vt 0.950000 0.500000
vt 0.864058 0.764503
vt 0.639058 0.927975
vt 0.360942 0.927975
vt 0.135942 0.764503
vt 0.050000 0.500000
vt 0.135942 0.235497
vt 0.360942 0.072025
vt 0.639058 0.072025
vt 0.864058 0.235497
vn -0.758822 0.635919 0.140702
vn -0.726134 0.501199 0.470669
vn -0.261619 0.884219 0.386928
vn -0.497555 0.450384 0.741345
vn -0.160396 0.502883 0.849342
vn 0.156561 0.638642 0.753408
vn 0.332250 0.805808 0.490187
vn 0.299562 0.940528 0.160220
vn 0.070984 0.991343 -0.110456
vn -0.266176 0.938844 -0.218453
vn -0.583133 0.803084 -0.122519
vn -0.940036 -0.153349 -0.304658
vn -0.883592 -0.385977 0.265116
vn -0.488892 -0.473723 0.732510
vn 0.093302 -0.383071 0.918995
vn 0.640611 -0.148646 0.753340
vn 0.943983 0.140009 0.298820
vn 0.887539 0.372637 -0.270954
vn 0.492839 0.460383 -0.738347
vn -0.089355 0.369731 -0.924832
vn -0.636664 0.135306 -0.759178
vn -0.928886 -0.187543 -0.319372
vn -0.872501 -0.419928 0.249805
vn -0.478215 -0.507582 0.716709
vn 0.103369 -0.417024 0.902998
vn 0.650105 -0.182845 0.737517
vn 0.953158 0.105507 0.283474
vn 0.896774 0.337892 -0.285703
vn 0.502487 0.425546 -0.752607
vn -0.079096 0.334988 -0.938896
vn -0.625832 0.100809 -0.773415
vn 0.261619 -0.884219 -0.386928
vn 0.261619 -0.884219 -0.386928
vn 0.261619 -0.884219 -0.386928
vn 0.261619 -0.884219 -0.386928
vn 0.261619 -0.884219 -0.386928
vn 0.261619 -0.884219 -0.386928
vn 0.261619 -0.884219 -0.386928
vn 0.261619 -0.884219 -0.386928
vn 0.261619 -0.884219 -0.386928
vn 0.261619 -0.884219 -0.386928
vn 0.261619 -0.884219 -0.386928
f 4866/4866/4566 4867/4867/4567 4856/4856/4568 4855/4855/4568
f 4867/4867/4567 4868/4868/4569 4857/4857/4568 4856/4856/4568
f 4868/4868/4569 4869/4869/4570 4858/4858/4568 4857/4857/4568
f 4869/4869/4570 4870/4870/4571 4859/4859/4568 4858/4858/4568
f 4870/4870/4571 4871/4871/4572 4860/4860/4568 4859/4859/4568
f 4871/4871/4572 4872/4872/4573 4861/4861/4568 4860/4860/4568
f 4872/4872/4573 4873/4873/4574 4862/4862/4568 4861/4861/4568
f 4873/4873/4574 4874/4874/4575 4863/4863/4568 4862/4862/4568
f 4874/4874/4575 4875/4875/4576 4864/4864/4568 4863/4863/4568
f 4875/4875/4576 4876/4876/4566 4865/4865/4568 4864/4864/4568
f 4877/4877/4577 4878/4878/4578 4867/4867/4567 4866/4866/4566
f 4878/4878/4578 4879/4879/4579 4868/4868/4569 4867/4867/4567
f 4879/4879/4579 4880/4880/4580 4869/4869/4570 4868/4868/4569
f 4880/4880/4580 4881/4881/4581 4870/4870/4571 4869/4869/4570
f 4881/4881/4581 4882/4882/4582 4871/4871/4572 4870/4870/4571
f 4882/4882/4582 4883/4883/4583 4872/4872/4573 4871/4871/4572
f 4883/4883/4583 4884/4884/4584 4873/4873/4574 4872/4872/4573
f 4884/4884/4584 4885/4885/4585 4874/4874/4575 4873/4873/4574
f 4885/4885/4585 4886/4886/4586 4875/4875/4576 4874/4874/4575
f 4886/4886/4586 4887/4887/4577 4876/4876/4566 4875/4875/4576
f 4888/4888/4587 4889/4889/4588 4878/4878/4578 4877/4877/4577
f 4889/4889/4588 4890/4890/4589 4879/4879/4579 4878/4878/4578
f 4890/4890/4589 4891/4891/4590 4880/4880/4580 4879/4879/4579
f 4891/4891/4590 4892/4892/4591 4881/4881/4581 4880/4880/4580
f 4892/4892/4591 4893/4893/4592 4882/4882/4582 4881/4881/4581
f 4893/4893/4592 4894/4894/4593 4883/4883/4583 4882/4882/4582
f 4894/4894/4593 4895/4895/4594 4884/4884/4584 4883/4883/4583
f 4895/4895/4594 4896/4896/4595 4885/4885/4585 4884/4884/4584
f 4896/4896/4595 4897/4897/4596 4886/4886/4586 4885/4885/4585
f 4897/4897/4596 4898/4898/4587 4887/4887/4577 4886/4886/4586
f 4900/4900/4568 4901/4901/4568 4899/4899/4568
f 4901/4901/4568 4902/4902/4568 4899/4899/4568
f 4902/4902/4568 4903/4903/4568 4899/4899/4568
f 4903/4903/4568 4904/4904/4568 4899/4899/4568
f 4904/4904/4568 4905/4905/4568 4899/4899/4568
f 4905/4905/4568 4906/4906/4568 4899/4899/4568
f 4906/4906/4568 4907/4907/4568 4899/4899/4568
f 4907/4907/4568 4908/4908/4568 4899/4899/4568
f 4908/4908/4568 4909/4909/4568 4899/4899/4568
f 4909/4909/4568 4900/4900/4568 4899/4899/4568
f 4912/4912/4597 4911/4911/4598 4910/4910/4599
f 4913/4913/4600 4912/4912/4597 4910/4910/4599
f 4914/4914/4601 4913/4913/4600 4910/4910/4599
f 4915/4915/4602 4914/4914/4601 4910/4910/4599
f 4916/4916/4603 4915/4915/4602 4910/4910/4599
f 4917/4917/4604 4916/4916/4603 4910/4910/4599
f 4918/4918/4605 4917/4917/4604 4910/4910/4599
f 4919/4919/4606 4918/4918/4605 4910/4910/4599
f 4920/4920/4607 4919/4919/4606 4910/4910/4599
f 4911/4911/4598 4920/4920/4607 4910/4910/4599

o Finger_Index_Mid_R
usemtl Skin_Tom
v 0.095100 0.022682 -0.310265
v 0.095100 0.022682 -0.310265
v 0.095100 0.022682 -0.310265
v 0.095100 0.022682 -0.310265
v 0.095100 0.022682 -0.310265
v 0.095100 0.022682 -0.310265
v 0.095100 0.022682 -0.310265
v 0.095100 0.022682 -0.310265
v 0.095100 0.022682 -0.310265
v 0.095100 0.022682 -0.310265
v 0.095100 0.022682 -0.310265
v 0.088063 0.020931 -0.315088
v 0.089914 0.016426 -0.313398
v 0.094059 0.014109 -0.311392
v 0.098916 0.014865 -0.309836
v 0.102628 0.018406 -0.309325
v 0.103779 0.023378 -0.310054
v 0.101928 0.027883 -0.311745
v 0.097782 0.030199 -0.313751
v 0.092926 0.029443 -0.315306
v 0.089213 0.025903 -0.315817
v 0.088063 0.020931 -0.315088
v 0.087668 0.020213 -0.317784
v 0.089806 0.015012 -0.315832
v 0.094592 0.012336 -0.313515
v 0.100200 0.013210 -0.311719
v 0.104487 0.017298 -0.311129
v 0.105815 0.023039 -0.311971
v 0.103678 0.028241 -0.313923
v 0.098891 0.030916 -0.316239
v 0.093283 0.030043 -0.318036
v 0.088996 0.025955 -0.318626
v 0.087668 0.020213 -0.317784
v 0.097996 0.014750 -0.342175
v 0.099786 0.010395 -0.340541
v 0.103793 0.008156 -0.338602
v 0.108488 0.008887 -0.337098
v 0.112077 0.012309 -0.336604
v 0.113189 0.017116 -0.337309
v 0.111400 0.021471 -0.338943
v 0.107392 0.023711 -0.340882
v 0.102697 0.022980 -0.342386
v 0.099108 0.019557 -0.342880
v 0.097996 0.014750 -0.342175
v 0.095100 0.022682 -0.310265
v 0.095100 0.022682 -0.310265
v 0.095100 0.022682 -0.310265
v 0.095100 0.022682 -0.310265
v 0.095100 0.022682 -0.310265
v 0.095100 0.022682 -0.310265
v 0.095100 0.022682 -0.310265
v 0.095100 0.022682 -0.310265
v 0.095100 0.022682 -0.310265
v 0.095100 0.022682 -0.310265
v 0.095100 0.022682 -0.310265
v 0.105593 0.015933 -0.339742
v 0.097996 0.014750 -0.342175
v 0.099786 0.010395 -0.340541
v 0.103793 0.008156 -0.338602
v 0.108488 0.008887 -0.337098
v 0.112077 0.012309 -0.336604
v 0.113189 0.017116 -0.337309
v 0.111400 0.021471 -0.338943
v 0.107392 0.023711 -0.340882
v 0.102697 0.022980 -0.342386
v 0.099108 0.019557 -0.342880
vt 0.000000 0.600000
vt 0.100000 0.600000
vt 0.200000 0.600000
vt 0.300000 0.600000
vt 0.400000 0.600000
vt 0.500000 0.600000
vt 0.600000 0.600000
vt 0.700000 0.600000
vt 0.800000 0.600000
vt 0.900000 0.600000
vt 1.000000 0.600000
vt 0.000000 0.631296
vt 0.100000 0.631296
vt 0.200000 0.631296
vt 0.300000 0.631296
vt 0.400000 0.631296
vt 0.500000 0.631296
vt 0.600000 0.631296
vt 0.700000 0.631296
vt 0.800000 0.631296
vt 0.900000 0.631296
vt 1.000000 0.631296
vt 0.000000 0.662591
vt 0.100000 0.662591
vt 0.200000 0.662591
vt 0.300000 0.662591
vt 0.400000 0.662591
vt 0.500000 0.662591
vt 0.600000 0.662591
vt 0.700000 0.662591
vt 0.800000 0.662591
vt 0.900000 0.662591
vt 1.000000 0.662591
vt 0.000000 1.000000
vt 0.100000 1.000000
vt 0.200000 1.000000
vt 0.300000 1.000000
vt 0.400000 1.000000
vt 0.500000 1.000000
vt 0.600000 1.000000
vt 0.700000 1.000000
vt 0.800000 1.000000
vt 0.900000 1.000000
vt 1.000000 1.000000
vt 0.500000 0.500000
vt 0.950000 0.500000
vt 0.864058 0.764503
vt 0.639058 0.927975
vt 0.360942 0.927975
vt 0.135942 0.764503
vt 0.050000 0.500000
vt 0.135942 0.235497
vt 0.360942 0.072025
vt 0.639058 0.072025
vt 0.864058 0.235497
vt 0.500000 0.500000
vt 0.950000 0.500000
vt 0.864058 0.764503
vt 0.639058 0.927975
vt 0.360942 0.927975
vt 0.135942 0.764503
vt 0.050000 0.500000
vt 0.135942 0.235497
vt 0.360942 0.072025
vt 0.639058 0.072025
vt 0.864058 0.235497
vn -0.812787 0.086956 0.576035
vn -0.684276 -0.225789 0.693388
vn -0.327813 0.210855 0.920912
vn -0.396475 -0.386630 0.832661
vn -0.059316 -0.334131 0.940658
vn 0.198420 -0.088346 0.976127
vn 0.278284 0.256845 0.925521
vn 0.149773 0.569590 0.808168
vn -0.138027 0.730431 0.668894
vn -0.475187 0.677932 0.560897
vn -0.732922 0.432146 0.525428
vn -0.939146 -0.148514 -0.309757
vn -0.717240 -0.688544 -0.107119
vn -0.220282 -0.966275 0.133371
vn 0.361907 -0.875624 0.319854
vn 0.806949 -0.451215 0.381100
vn 0.944856 0.144841 0.293716
vn 0.722950 0.684871 0.091078
vn 0.225992 0.962603 -0.149412
vn -0.356196 0.871951 -0.335896
vn -0.801239 0.447542 -0.397142
vn -0.921446 -0.158661 -0.354631
vn -0.699905 -0.697803 -0.152326
vn -0.203765 -0.975078 0.087768
vn 0.377467 -0.884575 0.273945
vn 0.821778 -0.460864 0.335090
vn 0.959457 0.134212 0.247849
vn 0.737916 0.673354 0.045544
vn 0.241775 0.950629 -0.194550
vn -0.339456 0.860126 -0.380727
vn -0.783767 0.436415 -0.441872
vn 0.327813 -0.210855 -0.920912
vn 0.327813 -0.210855 -0.920912
vn 0.327813 -0.210855 -0.920912
vn 0.327813 -0.210855 -0.920912
vn 0.327813 -0.210855 -0.920912
vn 0.327813 -0.210855 -0.920912
vn 0.327813 -0.210855 -0.920912
vn 0.327813 -0.210855 -0.920912
vn 0.327813 -0.210855 -0.920912
vn 0.327813 -0.210855 -0.920912
vn 0.327813 -0.210855 -0.920912
f 4932/4932/4608 4933/4933/4609 4922/4922/4610 4921/4921/4610
f 4933/4933/4609 4934/4934/4611 4923/4923/4610 4922/4922/4610
f 4934/4934/4611 4935/4935/4612 4924/4924/4610 4923/4923/4610
f 4935/4935/4612 4936/4936/4613 4925/4925/4610 4924/4924/4610
f 4936/4936/4613 4937/4937/4614 4926/4926/4610 4925/4925/4610
f 4937/4937/4614 4938/4938/4615 4927/4927/4610 4926/4926/4610
f 4938/4938/4615 4939/4939/4616 4928/4928/4610 4927/4927/4610
f 4939/4939/4616 4940/4940/4617 4929/4929/4610 4928/4928/4610
f 4940/4940/4617 4941/4941/4618 4930/4930/4610 4929/4929/4610
f 4941/4941/4618 4942/4942/4608 4931/4931/4610 4930/4930/4610
f 4943/4943/4619 4944/4944/4620 4933/4933/4609 4932/4932/4608
f 4944/4944/4620 4945/4945/4621 4934/4934/4611 4933/4933/4609
f 4945/4945/4621 4946/4946/4622 4935/4935/4612 4934/4934/4611
f 4946/4946/4622 4947/4947/4623 4936/4936/4613 4935/4935/4612
f 4947/4947/4623 4948/4948/4624 4937/4937/4614 4936/4936/4613
f 4948/4948/4624 4949/4949/4625 4938/4938/4615 4937/4937/4614
f 4949/4949/4625 4950/4950/4626 4939/4939/4616 4938/4938/4615
f 4950/4950/4626 4951/4951/4627 4940/4940/4617 4939/4939/4616
f 4951/4951/4627 4952/4952/4628 4941/4941/4618 4940/4940/4617
f 4952/4952/4628 4953/4953/4619 4942/4942/4608 4941/4941/4618
f 4954/4954/4629 4955/4955/4630 4944/4944/4620 4943/4943/4619
f 4955/4955/4630 4956/4956/4631 4945/4945/4621 4944/4944/4620
f 4956/4956/4631 4957/4957/4632 4946/4946/4622 4945/4945/4621
f 4957/4957/4632 4958/4958/4633 4947/4947/4623 4946/4946/4622
f 4958/4958/4633 4959/4959/4634 4948/4948/4624 4947/4947/4623
f 4959/4959/4634 4960/4960/4635 4949/4949/4625 4948/4948/4624
f 4960/4960/4635 4961/4961/4636 4950/4950/4626 4949/4949/4625
f 4961/4961/4636 4962/4962/4637 4951/4951/4627 4950/4950/4626
f 4962/4962/4637 4963/4963/4638 4952/4952/4628 4951/4951/4627
f 4963/4963/4638 4964/4964/4629 4953/4953/4619 4952/4952/4628
f 4966/4966/4610 4967/4967/4610 4965/4965/4610
f 4967/4967/4610 4968/4968/4610 4965/4965/4610
f 4968/4968/4610 4969/4969/4610 4965/4965/4610
f 4969/4969/4610 4970/4970/4610 4965/4965/4610
f 4970/4970/4610 4971/4971/4610 4965/4965/4610
f 4971/4971/4610 4972/4972/4610 4965/4965/4610
f 4972/4972/4610 4973/4973/4610 4965/4965/4610
f 4973/4973/4610 4974/4974/4610 4965/4965/4610
f 4974/4974/4610 4975/4975/4610 4965/4965/4610
f 4975/4975/4610 4966/4966/4610 4965/4965/4610
f 4978/4978/4639 4977/4977/4640 4976/4976/4641
f 4979/4979/4642 4978/4978/4639 4976/4976/4641
f 4980/4980/4643 4979/4979/4642 4976/4976/4641
f 4981/4981/4644 4980/4980/4643 4976/4976/4641
f 4982/4982/4645 4981/4981/4644 4976/4976/4641
f 4983/4983/4646 4982/4982/4645 4976/4976/4641
f 4984/4984/4647 4983/4983/4646 4976/4976/4641
f 4985/4985/4648 4984/4984/4647 4976/4976/4641
f 4986/4986/4649 4985/4985/4648 4976/4976/4641
f 4977/4977/4640 4986/4986/4649 4976/4976/4641

o Finger_Index_Tip_R
usemtl Skin_Tom
v 0.105027 0.013174 -0.336635
v 0.105027 0.013174 -0.336635
v 0.105027 0.013174 -0.336635
v 0.105027 0.013174 -0.336635
v 0.105027 0.013174 -0.336635
v 0.105027 0.013174 -0.336635
v 0.105027 0.013174 -0.336635
v 0.105027 0.013174 -0.336635
v 0.105027 0.013174 -0.336635
v 0.105027 0.013174 -0.336635
v 0.105027 0.013174 -0.336635
v 0.098731 0.013529 -0.340296
v 0.101249 0.010693 -0.342357
v 0.105318 0.009331 -0.342825
v 0.109383 0.009964 -0.341523
v 0.111893 0.012350 -0.338947
v 0.111889 0.015578 -0.336081
v 0.109371 0.018414 -0.334021
v 0.105302 0.019776 -0.333552
v 0.101237 0.019143 -0.334854
v 0.098727 0.016757 -0.337430
v 0.098731 0.013529 -0.340296
v 0.097996 0.014750 -0.342175
v 0.100903 0.011475 -0.344555
v 0.105601 0.009903 -0.345096
v 0.110296 0.010634 -0.343592
v 0.113195 0.013389 -0.340618
v 0.113189 0.017116 -0.337309
v 0.110282 0.020391 -0.334929
v 0.105584 0.021963 -0.334388
v 0.100889 0.021232 -0.335892
v 0.097991 0.018477 -0.338866
v 0.097996 0.014750 -0.342175
v 0.102305 0.028798 -0.357260
v 0.104647 0.026160 -0.359177
v 0.108432 0.024893 -0.359613
v 0.112214 0.025482 -0.358402
v 0.114548 0.027702 -0.356005
v 0.114544 0.030704 -0.353340
v 0.112202 0.033342 -0.351423
v 0.108418 0.034608 -0.350987
v 0.104636 0.034020 -0.352198
v 0.102301 0.031800 -0.354595
v 0.102305 0.028798 -0.357260
v 0.103353 0.030037 -0.358249
v 0.105381 0.027752 -0.359909
v 0.108658 0.026655 -0.360286
v 0.111934 0.027165 -0.359237
v 0.113956 0.029087 -0.357162
v 0.113952 0.031687 -0.354854
v 0.111924 0.033972 -0.353194
v 0.108646 0.035069 -0.352816
v 0.105371 0.034559 -0.353865
v 0.103349 0.032637 -0.355940
v 0.103353 0.030037 -0.358249
v 0.108880 0.031974 -0.357803
v 0.108880 0.031974 -0.357803
v 0.108880 0.031974 -0.357803
v 0.108880 0.031974 -0.357803
v 0.108880 0.031974 -0.357803
v 0.108880 0.031974 -0.357803
v 0.108880 0.031974 -0.357803
v 0.108880 0.031974 -0.357803
v 0.108880 0.031974 -0.357803
v 0.108880 0.031974 -0.357803
v 0.108880 0.031974 -0.357803
v 0.105027 0.013174 -0.336635
v 0.105027 0.013174 -0.336635
v 0.105027 0.013174 -0.336635
v 0.105027 0.013174 -0.336635
v 0.105027 0.013174 -0.336635
v 0.105027 0.013174 -0.336635
v 0.105027 0.013174 -0.336635
v 0.105027 0.013174 -0.336635
v 0.105027 0.013174 -0.336635
v 0.105027 0.013174 -0.336635
v 0.105027 0.013174 -0.336635
v 0.108880 0.031974 -0.357803
v 0.108880 0.031974 -0.357803
v 0.108880 0.031974 -0.357803
v 0.108880 0.031974 -0.357803
v 0.108880 0.031974 -0.357803
v 0.108880 0.031974 -0.357803
v 0.108880 0.031974 -0.357803
v 0.108880 0.031974 -0.357803
v 0.108880 0.031974 -0.357803
v 0.108880 0.031974 -0.357803
v 0.108880 0.031974 -0.357803
vt 0.000000 0.600000
vt 0.100000 0.600000
vt 0.200000 0.600000
vt 0.300000 0.600000
vt 0.400000 0.600000
vt 0.500000 0.600000
vt 0.600000 0.600000
vt 0.700000 0.600000
vt 0.800000 0.600000
vt 0.900000 0.600000
vt 1.000000 0.600000
vt 0.000000 0.629353
vt 0.100000 0.629353
vt 0.200000 0.629353
vt 0.300000 0.629353
vt 0.400000 0.629353
vt 0.500000 0.629353
vt 0.600000 0.629353
vt 0.700000 0.629353
vt 0.800000 0.629353
vt 0.900000 0.629353
vt 1.000000 0.629353
vt 0.000000 0.658706
vt 0.100000 0.658706
vt 0.200000 0.658706
vt 0.300000 0.658706
vt 0.400000 0.658706
vt 0.500000 0.658706
vt 0.600000 0.658706
vt 0.700000 0.658706
vt 0.800000 0.658706
vt 0.900000 0.658706
vt 1.000000 0.658706
vt 0.000000 0.952709
vt 0.100000 0.952709
vt 0.200000 0.952709
vt 0.300000 0.952709
vt 0.400000 0.952709
vt 0.500000 0.952709
vt 0.600000 0.952709
vt 0.700000 0.952709
vt 0.800000 0.952709
vt 0.900000 0.952709
vt 1.000000 0.952709
vt 0.000000 0.976354
vt 0.100000 0.976354
vt 0.200000 0.976354
vt 0.300000 0.976354
vt 0.400000 0.976354
vt 0.500000 0.976354
vt 0.600000 0.976354
vt 0.700000 0.976354
vt 0.800000 0.976354
vt 0.900000 0.976354
vt 1.000000 0.976354
vt 0.000000 1.000000
vt 0.100000 1.000000
vt 0.200000 1.000000
vt 0.300000 1.000000
vt 0.400000 1.000000
vt 0.500000 1.000000
vt 0.600000 1.000000
vt 0.700000 1.000000
vt 0.800000 1.000000
vt 0.900000 1.000000
vt 1.000000 1.000000
vt 0.500000 0.500000
vt 0.950000 0.500000
vt 0.864058 0.764503
vt 0.639058 0.927975
vt 0.360942 0.927975
vt 0.135942 0.764503
vt 0.050000 0.500000
vt 0.135942 0.235497
vt 0.360942 0.072025
vt 0.639058 0.072025
vt 0.864058 0.235497
vt 0.500000 0.500000
vt 0.950000 0.500000
vt 0.864058 0.764503
vt 0.639058 0.927975
vt 0.360942 0.927975
vt 0.135942 0.764503
vt 0.050000 0.500000
vt 0.135942 0.235497
vt 0.360942 0.072025
vt 0.639058 0.072025
vt 0.864058 0.235497
vn -0.655474 -0.621373 0.429243
vn -0.446713 -0.856562 0.258359
vn -0.134852 -0.657989 0.740855
vn -0.109316 -0.969470 0.219493
vn 0.227844 -0.916972 0.327490
vn 0.435982 -0.719119 0.541099
vn 0.435597 -0.451484 0.778728
vn 0.226836 -0.216295 0.949611
vn -0.110562 -0.103387 0.988477
vn -0.447721 -0.155885 0.880480
vn -0.655859 -0.353738 0.666872
vn -0.939230 -0.133836 -0.316124
vn -0.578808 -0.539885 -0.611151
vn 0.003703 -0.734819 -0.678253
vn 0.585803 -0.644182 -0.491798
vn 0.945150 -0.302592 -0.123006
vn 0.944485 0.159475 0.287256
vn 0.584063 0.565524 0.582283
vn 0.001552 0.760459 0.649384
vn -0.580548 0.669821 0.462930
vn -0.939895 0.328231 0.094138
vn -0.923418 -0.078947 -0.375590
vn -0.564799 -0.482963 -0.669140
vn 0.014796 -0.676923 -0.735905
vn 0.593983 -0.586738 -0.550384
vn 0.951531 -0.246858 -0.183438
vn 0.950870 0.212896 0.224771
vn 0.592251 0.616913 0.518322
vn 0.012656 0.810872 0.585087
vn -0.566531 0.720688 0.399565
vn -0.924079 0.380807 0.032620
vn -0.435597 0.451484 -0.778728
vn -0.226836 0.216295 -0.949611
vn 0.110562 0.103387 -0.988477
vn 0.447721 0.155885 -0.880480
vn 0.655859 0.353738 -0.666872
vn 0.655474 0.621373 -0.429243
vn 0.446713 0.856562 -0.258359
vn 0.109316 0.969470 -0.219493
vn -0.227844 0.916972 -0.327490
vn -0.435982 0.719119 -0.541099
vn 0.134852 0.657989 -0.740855
f 4998/4998/4650 4999/4999/4651 4988/4988/4652 4987/4987/4652
f 4999/4999/4651 5000/5000/4653 4989/4989/4652 4988/4988/4652
f 5000/5000/4653 5001/5001/4654 4990/4990/4652 4989/4989/4652
f 5001/5001/4654 5002/5002/4655 4991/4991/4652 4990/4990/4652
f 5002/5002/4655 5003/5003/4656 4992/4992/4652 4991/4991/4652
f 5003/5003/4656 5004/5004/4657 4993/4993/4652 4992/4992/4652
f 5004/5004/4657 5005/5005/4658 4994/4994/4652 4993/4993/4652
f 5005/5005/4658 5006/5006/4659 4995/4995/4652 4994/4994/4652
f 5006/5006/4659 5007/5007/4660 4996/4996/4652 4995/4995/4652
f 5007/5007/4660 5008/5008/4650 4997/4997/4652 4996/4996/4652
f 5009/5009/4661 5010/5010/4662 4999/4999/4651 4998/4998/4650
f 5010/5010/4662 5011/5011/4663 5000/5000/4653 4999/4999/4651
f 5011/5011/4663 5012/5012/4664 5001/5001/4654 5000/5000/4653
f 5012/5012/4664 5013/5013/4665 5002/5002/4655 5001/5001/4654
f 5013/5013/4665 5014/5014/4666 5003/5003/4656 5002/5002/4655
f 5014/5014/4666 5015/5015/4667 5004/5004/4657 5003/5003/4656
f 5015/5015/4667 5016/5016/4668 5005/5005/4658 5004/5004/4657
f 5016/5016/4668 5017/5017/4669 5006/5006/4659 5005/5005/4658
f 5017/5017/4669 5018/5018/4670 5007/5007/4660 5006/5006/4659
f 5018/5018/4670 5019/5019/4661 5008/5008/4650 5007/5007/4660
f 5020/5020/4671 5021/5021/4672 5010/5010/4662 5009/5009/4661
f 5021/5021/4672 5022/5022/4673 5011/5011/4663 5010/5010/4662
f 5022/5022/4673 5023/5023/4674 5012/5012/4664 5011/5011/4663
f 5023/5023/4674 5024/5024/4675 5013/5013/4665 5012/5012/4664
f 5024/5024/4675 5025/5025/4676 5014/5014/4666 5013/5013/4665
f 5025/5025/4676 5026/5026/4677 5015/5015/4667 5014/5014/4666
f 5026/5026/4677 5027/5027/4678 5016/5016/4668 5015/5015/4667
f 5027/5027/4678 5028/5028/4679 5017/5017/4669 5016/5016/4668
f 5028/5028/4679 5029/5029/4680 5018/5018/4670 5017/5017/4669
f 5029/5029/4680 5030/5030/4671 5019/5019/4661 5018/5018/4670
f 5031/5031/4681 5032/5032/4682 5021/5021/4672 5020/5020/4671
f 5032/5032/4682 5033/5033/4683 5022/5022/4673 5021/5021/4672
f 5033/5033/4683 5034/5034/4684 5023/5023/4674 5022/5022/4673
f 5034/5034/4684 5035/5035/4685 5024/5024/4675 5023/5023/4674
f 5035/5035/4685 5036/5036/4686 5025/5025/4676 5024/5024/4675
f 5036/5036/4686 5037/5037/4687 5026/5026/4677 5025/5025/4676
f 5037/5037/4687 5038/5038/4688 5027/5027/4678 5026/5026/4677
f 5038/5038/4688 5039/5039/4689 5028/5028/4679 5027/5027/4678
f 5039/5039/4689 5040/5040/4690 5029/5029/4680 5028/5028/4679
f 5040/5040/4690 5041/5041/4681 5030/5030/4671 5029/5029/4680
f 5042/5042/4691 5043/5043/4691 5032/5032/4682 5031/5031/4681
f 5043/5043/4691 5044/5044/4691 5033/5033/4683 5032/5032/4682
f 5044/5044/4691 5045/5045/4691 5034/5034/4684 5033/5033/4683
f 5045/5045/4691 5046/5046/4691 5035/5035/4685 5034/5034/4684
f 5046/5046/4691 5047/5047/4691 5036/5036/4686 5035/5035/4685
f 5047/5047/4691 5048/5048/4691 5037/5037/4687 5036/5036/4686
f 5048/5048/4691 5049/5049/4691 5038/5038/4688 5037/5037/4687
f 5049/5049/4691 5050/5050/4691 5039/5039/4689 5038/5038/4688
f 5050/5050/4691 5051/5051/4691 5040/5040/4690 5039/5039/4689
f 5051/5051/4691 5052/5052/4691 5041/5041/4681 5040/5040/4690
f 5054/5054/4652 5055/5055/4652 5053/5053/4652
f 5055/5055/4652 5056/5056/4652 5053/5053/4652
f 5056/5056/4652 5057/5057/4652 5053/5053/4652
f 5057/5057/4652 5058/5058/4652 5053/5053/4652
f 5058/5058/4652 5059/5059/4652 5053/5053/4652
f 5059/5059/4652 5060/5060/4652 5053/5053/4652
f 5060/5060/4652 5061/5061/4652 5053/5053/4652
f 5061/5061/4652 5062/5062/4652 5053/5053/4652
f 5062/5062/4652 5063/5063/4652 5053/5053/4652
f 5063/5063/4652 5054/5054/4652 5053/5053/4652
f 5066/5066/4691 5065/5065/4691 5064/5064/4691
f 5067/5067/4691 5066/5066/4691 5064/5064/4691
f 5068/5068/4691 5067/5067/4691 5064/5064/4691
f 5069/5069/4691 5068/5068/4691 5064/5064/4691
f 5070/5070/4691 5069/5069/4691 5064/5064/4691
f 5071/5071/4691 5070/5070/4691 5064/5064/4691
f 5072/5072/4691 5071/5071/4691 5064/5064/4691
f 5073/5073/4691 5072/5072/4691 5064/5064/4691
f 5074/5074/4691 5073/5073/4691 5064/5064/4691
f 5065/5065/4691 5074/5074/4691 5064/5064/4691

o Finger_Middle_R
usemtl Skin_Tom
v 0.066582 0.059214 -0.298548
v 0.066582 0.059214 -0.298548
v 0.066582 0.059214 -0.298548
v 0.066582 0.059214 -0.298548
v 0.066582 0.059214 -0.298548
v 0.066582 0.059214 -0.298548
v 0.066582 0.059214 -0.298548
v 0.066582 0.059214 -0.298548
v 0.066582 0.059214 -0.298548
v 0.066582 0.059214 -0.298548
v 0.066582 0.059214 -0.298548
v 0.057719 0.055477 -0.303670
v 0.058217 0.052245 -0.298110
v 0.062246 0.050695 -0.293318
v 0.068267 0.051420 -0.291122
v 0.073981 0.054142 -0.292363
v 0.077206 0.057822 -0.296566
v 0.076708 0.061055 -0.302125
v 0.072680 0.062605 -0.306918
v 0.066658 0.061880 -0.309113
v 0.060944 0.059158 -0.307872
v 0.057719 0.055477 -0.303670
v 0.057093 0.052732 -0.305789
v 0.057667 0.048999 -0.299370
v 0.062319 0.047209 -0.293836
v 0.069273 0.048046 -0.291301
v 0.075871 0.051190 -0.292733
v 0.079594 0.055439 -0.297586
v 0.079020 0.059172 -0.304006
v 0.074368 0.060962 -0.309540
v 0.067414 0.060125 -0.312075
v 0.060816 0.056981 -0.310642
v 0.057093 0.052732 -0.305789
v 0.071602 0.016124 -0.327659
v 0.072082 0.013007 -0.322300
v 0.075966 0.011513 -0.317679
v 0.081771 0.012212 -0.315562
v 0.087281 0.014836 -0.316758
v 0.090389 0.018385 -0.320810
v 0.089910 0.021501 -0.326170
v 0.086026 0.022996 -0.330791
v 0.080220 0.022297 -0.332907
v 0.074711 0.019672 -0.331711
v 0.071602 0.016124 -0.327659
v 0.066582 0.059214 -0.298548
v 0.066582 0.059214 -0.298548
v 0.066582 0.059214 -0.298548
v 0.066582 0.059214 -0.298548
v 0.066582 0.059214 -0.298548
v 0.066582 0.059214 -0.298548
v 0.066582 0.059214 -0.298548
v 0.066582 0.059214 -0.298548
v 0.066582 0.059214 -0.298548
v 0.066582 0.059214 -0.298548
v 0.066582 0.059214 -0.298548
v 0.080996 0.017254 -0.324235
v 0.071602 0.016124 -0.327659
v 0.072082 0.013007 -0.322300
v 0.075966 0.011513 -0.317679
v 0.081771 0.012212 -0.315562
v 0.087281 0.014836 -0.316758
v 0.090389 0.018385 -0.320810
v 0.089910 0.021501 -0.326170
v 0.086026 0.022996 -0.330791
v 0.080220 0.022297 -0.332907
v 0.074711 0.019672 -0.331711
vt 0.000000 0.600000
vt 0.100000 0.600000
vt 0.200000 0.600000
vt 0.300000 0.600000
vt 0.400000 0.600000
vt 0.500000 0.600000
vt 0.600000 0.600000
vt 0.700000 0.600000
vt 0.800000 0.600000
vt 0.900000 0.600000
vt 1.000000 0.600000
vt 0.000000 0.624447
vt 0.100000 0.624447
vt 0.200000 0.624447
vt 0.300000 0.624447
vt 0.400000 0.624447
vt 0.500000 0.624447
vt 0.600000 0.624447
vt 0.700000 0.624447
vt 0.800000 0.624447
vt 0.900000 0.624447
vt 1.000000 0.624447
vt 0.000000 0.648894
vt 0.100000 0.648894
vt 0.200000 0.648894
vt 0.300000 0.648894
vt 0.400000 0.648894
vt 0.500000 0.648894
vt 0.600000 0.648894
vt 0.700000 0.648894
vt 0.800000 0.648894
vt 0.900000 0.648894
vt 1.000000 0.648894
vt 0.000000 1.000000
vt 0.100000 1.000000
vt 0.200000 1.000000
vt 0.300000 1.000000
vt 0.400000 1.000000
vt 0.500000 1.000000
vt 0.600000 1.000000
vt 0.700000 1.000000
vt 0.800000 1.000000
vt 0.900000 1.000000
vt 1.000000 1.000000
vt 0.500000 0.500000
vt 0.950000 0.500000
vt 0.864058 0.764503
vt 0.639058 0.927975
vt 0.360942 0.927975
vt 0.135942 0.764503
vt 0.050000 0.500000
vt 0.135942 0.235497
vt 0.360942 0.072025
vt 0.639058 0.072025
vt 0.864058 0.235497
vt 0.500000 0.500000
vt 0.950000 0.500000
vt 0.864058 0.764503
vt 0.639058 0.927975
vt 0.360942 0.927975
vt 0.135942 0.764503
vt 0.050000 0.500000
vt 0.135942 0.235497
vt 0.360942 0.072025
vt 0.639058 0.072025
vt 0.864058 0.235497
vn -0.769848 0.602204 0.211387
vn -0.742257 0.422836 0.519870
vn -0.281162 0.818472 0.501051
vn -0.518703 0.336830 0.785807
vn -0.184575 0.377039 0.907620
vn 0.132500 0.528103 0.838779
vn 0.311410 0.732322 0.605581
vn 0.283819 0.911691 0.297098
vn 0.060265 0.997696 0.031160
vn -0.273862 0.957487 -0.090652
vn -0.590937 0.806423 -0.021812
vn -0.931514 -0.118238 -0.343949
vn -0.883871 -0.427965 0.188728
vn -0.497845 -0.576476 0.647940
vn 0.079114 -0.507045 0.858281
vn 0.626628 -0.246192 0.739410
vn 0.935565 0.106446 0.336730
vn 0.887922 0.416173 -0.195947
vn 0.501896 0.564684 -0.655158
vn -0.075063 0.495253 -0.865500
vn -0.622577 0.234400 -0.746629
vn -0.920238 -0.148376 -0.362141
vn -0.872640 -0.457809 0.170030
vn -0.486981 -0.606179 0.628806
vn 0.089431 -0.536814 0.838947
vn 0.636425 -0.276209 0.720189
vn 0.945069 0.076094 0.317892
vn 0.897470 0.385527 -0.214280
vn 0.511811 0.533897 -0.673055
vn -0.064600 0.464532 -0.883197
vn -0.611594 0.203927 -0.764439
vn 0.281162 -0.818472 -0.501051
vn 0.281162 -0.818472 -0.501051
vn 0.281162 -0.818472 -0.501051
vn 0.281162 -0.818472 -0.501051
vn 0.281162 -0.818472 -0.501051
vn 0.281162 -0.818472 -0.501051
vn 0.281162 -0.818472 -0.501051
vn 0.281162 -0.818472 -0.501051
vn 0.281162 -0.818472 -0.501051
vn 0.281162 -0.818472 -0.501051
vn 0.281162 -0.818472 -0.501051
f 5086/5086/4692 5087/5087/4693 5076/5076/4694 5075/5075/4694
f 5087/5087/4693 5088/5088/4695 5077/5077/4694 5076/5076/4694
f 5088/5088/4695 5089/5089/4696 5078/5078/4694 5077/5077/4694
f 5089/5089/4696 5090/5090/4697 5079/5079/4694 5078/5078/4694
f 5090/5090/4697 5091/5091/4698 5080/5080/4694 5079/5079/4694
f 5091/5091/4698 5092/5092/4699 5081/5081/4694 5080/5080/4694
f 5092/5092/4699 5093/5093/4700 5082/5082/4694 5081/5081/4694
f 5093/5093/4700 5094/5094/4701 5083/5083/4694 5082/5082/4694
f 5094/5094/4701 5095/5095/4702 5084/5084/4694 5083/5083/4694
f 5095/5095/4702 5096/5096/4692 5085/5085/4694 5084/5084/4694
f 5097/5097/4703 5098/5098/4704 5087/5087/4693 5086/5086/4692
f 5098/5098/4704 5099/5099/4705 5088/5088/4695 5087/5087/4693
f 5099/5099/4705 5100/5100/4706 5089/5089/4696 5088/5088/4695
f 5100/5100/4706 5101/5101/4707 5090/5090/4697 5089/5089/4696
f 5101/5101/4707 5102/5102/4708 5091/5091/4698 5090/5090/4697
f 5102/5102/4708 5103/5103/4709 5092/5092/4699 5091/5091/4698
f 5103/5103/4709 5104/5104/4710 5093/5093/4700 5092/5092/4699
f 5104/5104/4710 5105/5105/4711 5094/5094/4701 5093/5093/4700
f 5105/5105/4711 5106/5106/4712 5095/5095/4702 5094/5094/4701
f 5106/5106/4712 5107/5107/4703 5096/5096/4692 5095/5095/4702
f 5108/5108/4713 5109/5109/4714 5098/5098/4704 5097/5097/4703
f 5109/5109/4714 5110/5110/4715 5099/5099/4705 5098/5098/4704
f 5110/5110/4715 5111/5111/4716 5100/5100/4706 5099/5099/4705
f 5111/5111/4716 5112/5112/4717 5101/5101/4707 5100/5100/4706
f 5112/5112/4717 5113/5113/4718 5102/5102/4708 5101/5101/4707
f 5113/5113/4718 5114/5114/4719 5103/5103/4709 5102/5102/4708
f 5114/5114/4719 5115/5115/4720 5104/5104/4710 5103/5103/4709
f 5115/5115/4720 5116/5116/4721 5105/5105/4711 5104/5104/4710
f 5116/5116/4721 5117/5117/4722 5106/5106/4712 5105/5105/4711
f 5117/5117/4722 5118/5118/4713 5107/5107/4703 5106/5106/4712
f 5120/5120/4694 5121/5121/4694 5119/5119/4694
f 5121/5121/4694 5122/5122/4694 5119/5119/4694
f 5122/5122/4694 5123/5123/4694 5119/5119/4694
f 5123/5123/4694 5124/5124/4694 5119/5119/4694
f 5124/5124/4694 5125/5125/4694 5119/5119/4694
f 5125/5125/4694 5126/5126/4694 5119/5119/4694
f 5126/5126/4694 5127/5127/4694 5119/5119/4694
f 5127/5127/4694 5128/5128/4694 5119/5119/4694
f 5128/5128/4694 5129/5129/4694 5119/5119/4694
f 5129/5129/4694 5120/5120/4694 5119/5119/4694
f 5132/5132/4723 5131/5131/4724 5130/5130/4725
f 5133/5133/4726 5132/5132/4723 5130/5130/4725
f 5134/5134/4727 5133/5133/4726 5130/5130/4725
f 5135/5135/4728 5134/5134/4727 5130/5130/4725
f 5136/5136/4729 5135/5135/4728 5130/5130/4725
f 5137/5137/4730 5136/5136/4729 5130/5130/4725
f 5138/5138/4731 5137/5137/4730 5130/5130/4725
f 5139/5139/4732 5138/5138/4731 5130/5130/4725
f 5140/5140/4733 5139/5139/4732 5130/5130/4725
f 5131/5131/4724 5140/5140/4733 5130/5130/4725

o Finger_Middle_Mid_R
usemtl Skin_Tom
v 0.079213 0.017172 -0.319317
v 0.079213 0.017172 -0.319317
v 0.079213 0.017172 -0.319317
v 0.079213 0.017172 -0.319317
v 0.079213 0.017172 -0.319317
v 0.079213 0.017172 -0.319317
v 0.079213 0.017172 -0.319317
v 0.079213 0.017172 -0.319317
v 0.079213 0.017172 -0.319317
v 0.079213 0.017172 -0.319317
v 0.079213 0.017172 -0.319317
v 0.071969 0.016234 -0.324742
v 0.074091 0.011332 -0.324054
v 0.078510 0.008677 -0.322497
v 0.083538 0.009282 -0.320664
v 0.087254 0.012916 -0.319256
v 0.088239 0.018192 -0.318810
v 0.086117 0.023094 -0.319497
v 0.081698 0.025749 -0.321055
v 0.076671 0.025144 -0.322888
v 0.072954 0.021510 -0.324296
v 0.071969 0.016234 -0.324742
v 0.071602 0.016124 -0.327659
v 0.074053 0.010464 -0.326866
v 0.079155 0.007397 -0.325068
v 0.084960 0.008096 -0.322951
v 0.089252 0.012293 -0.321325
v 0.090389 0.018385 -0.320810
v 0.087939 0.024045 -0.321604
v 0.082837 0.027111 -0.323402
v 0.077031 0.026413 -0.325519
v 0.072740 0.022216 -0.327145
v 0.071602 0.016124 -0.327659
v 0.083355 0.016781 -0.355302
v 0.085407 0.012042 -0.354638
v 0.089679 0.009475 -0.353132
v 0.094539 0.010060 -0.351360
v 0.098132 0.013573 -0.349999
v 0.099084 0.018674 -0.349568
v 0.097033 0.023413 -0.350232
v 0.092761 0.025980 -0.351738
v 0.087900 0.025395 -0.353510
v 0.084308 0.021881 -0.354871
v 0.083355 0.016781 -0.355302
v 0.079213 0.017172 -0.319317
v 0.079213 0.017172 -0.319317
v 0.079213 0.017172 -0.319317
v 0.079213 0.017172 -0.319317
v 0.079213 0.017172 -0.319317
v 0.079213 0.017172 -0.319317
v 0.079213 0.017172 -0.319317
v 0.079213 0.017172 -0.319317
v 0.079213 0.017172 -0.319317
v 0.079213 0.017172 -0.319317
v 0.079213 0.017172 -0.319317
v 0.091220 0.017727 -0.352435
v 0.083355 0.016781 -0.355302
v 0.085407 0.012042 -0.354638
v 0.089679 0.009475 -0.353132
v 0.094539 0.010060 -0.351360
v 0.098132 0.013573 -0.349999
v 0.099084 0.018674 -0.349568
v 0.097033 0.023413 -0.350232
v 0.092761 0.025980 -0.351738
v 0.087900 0.025395 -0.353510
v 0.084308 0.021881 -0.354871
vt 0.000000 0.600000
vt 0.100000 0.600000
vt 0.200000 0.600000
vt 0.300000 0.600000
vt 0.400000 0.600000
vt 0.500000 0.600000
vt 0.600000 0.600000
vt 0.700000 0.600000
vt 0.800000 0.600000
vt 0.900000 0.600000
vt 1.000000 0.600000
vt 0.000000 0.629701
vt 0.100000 0.629701
vt 0.200000 0.629701
vt 0.300000 0.629701
vt 0.400000 0.629701
vt 0.500000 0.629701
vt 0.600000 0.629701
vt 0.700000 0.629701
vt 0.800000 0.629701
vt 0.900000 0.629701
vt 1.000000 0.629701
vt 0.000000 0.659403
vt 0.100000 0.659403
vt 0.200000 0.659403
vt 0.300000 0.659403
vt 0.400000 0.659403
vt 0.500000 0.659403
vt 0.600000 0.659403
vt 0.700000 0.659403
vt 0.800000 0.659403
vt 0.900000 0.659403
vt 1.000000 0.659403
vt 0.000000 1.000000
vt 0.100000 1.000000
vt 0.200000 1.000000
vt 0.300000 1.000000
vt 0.400000 1.000000
vt 0.500000 1.000000
vt 0.600000 1.000000
vt 0.700000 1.000000
vt 0.800000 1.000000
vt 0.900000 1.000000
vt 1.000000 1.000000
vt 0.500000 0.500000
vt 0.950000 0.500000
vt 0.864058 0.764503
vt 0.639058 0.927975
vt 0.360942 0.927975
vt 0.135942 0.764503
vt 0.050000 0.500000
vt 0.135942 0.235497
vt 0.360942 0.072025
vt 0.639058 0.072025
vt 0.864058 0.235497
vt 0.500000 0.500000
vt 0.950000 0.500000
vt 0.864058 0.764503
vt 0.639058 0.927975
vt 0.360942 0.927975
vt 0.135942 0.764503
vt 0.050000 0.500000
vt 0.135942 0.235497
vt 0.360942 0.072025
vt 0.639058 0.072025
vt 0.864058 0.235497
vn -0.818467 -0.077915 0.569246
vn -0.677443 -0.403680 0.614910
vn -0.340799 -0.015769 0.940004
vn -0.383783 -0.580163 0.718416
vn -0.049656 -0.539955 0.840228
vn 0.197314 -0.298412 0.933819
vn 0.262791 0.052204 0.963439
vn 0.121767 0.377969 0.917776
vn -0.171893 0.554453 0.814270
vn -0.506020 0.514244 0.692457
vn -0.752989 0.272701 0.598867
vn -0.930727 -0.112211 -0.348074
vn -0.687213 -0.674727 -0.269224
vn -0.180136 -0.979470 -0.090495
vn 0.396819 -0.910040 0.119845
vn 0.823274 -0.492955 0.281453
vn 0.936337 0.112471 0.332600
vn 0.692823 0.674986 0.253750
vn 0.185746 0.979730 0.075021
vn -0.391209 0.910299 -0.135319
vn -0.817664 0.493215 -0.296927
vn -0.913595 -0.111318 -0.391090
vn -0.670435 -0.673016 -0.312355
vn -0.164095 -0.977316 -0.133886
vn 0.412021 -0.907987 0.076148
vn 0.837856 -0.491509 0.237521
vn 0.950755 0.113037 0.288594
vn 0.707595 0.674735 0.209859
vn 0.201255 0.979036 0.031390
vn -0.374861 0.909706 -0.178644
vn -0.800696 0.493228 -0.340017
vn 0.340799 0.015769 -0.940004
vn 0.340799 0.015769 -0.940004
vn 0.340799 0.015769 -0.940004
vn 0.340799 0.015769 -0.940004
vn 0.340799 0.015769 -0.940004
vn 0.340799 0.015769 -0.940004
vn 0.340799 0.015769 -0.940004
vn 0.340799 0.015769 -0.940004
vn 0.340799 0.015769 -0.940004
vn 0.340799 0.015769 -0.940004
vn 0.340799 0.015769 -0.940004
f 5152/5152/4734 5153/5153/4735 5142/5142/4736 5141/5141/4736
f 5153/5153/4735 5154/5154/4737 5143/5143/4736 5142/5142/4736
f 5154/5154/4737 5155/5155/4738 5144/5144/4736 5143/5143/4736
f 5155/5155/4738 5156/5156/4739 5145/5145/4736 5144/5144/4736
f 5156/5156/4739 5157/5157/4740 5146/5146/4736 5145/5145/4736
f 5157/5157/4740 5158/5158/4741 5147/5147/4736 5146/5146/4736
f 5158/5158/4741 5159/5159/4742 5148/5148/4736 5147/5147/4736
f 5159/5159/4742 5160/5160/4743 5149/5149/4736 5148/5148/4736
f 5160/5160/4743 5161/5161/4744 5150/5150/4736 5149/5149/4736
f 5161/5161/4744 5162/5162/4734 5151/5151/4736 5150/5150/4736
f 5163/5163/4745 5164/5164/4746 5153/5153/4735 5152/5152/4734
f 5164/5164/4746 5165/5165/4747 5154/5154/4737 5153/5153/4735
f 5165/5165/4747 5166/5166/4748 5155/5155/4738 5154/5154/4737
f 5166/5166/4748 5167/5167/4749 5156/5156/4739 5155/5155/4738
f 5167/5167/4749 5168/5168/4750 5157/5157/4740 5156/5156/4739
f 5168/5168/4750 5169/5169/4751 5158/5158/4741 5157/5157/4740
f 5169/5169/4751 5170/5170/4752 5159/5159/4742 5158/5158/4741
f 5170/5170/4752 5171/5171/4753 5160/5160/4743 5159/5159/4742
f 5171/5171/4753 5172/5172/4754 5161/5161/4744 5160/5160/4743
f 5172/5172/4754 5173/5173/4745 5162/5162/4734 5161/5161/4744
f 5174/5174/4755 5175/5175/4756 5164/5164/4746 5163/5163/4745
f 5175/5175/4756 5176/5176/4757 5165/5165/4747 5164/5164/4746
f 5176/5176/4757 5177/5177/4758 5166/5166/4748 5165/5165/4747
f 5177/5177/4758 5178/5178/4759 5167/5167/4749 5166/5166/4748
f 5178/5178/4759 5179/5179/4760 5168/5168/4750 5167/5167/4749
f 5179/5179/4760 5180/5180/4761 5169/5169/4751 5168/5168/4750
f 5180/5180/4761 5181/5181/4762 5170/5170/4752 5169/5169/4751
f 5181/5181/4762 5182/5182/4763 5171/5171/4753 5170/5170/4752
f 5182/5182/4763 5183/5183/4764 5172/5172/4754 5171/5171/4753
f 5183/5183/4764 5184/5184/4755 5173/5173/4745 5172/5172/4754
f 5186/5186/4736 5187/5187/4736 5185/5185/4736
f 5187/5187/4736 5188/5188/4736 5185/5185/4736
f 5188/5188/4736 5189/5189/4736 5185/5185/4736
f 5189/5189/4736 5190/5190/4736 5185/5185/4736
f 5190/5190/4736 5191/5191/4736 5185/5185/4736
f 5191/5191/4736 5192/5192/4736 5185/5185/4736
f 5192/5192/4736 5193/5193/4736 5185/5185/4736
f 5193/5193/4736 5194/5194/4736 5185/5185/4736
f 5194/5194/4736 5195/5195/4736 5185/5185/4736
f 5195/5195/4736 5186/5186/4736 5185/5185/4736
f 5198/5198/4765 5197/5197/4766 5196/5196/4767
f 5199/5199/4768 5198/5198/4765 5196/5196/4767
f 5200/5200/4769 5199/5199/4768 5196/5196/4767
f 5201/5201/4770 5200/5200/4769 5196/5196/4767
f 5202/5202/4771 5201/5201/4770 5196/5196/4767
f 5203/5203/4772 5202/5202/4771 5196/5196/4767
f 5204/5204/4773 5203/5203/4772 5196/5196/4767
f 5205/5205/4774 5204/5204/4773 5196/5196/4767
f 5206/5206/4775 5205/5205/4774 5196/5196/4767
f 5197/5197/4766 5206/5206/4775 5196/5196/4767

o Finger_Middle_Tip_R
usemtl Skin_Tom
v 0.090878 0.013946 -0.350249
v 0.090878 0.013946 -0.350249
v 0.090878 0.013946 -0.350249
v 0.090878 0.013946 -0.350249
v 0.090878 0.013946 -0.350249
v 0.090878 0.013946 -0.350249
v 0.090878 0.013946 -0.350249
v 0.090878 0.013946 -0.350249
v 0.090878 0.013946 -0.350249
v 0.090878 0.013946 -0.350249
v 0.090878 0.013946 -0.350249
v 0.084238 0.015017 -0.353825
v 0.087039 0.013063 -0.356769
v 0.091371 0.012167 -0.357639
v 0.095581 0.012674 -0.356105
v 0.098059 0.014389 -0.352751
v 0.097860 0.016657 -0.348859
v 0.095059 0.018611 -0.345916
v 0.090726 0.019506 -0.345045
v 0.086517 0.019000 -0.346580
v 0.084039 0.017285 -0.349933
v 0.084238 0.015017 -0.353825
v 0.083355 0.016781 -0.355302
v 0.086589 0.014524 -0.358701
v 0.091592 0.013490 -0.359706
v 0.096453 0.014075 -0.357934
v 0.099314 0.016055 -0.354062
v 0.099084 0.018674 -0.349568
v 0.095850 0.020931 -0.346169
v 0.090847 0.021964 -0.345164
v 0.085987 0.021380 -0.346936
v 0.083125 0.019400 -0.350808
v 0.083355 0.016781 -0.355302
v 0.086601 0.035953 -0.365722
v 0.089207 0.034135 -0.368460
v 0.093237 0.033302 -0.369269
v 0.097152 0.033774 -0.367842
v 0.099457 0.035369 -0.364722
v 0.099272 0.037478 -0.361102
v 0.096667 0.039296 -0.358365
v 0.092637 0.040129 -0.357555
v 0.088721 0.039658 -0.358982
v 0.086416 0.038063 -0.362102
v 0.086601 0.035953 -0.365722
v 0.087588 0.037578 -0.366293
v 0.089844 0.036004 -0.368664
v 0.093334 0.035283 -0.369365
v 0.096725 0.035691 -0.368129
v 0.098721 0.037072 -0.365427
v 0.098561 0.038899 -0.362292
v 0.096304 0.040473 -0.359921
v 0.092814 0.041194 -0.359220
v 0.089424 0.040786 -0.360456
v 0.087427 0.039405 -0.363157
v 0.087588 0.037578 -0.366293
v 0.093212 0.039761 -0.365173
v 0.093212 0.039761 -0.365173
v 0.093212 0.039761 -0.365173
v 0.093212 0.039761 -0.365173
v 0.093212 0.039761 -0.365173
v 0.093212 0.039761 -0.365173
v 0.093212 0.039761 -0.365173
v 0.093212 0.039761 -0.365173
v 0.093212 0.039761 -0.365173
v 0.093212 0.039761 -0.365173
v 0.093212 0.039761 -0.365173
v 0.090878 0.013946 -0.350249
v 0.090878 0.013946 -0.350249
v 0.090878 0.013946 -0.350249
v 0.090878 0.013946 -0.350249
v 0.090878 0.013946 -0.350249
v 0.090878 0.013946 -0.350249
v 0.090878 0.013946 -0.350249
v 0.090878 0.013946 -0.350249
v 0.090878 0.013946 -0.350249
v 0.090878 0.013946 -0.350249
v 0.090878 0.013946 -0.350249
v 0.093212 0.039761 -0.365173
v 0.093212 0.039761 -0.365173
v 0.093212 0.039761 -0.365173
v 0.093212 0.039761 -0.365173
v 0.093212 0.039761 -0.365173
v 0.093212 0.039761 -0.365173
v 0.093212 0.039761 -0.365173
v 0.093212 0.039761 -0.365173
v 0.093212 0.039761 -0.365173
v 0.093212 0.039761 -0.365173
v 0.093212 0.039761 -0.365173
vt 0.000000 0.600000
vt 0.100000 0.600000
vt 0.200000 0.600000
vt 0.300000 0.600000
vt 0.400000 0.600000
vt 0.500000 0.600000
vt 0.600000 0.600000
vt 0.700000 0.600000
vt 0.800000 0.600000
vt 0.900000 0.600000
vt 1.000000 0.600000
vt 0.000000 0.629292
vt 0.100000 0.629292
vt 0.200000 0.629292
vt 0.300000 0.629292
vt 0.400000 0.629292
vt 0.500000 0.629292
vt 0.600000 0.629292
vt 0.700000 0.629292
vt 0.800000 0.629292
vt 0.900000 0.629292
vt 1.000000 0.629292
vt 0.000000 0.658584
vt 0.100000 0.658584
vt 0.200000 0.658584
vt 0.300000 0.658584
vt 0.400000 0.658584
vt 0.500000 0.658584
vt 0.600000 0.658584
vt 0.700000 0.658584
vt 0.800000 0.658584
vt 0.900000 0.658584
vt 1.000000 0.658584
vt 0.000000 0.952808
vt 0.100000 0.952808
vt 0.200000 0.952808
vt 0.300000 0.952808
vt 0.400000 0.952808
vt 0.500000 0.952808
vt 0.600000 0.952808
vt 0.700000 0.952808
vt 0.800000 0.952808
vt 0.900000 0.952808
vt 1.000000 0.952808
vt 0.000000 0.976404
vt 0.100000 0.976404
vt 0.200000 0.976404
vt 0.300000 0.976404
vt 0.400000 0.976404
vt 0.500000 0.976404
vt 0.600000 0.976404
vt 0.700000 0.976404
vt 0.800000 0.976404
vt 0.900000 0.976404
vt 1.000000 0.976404
vt 0.000000 1.000000
vt 0.100000 1.000000
vt 0.200000 1.000000
vt 0.300000 1.000000
vt 0.400000 1.000000
vt 0.500000 1.000000
vt 0.600000 1.000000
vt 0.700000 1.000000
vt 0.800000 1.000000
vt 0.900000 1.000000
vt 1.000000 1.000000
vt 0.500000 0.500000
vt 0.950000 0.500000
vt 0.864058 0.764503
vt 0.639058 0.927975
vt 0.360942 0.927975
vt 0.135942 0.764503
vt 0.050000 0.500000
vt 0.135942 0.235497
vt 0.360942 0.072025
vt 0.639058 0.072025
vt 0.864058 0.235497
vt 0.500000 0.500000
vt 0.950000 0.500000
vt 0.864058 0.764503
vt 0.639058 0.927975
vt 0.360942 0.927975
vt 0.135942 0.764503
vt 0.050000 0.500000
vt 0.135942 0.235497
vt 0.360942 0.072025
vt 0.639058 0.072025
vt 0.864058 0.235497
vn -0.604249 -0.768712 0.209678
vn -0.381927 -0.923882 -0.023968
vn -0.078037 -0.863108 0.498955
vn -0.038021 -0.994932 -0.093086
vn 0.296106 -0.954723 0.028727
vn 0.492830 -0.818614 0.294941
vn 0.477009 -0.638593 0.603872
vn 0.254686 -0.483423 0.837518
vn -0.089219 -0.412373 0.906636
vn -0.423346 -0.452582 0.784823
vn -0.620070 -0.588691 0.518609
vn -0.931871 -0.095551 -0.349980
vn -0.548034 -0.363450 -0.753368
vn 0.045712 -0.486117 -0.872698
vn 0.622578 -0.416697 -0.662390
vn 0.962219 -0.181706 -0.202776
vn 0.934904 0.129096 0.330588
vn 0.551067 0.396995 0.733975
vn -0.042679 0.519662 0.853305
vn -0.619545 0.450242 0.642998
vn -0.959186 0.215252 0.183384
vn -0.920819 -0.024143 -0.389243
vn -0.538893 -0.290708 -0.790622
vn 0.051898 -0.412764 -0.909358
vn 0.625891 -0.343690 -0.700098
vn 0.963842 -0.109869 -0.242772
vn 0.936663 0.199386 0.287937
vn 0.554737 0.465951 0.689316
vn -0.036054 0.588007 0.808052
vn -0.610047 0.518933 0.598792
vn -0.947997 0.285112 0.141466
vn -0.477009 0.638593 -0.603872
vn -0.254686 0.483423 -0.837518
vn 0.089219 0.412373 -0.906636
vn 0.423346 0.452582 -0.784823
vn 0.620070 0.588691 -0.518609
vn 0.604249 0.768712 -0.209678
vn 0.381927 0.923882 0.023968
vn 0.038021 0.994932 0.093086
vn -0.296106 0.954723 -0.028727
vn -0.492830 0.818614 -0.294941
vn 0.078037 0.863108 -0.498955
f 5218/5218/4776 5219/5219/4777 5208/5208/4778 5207/5207/4778
f 5219/5219/4777 5220/5220/4779 5209/5209/4778 5208/5208/4778
f 5220/5220/4779 5221/5221/4780 5210/5210/4778 5209/5209/4778
f 5221/5221/4780 5222/5222/4781 5211/5211/4778 5210/5210/4778
f 5222/5222/4781 5223/5223/4782 5212/5212/4778 5211/5211/4778
f 5223/5223/4782 5224/5224/4783 5213/5213/4778 5212/5212/4778
f 5224/5224/4783 5225/5225/4784 5214/5214/4778 5213/5213/4778
f 5225/5225/4784 5226/5226/4785 5215/5215/4778 5214/5214/4778
f 5226/5226/4785 5227/5227/4786 5216/5216/4778 5215/5215/4778
f 5227/5227/4786 5228/5228/4776 5217/5217/4778 5216/5216/4778
f 5229/5229/4787 5230/5230/4788 5219/5219/4777 5218/5218/4776
f 5230/5230/4788 5231/5231/4789 5220/5220/4779 5219/5219/4777
f 5231/5231/4789 5232/5232/4790 5221/5221/4780 5220/5220/4779
f 5232/5232/4790 5233/5233/4791 5222/5222/4781 5221/5221/4780
f 5233/5233/4791 5234/5234/4792 5223/5223/4782 5222/5222/4781
f 5234/5234/4792 5235/5235/4793 5224/5224/4783 5223/5223/4782
f 5235/5235/4793 5236/5236/4794 5225/5225/4784 5224/5224/4783
f 5236/5236/4794 5237/5237/4795 5226/5226/4785 5225/5225/4784
f 5237/5237/4795 5238/5238/4796 5227/5227/4786 5226/5226/4785
f 5238/5238/4796 5239/5239/4787 5228/5228/4776 5227/5227/4786
f 5240/5240/4797 5241/5241/4798 5230/5230/4788 5229/5229/4787
f 5241/5241/4798 5242/5242/4799 5231/5231/4789 5230/5230/4788
f 5242/5242/4799 5243/5243/4800 5232/5232/4790 5231/5231/4789
f 5243/5243/4800 5244/5244/4801 5233/5233/4791 5232/5232/4790
f 5244/5244/4801 5245/5245/4802 5234/5234/4792 5233/5233/4791
f 5245/5245/4802 5246/5246/4803 5235/5235/4793 5234/5234/4792
f 5246/5246/4803 5247/5247/4804 5236/5236/4794 5235/5235/4793
f 5247/5247/4804 5248/5248/4805 5237/5237/4795 5236/5236/4794
f 5248/5248/4805 5249/5249/4806 5238/5238/4796 5237/5237/4795
f 5249/5249/4806 5250/5250/4797 5239/5239/4787 5238/5238/4796
f 5251/5251/4807 5252/5252/4808 5241/5241/4798 5240/5240/4797
f 5252/5252/4808 5253/5253/4809 5242/5242/4799 5241/5241/4798
f 5253/5253/4809 5254/5254/4810 5243/5243/4800 5242/5242/4799
f 5254/5254/4810 5255/5255/4811 5244/5244/4801 5243/5243/4800
f 5255/5255/4811 5256/5256/4812 5245/5245/4802 5244/5244/4801
f 5256/5256/4812 5257/5257/4813 5246/5246/4803 5245/5245/4802
f 5257/5257/4813 5258/5258/4814 5247/5247/4804 5246/5246/4803
f 5258/5258/4814 5259/5259/4815 5248/5248/4805 5247/5247/4804
f 5259/5259/4815 5260/5260/4816 5249/5249/4806 5248/5248/4805
f 5260/5260/4816 5261/5261/4807 5250/5250/4797 5249/5249/4806
f 5262/5262/4817 5263/5263/4817 5252/5252/4808 5251/5251/4807
f 5263/5263/4817 5264/5264/4817 5253/5253/4809 5252/5252/4808
f 5264/5264/4817 5265/5265/4817 5254/5254/4810 5253/5253/4809
f 5265/5265/4817 5266/5266/4817 5255/5255/4811 5254/5254/4810
f 5266/5266/4817 5267/5267/4817 5256/5256/4812 5255/5255/4811
f 5267/5267/4817 5268/5268/4817 5257/5257/4813 5256/5256/4812
f 5268/5268/4817 5269/5269/4817 5258/5258/4814 5257/5257/4813
f 5269/5269/4817 5270/5270/4817 5259/5259/4815 5258/5258/4814
f 5270/5270/4817 5271/5271/4817 5260/5260/4816 5259/5259/4815
f 5271/5271/4817 5272/5272/4817 5261/5261/4807 5260/5260/4816
f 5274/5274/4778 5275/5275/4778 5273/5273/4778
f 5275/5275/4778 5276/5276/4778 5273/5273/4778
f 5276/5276/4778 5277/5277/4778 5273/5273/4778
f 5277/5277/4778 5278/5278/4778 5273/5273/4778
f 5278/5278/4778 5279/5279/4778 5273/5273/4778
f 5279/5279/4778 5280/5280/4778 5273/5273/4778
f 5280/5280/4778 5281/5281/4778 5273/5273/4778
f 5281/5281/4778 5282/5282/4778 5273/5273/4778
f 5282/5282/4778 5283/5283/4778 5273/5273/4778
f 5283/5283/4778 5274/5274/4778 5273/5273/4778
f 5286/5286/4817 5285/5285/4817 5284/5284/4817
f 5287/5287/4817 5286/5286/4817 5284/5284/4817
f 5288/5288/4817 5287/5287/4817 5284/5284/4817
f 5289/5289/4817 5288/5288/4817 5284/5284/4817
f 5290/5290/4817 5289/5289/4817 5284/5284/4817
f 5291/5291/4817 5290/5290/4817 5284/5284/4817
f 5292/5292/4817 5291/5291/4817 5284/5284/4817
f 5293/5293/4817 5292/5292/4817 5284/5284/4817
f 5294/5294/4817 5293/5293/4817 5284/5284/4817
f 5285/5285/4817 5294/5294/4817 5284/5284/4817

o Finger_Ring_R
usemtl Skin_Tom
v 0.051242 0.059117 -0.308991
v 0.051242 0.059117 -0.308991
v 0.051242 0.059117 -0.308991
v 0.051242 0.059117 -0.308991
v 0.051242 0.059117 -0.308991
v 0.051242 0.059117 -0.308991
v 0.051242 0.059117 -0.308991
v 0.051242 0.059117 -0.308991
v 0.051242 0.059117 -0.308991
v 0.051242 0.059117 -0.308991
v 0.051242 0.059117 -0.308991
v 0.043081 0.055898 -0.313909
v 0.043045 0.053306 -0.308549
v 0.046409 0.051968 -0.303823
v 0.051890 0.052396 -0.301535
v 0.057392 0.054426 -0.302560
v 0.060815 0.057283 -0.306507
v 0.060851 0.059875 -0.311867
v 0.057486 0.061212 -0.316593
v 0.052006 0.060784 -0.318881
v 0.046503 0.058754 -0.317855
v 0.043081 0.055898 -0.313909
v 0.042414 0.053263 -0.315699
v 0.042373 0.050271 -0.309510
v 0.046258 0.048726 -0.304052
v 0.052586 0.049221 -0.301411
v 0.058940 0.051565 -0.302594
v 0.062892 0.054863 -0.307151
v 0.062934 0.057856 -0.313340
v 0.059049 0.059400 -0.318798
v 0.052720 0.058906 -0.321439
v 0.046367 0.056562 -0.320256
v 0.042414 0.053263 -0.315699
v 0.054349 0.016699 -0.332670
v 0.054314 0.014200 -0.327502
v 0.057558 0.012911 -0.322945
v 0.062842 0.013324 -0.320740
v 0.068147 0.015281 -0.321728
v 0.071447 0.018035 -0.325533
v 0.071482 0.020534 -0.330700
v 0.068238 0.021823 -0.335257
v 0.062954 0.021410 -0.337463
v 0.057649 0.019453 -0.336474
v 0.054349 0.016699 -0.332670
v 0.051242 0.059117 -0.308991
v 0.051242 0.059117 -0.308991
v 0.051242 0.059117 -0.308991
v 0.051242 0.059117 -0.308991
v 0.051242 0.059117 -0.308991
v 0.051242 0.059117 -0.308991
v 0.051242 0.059117 -0.308991
v 0.051242 0.059117 -0.308991
v 0.051242 0.059117 -0.308991
v 0.051242 0.059117 -0.308991
v 0.051242 0.059117 -0.308991
v 0.062898 0.017367 -0.329101
v 0.054349 0.016699 -0.332670
v 0.054314 0.014200 -0.327502
v 0.057558 0.012911 -0.322945
v 0.062842 0.013324 -0.320740
v 0.068147 0.015281 -0.321728
v 0.071447 0.018035 -0.325533
v 0.071482 0.020534 -0.330700
v 0.068238 0.021823 -0.335257
v 0.062954 0.021410 -0.337463
v 0.057649 0.019453 -0.336474
vt 0.000000 0.600000
vt 0.100000 0.600000
vt 0.200000 0.600000
vt 0.300000 0.600000
vt 0.400000 0.600000
vt 0.500000 0.600000
vt 0.600000 0.600000
vt 0.700000 0.600000
vt 0.800000 0.600000
vt 0.900000 0.600000
vt 1.000000 0.600000
vt 0.000000 0.624211
vt 0.100000 0.624211
vt 0.200000 0.624211
vt 0.300000 0.624211
vt 0.400000 0.624211
vt 0.500000 0.624211
vt 0.600000 0.624211
vt 0.700000 0.624211
vt 0.800000 0.624211
vt 0.900000 0.624211
vt 1.000000 0.624211
vt 0.000000 0.648421
vt 0.100000 0.648421
vt 0.200000 0.648421
vt 0.300000 0.648421
vt 0.400000 0.648421
vt 0.500000 0.648421
vt 0.600000 0.648421
vt 0.700000 0.648421
vt 0.800000 0.648421
vt 0.900000 0.648421
vt 1.000000 0.648421
vt 0.000000 1.000000
vt 0.100000 1.000000
vt 0.200000 1.000000
vt 0.300000 1.000000
vt 0.400000 1.000000
vt 0.500000 1.000000
vt 0.600000 1.000000
vt 0.700000 1.000000
vt 0.800000 1.000000
vt 0.900000 1.000000
vt 1.000000 1.000000
vt 0.500000 0.500000
vt 0.950000 0.500000
vt 0.864058 0.764503
vt 0.639058 0.927975
vt 0.360942 0.927975
vt 0.135942 0.764503
vt 0.050000 0.500000
vt 0.135942 0.235497
vt 0.360942 0.072025
vt 0.639058 0.072025
vt 0.864058 0.235497
vt 0.500000 0.500000
vt 0.950000 0.500000
vt 0.864058 0.764503
vt 0.639058 0.927975
vt 0.360942 0.927975
vt 0.135942 0.764503
vt 0.050000 0.500000
vt 0.135942 0.235497
vt 0.360942 0.072025
vt 0.639058 0.072025
vt 0.864058 0.235497
vn -0.731889 0.670664 0.120618
vn -0.734049 0.514859 0.442823
vn -0.243918 0.873717 0.420859
vn -0.531784 0.434470 0.726940
vn -0.202351 0.460204 0.864446
vn 0.128417 0.582231 0.802818
vn 0.334178 0.753940 0.565596
vn 0.336339 0.909746 0.243391
vn 0.134073 0.990134 -0.040726
vn -0.195359 0.964400 -0.178232
vn -0.526127 0.842374 -0.116604
vn -0.918685 -0.078129 -0.387188
vn -0.922416 -0.347168 0.169185
vn -0.573151 -0.485980 0.659789
vn -0.004298 -0.441544 0.897229
vn 0.566861 -0.230833 0.790813
vn 0.922163 0.065670 0.381186
vn 0.925894 0.334709 -0.175186
vn 0.576629 0.473522 -0.665790
vn 0.007776 0.429085 -0.903230
vn -0.563383 0.218374 -0.796814
vn -0.908917 -0.109990 -0.402210
vn -0.912644 -0.378779 0.153646
vn -0.563704 -0.517463 0.643794
vn 0.004621 -0.473068 0.881014
vn 0.575250 -0.262552 0.774696
vn 0.930222 0.033675 0.365450
vn 0.933949 0.302464 -0.190406
vn 0.585009 0.441148 -0.680554
vn 0.016684 0.396753 -0.917774
vn -0.553945 0.186237 -0.811456
vn 0.243918 -0.873717 -0.420859
vn 0.243918 -0.873717 -0.420859
vn 0.243918 -0.873717 -0.420859
vn 0.243918 -0.873717 -0.420859
vn 0.243918 -0.873717 -0.420859
vn 0.243918 -0.873717 -0.420859
vn 0.243918 -0.873717 -0.420859
vn 0.243918 -0.873717 -0.420859
vn 0.243918 -0.873717 -0.420859
vn 0.243918 -0.873717 -0.420859
vn 0.243918 -0.873717 -0.420859
f 5306/5306/4818 5307/5307/4819 5296/5296/4820 5295/5295/4820
f 5307/5307/4819 5308/5308/4821 5297/5297/4820 5296/5296/4820
f 5308/5308/4821 5309/5309/4822 5298/5298/4820 5297/5297/4820
f 5309/5309/4822 5310/5310/4823 5299/5299/4820 5298/5298/4820
f 5310/5310/4823 5311/5311/4824 5300/5300/4820 5299/5299/4820
f 5311/5311/4824 5312/5312/4825 5301/5301/4820 5300/5300/4820
f 5312/5312/4825 5313/5313/4826 5302/5302/4820 5301/5301/4820
f 5313/5313/4826 5314/5314/4827 5303/5303/4820 5302/5302/4820
f 5314/5314/4827 5315/5315/4828 5304/5304/4820 5303/5303/4820
f 5315/5315/4828 5316/5316/4818 5305/5305/4820 5304/5304/4820
f 5317/5317/4829 5318/5318/4830 5307/5307/4819 5306/5306/4818
f 5318/5318/4830 5319/5319/4831 5308/5308/4821 5307/5307/4819
f 5319/5319/4831 5320/5320/4832 5309/5309/4822 5308/5308/4821
f 5320/5320/4832 5321/5321/4833 5310/5310/4823 5309/5309/4822
f 5321/5321/4833 5322/5322/4834 5311/5311/4824 5310/5310/4823
f 5322/5322/4834 5323/5323/4835 5312/5312/4825 5311/5311/4824
f 5323/5323/4835 5324/5324/4836 5313/5313/4826 5312/5312/4825
f 5324/5324/4836 5325/5325/4837 5314/5314/4827 5313/5313/4826
f 5325/5325/4837 5326/5326/4838 5315/5315/4828 5314/5314/4827
f 5326/5326/4838 5327/5327/4829 5316/5316/4818 5315/5315/4828
f 5328/5328/4839 5329/5329/4840 5318/5318/4830 5317/5317/4829
f 5329/5329/4840 5330/5330/4841 5319/5319/4831 5318/5318/4830
f 5330/5330/4841 5331/5331/4842 5320/5320/4832 5319/5319/4831
f 5331/5331/4842 5332/5332/4843 5321/5321/4833 5320/5320/4832
f 5332/5332/4843 5333/5333/4844 5322/5322/4834 5321/5321/4833
f 5333/5333/4844 5334/5334/4845 5323/5323/4835 5322/5322/4834
f 5334/5334/4845 5335/5335/4846 5324/5324/4836 5323/5323/4835
f 5335/5335/4846 5336/5336/4847 5325/5325/4837 5324/5324/4836
f 5336/5336/4847 5337/5337/4848 5326/5326/4838 5325/5325/4837
f 5337/5337/4848 5338/5338/4839 5327/5327/4829 5326/5326/4838
f 5340/5340/4820 5341/5341/4820 5339/5339/4820
f 5341/5341/4820 5342/5342/4820 5339/5339/4820
f 5342/5342/4820 5343/5343/4820 5339/5339/4820
f 5343/5343/4820 5344/5344/4820 5339/5339/4820
f 5344/5344/4820 5345/5345/4820 5339/5339/4820
f 5345/5345/4820 5346/5346/4820 5339/5339/4820
f 5346/5346/4820 5347/5347/4820 5339/5339/4820
f 5347/5347/4820 5348/5348/4820 5339/5339/4820
f 5348/5348/4820 5349/5349/4820 5339/5339/4820
f 5349/5349/4820 5340/5340/4820 5339/5339/4820
f 5352/5352/4849 5351/5351/4850 5350/5350/4851
f 5353/5353/4852 5352/5352/4849 5350/5350/4851
f 5354/5354/4853 5353/5353/4852 5350/5350/4851
f 5355/5355/4854 5354/5354/4853 5350/5350/4851
f 5356/5356/4855 5355/5355/4854 5350/5350/4851
f 5357/5357/4856 5356/5356/4855 5350/5350/4851
f 5358/5358/4857 5357/5357/4856 5350/5350/4851
f 5359/5359/4858 5358/5358/4857 5350/5350/4851
f 5360/5360/4859 5359/5359/4858 5350/5350/4851
f 5351/5351/4850 5360/5360/4859 5350/5350/4851

o Finger_Ring_Mid_R
usemtl Skin_Tom
v 0.061013 0.017907 -0.324687
v 0.061013 0.017907 -0.324687
v 0.061013 0.017907 -0.324687
v 0.061013 0.017907 -0.324687
v 0.061013 0.017907 -0.324687
v 0.061013 0.017907 -0.324687
v 0.061013 0.017907 -0.324687
v 0.061013 0.017907 -0.324687
v 0.061013 0.017907 -0.324687
v 0.061013 0.017907 -0.324687
v 0.061013 0.017907 -0.324687
v 0.054552 0.017059 -0.329984
v 0.056074 0.012483 -0.328775
v 0.059842 0.009876 -0.326848
v 0.064418 0.010234 -0.324938
v 0.068053 0.013419 -0.323775
v 0.069359 0.018215 -0.323804
v 0.067838 0.022791 -0.325013
v 0.064069 0.025398 -0.326940
v 0.059493 0.025040 -0.328850
v 0.055858 0.021855 -0.330013
v 0.054552 0.017059 -0.329984
v 0.054349 0.016699 -0.332670
v 0.056106 0.011416 -0.331273
v 0.060457 0.008406 -0.329048
v 0.065741 0.008818 -0.326842
v 0.069939 0.012496 -0.325500
v 0.071447 0.018035 -0.325533
v 0.069690 0.023318 -0.326929
v 0.065338 0.026329 -0.329155
v 0.060055 0.025916 -0.331360
v 0.055857 0.022238 -0.332703
v 0.054349 0.016699 -0.332670
v 0.066666 0.013680 -0.357679
v 0.068137 0.009256 -0.356510
v 0.071780 0.006736 -0.354646
v 0.076204 0.007082 -0.352800
v 0.079718 0.010161 -0.351676
v 0.080981 0.014798 -0.351704
v 0.079510 0.019221 -0.352872
v 0.075867 0.021741 -0.354736
v 0.071443 0.021396 -0.356582
v 0.067929 0.018317 -0.357706
v 0.066666 0.013680 -0.357679
v 0.061013 0.017907 -0.324687
v 0.061013 0.017907 -0.324687
v 0.061013 0.017907 -0.324687
v 0.061013 0.017907 -0.324687
v 0.061013 0.017907 -0.324687
v 0.061013 0.017907 -0.324687
v 0.061013 0.017907 -0.324687
v 0.061013 0.017907 -0.324687
v 0.061013 0.017907 -0.324687
v 0.061013 0.017907 -0.324687
v 0.061013 0.017907 -0.324687
v 0.073824 0.014239 -0.354691
v 0.066666 0.013680 -0.357679
v 0.068137 0.009256 -0.356510
v 0.071780 0.006736 -0.354646
v 0.076204 0.007082 -0.352800
v 0.079718 0.010161 -0.351676
v 0.080981 0.014798 -0.351704
v 0.079510 0.019221 -0.352872
v 0.075867 0.021741 -0.354736
v 0.071443 0.021396 -0.356582
v 0.067929 0.018317 -0.357706
vt 0.000000 0.600000
vt 0.100000 0.600000
vt 0.200000 0.600000
vt 0.300000 0.600000
vt 0.400000 0.600000
vt 0.500000 0.600000
vt 0.600000 0.600000
vt 0.700000 0.600000
vt 0.800000 0.600000
vt 0.900000 0.600000
vt 1.000000 0.600000
vt 0.000000 0.629423
vt 0.100000 0.629423
vt 0.200000 0.629423
vt 0.300000 0.629423
vt 0.400000 0.629423
vt 0.500000 0.629423
vt 0.600000 0.629423
vt 0.700000 0.629423
vt 0.800000 0.629423
vt 0.900000 0.629423
vt 1.000000 0.629423
vt 0.000000 0.658846
vt 0.100000 0.658846
vt 0.200000 0.658846
vt 0.300000 0.658846
vt 0.400000 0.658846
vt 0.500000 0.658846
vt 0.600000 0.658846
vt 0.700000 0.658846
vt 0.800000 0.658846
vt 0.900000 0.658846
vt 1.000000 0.658846
vt 0.000000 1.000000
vt 0.100000 1.000000
vt 0.200000 1.000000
vt 0.300000 1.000000
vt 0.400000 1.000000
vt 0.500000 1.000000
vt 0.600000 1.000000
vt 0.700000 1.000000
vt 0.800000 1.000000
vt 0.900000 1.000000
vt 1.000000 1.000000
vt 0.500000 0.500000
vt 0.950000 0.500000
vt 0.864058 0.764503
vt 0.639058 0.927975
vt 0.360942 0.927975
vt 0.135942 0.764503
vt 0.050000 0.500000
vt 0.135942 0.235497
vt 0.360942 0.072025
vt 0.639058 0.072025
vt 0.864058 0.235497
vt 0.500000 0.500000
vt 0.950000 0.500000
vt 0.864058 0.764503
vt 0.639058 0.927975
vt 0.360942 0.927975
vt 0.135942 0.764503
vt 0.050000 0.500000
vt 0.135942 0.235497
vt 0.360942 0.072025
vt 0.639058 0.072025
vt 0.864058 0.235497
vn -0.851147 0.049448 0.522593
vn -0.741591 -0.279970 0.609639
vn -0.390202 0.111727 0.913925
vn -0.470280 -0.467657 0.748421
vn -0.140848 -0.441923 0.885927
vn 0.120875 -0.212598 0.969635
vn 0.214919 0.132724 0.967571
vn 0.105363 0.462142 0.880524
vn -0.165948 0.649830 0.741743
vn -0.495381 0.624096 0.604237
vn -0.757103 0.394771 0.520529
vn -0.917237 -0.072809 -0.391630
vn -0.728060 -0.641632 -0.241322
vn -0.259574 -0.965722 -0.001681
vn 0.309275 -0.921286 0.235758
vn 0.761205 -0.525298 0.380301
vn 0.923596 0.070988 0.376738
vn 0.734419 0.639812 0.226429
vn 0.265933 0.963901 -0.013212
vn -0.302916 0.919465 -0.250650
vn -0.754847 0.523477 -0.395193
vn -0.898068 -0.077821 -0.432918
vn -0.709160 -0.645836 -0.282823
vn -0.241340 -0.969464 -0.043523
vn 0.326700 -0.925092 0.193578
vn 0.777989 -0.529667 0.337916
vn 0.940148 0.065772 0.334358
vn 0.751240 0.633787 0.184263
vn 0.283420 0.957415 -0.055037
vn -0.284620 0.913043 -0.292138
vn -0.735908 0.517618 -0.436476
vn 0.390202 -0.111727 -0.913925
vn 0.390202 -0.111727 -0.913925
vn 0.390202 -0.111727 -0.913925
vn 0.390202 -0.111727 -0.913925
vn 0.390202 -0.111727 -0.913925
vn 0.390202 -0.111727 -0.913925
vn 0.390202 -0.111727 -0.913925
vn 0.390202 -0.111727 -0.913925
vn 0.390202 -0.111727 -0.913925
vn 0.390202 -0.111727 -0.913925
vn 0.390202 -0.111727 -0.913925
f 5372/5372/4860 5373/5373/4861 5362/5362/4862 5361/5361/4862
f 5373/5373/4861 5374/5374/4863 5363/5363/4862 5362/5362/4862
f 5374/5374/4863 5375/5375/4864 5364/5364/4862 5363/5363/4862
f 5375/5375/4864 5376/5376/4865 5365/5365/4862 5364/5364/4862
f 5376/5376/4865 5377/5377/4866 5366/5366/4862 5365/5365/4862
f 5377/5377/4866 5378/5378/4867 5367/5367/4862 5366/5366/4862
f 5378/5378/4867 5379/5379/4868 5368/5368/4862 5367/5367/4862
f 5379/5379/4868 5380/5380/4869 5369/5369/4862 5368/5368/4862
f 5380/5380/4869 5381/5381/4870 5370/5370/4862 5369/5369/4862
f 5381/5381/4870 5382/5382/4860 5371/5371/4862 5370/5370/4862
f 5383/5383/4871 5384/5384/4872 5373/5373/4861 5372/5372/4860
f 5384/5384/4872 5385/5385/4873 5374/5374/4863 5373/5373/4861
f 5385/5385/4873 5386/5386/4874 5375/5375/4864 5374/5374/4863
f 5386/5386/4874 5387/5387/4875 5376/5376/4865 5375/5375/4864
f 5387/5387/4875 5388/5388/4876 5377/5377/4866 5376/5376/4865
f 5388/5388/4876 5389/5389/4877 5378/5378/4867 5377/5377/4866
f 5389/5389/4877 5390/5390/4878 5379/5379/4868 5378/5378/4867
f 5390/5390/4878 5391/5391/4879 5380/5380/4869 5379/5379/4868
f 5391/5391/4879 5392/5392/4880 5381/5381/4870 5380/5380/4869
f 5392/5392/4880 5393/5393/4871 5382/5382/4860 5381/5381/4870
f 5394/5394/4881 5395/5395/4882 5384/5384/4872 5383/5383/4871
f 5395/5395/4882 5396/5396/4883 5385/5385/4873 5384/5384/4872
f 5396/5396/4883 5397/5397/4884 5386/5386/4874 5385/5385/4873
f 5397/5397/4884 5398/5398/4885 5387/5387/4875 5386/5386/4874
f 5398/5398/4885 5399/5399/4886 5388/5388/4876 5387/5387/4875
f 5399/5399/4886 5400/5400/4887 5389/5389/4877 5388/5388/4876
f 5400/5400/4887 5401/5401/4888 5390/5390/4878 5389/5389/4877
f 5401/5401/4888 5402/5402/4889 5391/5391/4879 5390/5390/4878
f 5402/5402/4889 5403/5403/4890 5392/5392/4880 5391/5391/4879
f 5403/5403/4890 5404/5404/4881 5393/5393/4871 5392/5392/4880
f 5406/5406/4862 5407/5407/4862 5405/5405/4862
f 5407/5407/4862 5408/5408/4862 5405/5405/4862
f 5408/5408/4862 5409/5409/4862 5405/5405/4862
f 5409/5409/4862 5410/5410/4862 5405/5405/4862
f 5410/5410/4862 5411/5411/4862 5405/5405/4862
f 5411/5411/4862 5412/5412/4862 5405/5405/4862
f 5412/5412/4862 5413/5413/4862 5405/5405/4862
f 5413/5413/4862 5414/5414/4862 5405/5405/4862
f 5414/5414/4862 5415/5415/4862 5405/5405/4862
f 5415/5415/4862 5406/5406/4862 5405/5405/4862
f 5418/5418/4891 5417/5417/4892 5416/5416/4893
f 5419/5419/4894 5418/5418/4891 5416/5416/4893
f 5420/5420/4895 5419/5419/4894 5416/5416/4893
f 5421/5421/4896 5420/5420/4895 5416/5416/4893
f 5422/5422/4897 5421/5421/4896 5416/5416/4893
f 5423/5423/4898 5422/5422/4897 5416/5416/4893
f 5424/5424/4899 5423/5423/4898 5416/5416/4893
f 5425/5425/4900 5424/5424/4899 5416/5416/4893
f 5426/5426/4901 5425/5425/4900 5416/5416/4893
f 5417/5417/4892 5426/5426/4901 5416/5416/4893

o Finger_Ring_Tip_R
usemtl Skin_Tom
v 0.073043 0.011120 -0.352238
v 0.073043 0.011120 -0.352238
v 0.073043 0.011120 -0.352238
v 0.073043 0.011120 -0.352238
v 0.073043 0.011120 -0.352238
v 0.073043 0.011120 -0.352238
v 0.073043 0.011120 -0.352238
v 0.073043 0.011120 -0.352238
v 0.073043 0.011120 -0.352238
v 0.073043 0.011120 -0.352238
v 0.073043 0.011120 -0.352238
v 0.067235 0.012195 -0.356052
v 0.069764 0.009784 -0.358313
v 0.073695 0.008479 -0.358722
v 0.077526 0.008779 -0.357123
v 0.079794 0.010568 -0.354127
v 0.079632 0.013164 -0.350877
v 0.077103 0.015574 -0.348616
v 0.073172 0.016879 -0.348207
v 0.069341 0.016580 -0.349806
v 0.067073 0.014791 -0.352803
v 0.067235 0.012195 -0.356052
v 0.066666 0.013680 -0.357679
v 0.069587 0.010896 -0.360289
v 0.074126 0.009389 -0.360762
v 0.078549 0.009735 -0.358916
v 0.081168 0.011801 -0.355456
v 0.080981 0.014798 -0.351704
v 0.078060 0.017582 -0.349093
v 0.073521 0.019088 -0.348620
v 0.069098 0.018743 -0.350467
v 0.066479 0.016677 -0.353927
v 0.066666 0.013680 -0.357679
v 0.072109 0.029986 -0.369835
v 0.074462 0.027743 -0.371938
v 0.078118 0.026529 -0.372319
v 0.081682 0.026808 -0.370831
v 0.083791 0.028472 -0.368044
v 0.083640 0.030886 -0.365022
v 0.081288 0.033129 -0.362918
v 0.077631 0.034343 -0.362538
v 0.074068 0.034064 -0.364025
v 0.071959 0.032400 -0.366812
v 0.072109 0.029986 -0.369835
v 0.073196 0.031302 -0.370500
v 0.075233 0.029360 -0.372322
v 0.078400 0.028309 -0.372651
v 0.081486 0.028550 -0.371363
v 0.083313 0.029991 -0.368949
v 0.083182 0.032082 -0.366332
v 0.081145 0.034024 -0.364510
v 0.077978 0.035075 -0.364181
v 0.074892 0.034834 -0.365469
v 0.073065 0.033393 -0.367883
v 0.073196 0.031302 -0.370500
v 0.078503 0.032948 -0.369404
v 0.078503 0.032948 -0.369404
v 0.078503 0.032948 -0.369404
v 0.078503 0.032948 -0.369404
v 0.078503 0.032948 -0.369404
v 0.078503 0.032948 -0.369404
v 0.078503 0.032948 -0.369404
v 0.078503 0.032948 -0.369404
v 0.078503 0.032948 -0.369404
v 0.078503 0.032948 -0.369404
v 0.078503 0.032948 -0.369404
v 0.073043 0.011120 -0.352238
v 0.073043 0.011120 -0.352238
v 0.073043 0.011120 -0.352238
v 0.073043 0.011120 -0.352238
v 0.073043 0.011120 -0.352238
v 0.073043 0.011120 -0.352238
v 0.073043 0.011120 -0.352238
v 0.073043 0.011120 -0.352238
v 0.073043 0.011120 -0.352238
v 0.073043 0.011120 -0.352238
v 0.073043 0.011120 -0.352238
v 0.078503 0.032948 -0.369404
v 0.078503 0.032948 -0.369404
v 0.078503 0.032948 -0.369404
v 0.078503 0.032948 -0.369404
v 0.078503 0.032948 -0.369404
v 0.078503 0.032948 -0.369404
v 0.078503 0.032948 -0.369404
v 0.078503 0.032948 -0.369404
v 0.078503 0.032948 -0.369404
v 0.078503 0.032948 -0.369404
v 0.078503 0.032948 -0.369404
vt 0.000000 0.600000
vt 0.100000 0.600000
vt 0.200000 0.600000
vt 0.300000 0.600000
vt 0.400000 0.600000
vt 0.500000 0.600000
vt 0.600000 0.600000
vt 0.700000 0.600000
vt 0.800000 0.600000
vt 0.900000 0.600000
vt 1.000000 0.600000
vt 0.000000 0.628575
vt 0.100000 0.628575
vt 0.200000 0.628575
vt 0.300000 0.628575
vt 0.400000 0.628575
vt 0.500000 0.628575
vt 0.600000 0.628575
vt 0.700000 0.628575
vt 0.800000 0.628575
vt 0.900000 0.628575
vt 1.000000 0.628575
vt 0.000000 0.657151
vt 0.100000 0.657151
vt 0.200000 0.657151
vt 0.300000 0.657151
vt 0.400000 0.657151
vt 0.500000 0.657151
vt 0.600000 0.657151
vt 0.700000 0.657151
vt 0.800000 0.657151
vt 0.900000 0.657151
vt 1.000000 0.657151
vt 0.000000 0.953962
vt 0.100000 0.953962
vt 0.200000 0.953962
vt 0.300000 0.953962
vt 0.400000 0.953962
vt 0.500000 0.953962
vt 0.600000 0.953962
vt 0.700000 0.953962
vt 0.800000 0.953962
vt 0.900000 0.953962
vt 1.000000 0.953962
vt 0.000000 0.976981
vt 0.100000 0.976981
vt 0.200000 0.976981
vt 0.300000 0.976981
vt 0.400000 0.976981
vt 0.500000 0.976981
vt 0.600000 0.976981
vt 0.700000 0.976981
vt 0.800000 0.976981
vt 0.900000 0.976981
vt 1.000000 0.976981
vt 0.000000 1.000000
vt 0.100000 1.000000
vt 0.200000 1.000000
vt 0.300000 1.000000
vt 0.400000 1.000000
vt 0.500000 1.000000
vt 0.600000 1.000000
vt 0.700000 1.000000
vt 0.800000 1.000000
vt 0.900000 1.000000
vt 1.000000 1.000000
vt 0.500000 0.500000
vt 0.950000 0.500000
vt 0.864058 0.764503
vt 0.639058 0.927975
vt 0.360942 0.927975
vt 0.135942 0.764503
vt 0.050000 0.500000
vt 0.135942 0.235497
vt 0.360942 0.072025
vt 0.639058 0.072025
vt 0.864058 0.235497
vt 0.500000 0.500000
vt 0.950000 0.500000
vt 0.864058 0.764503
vt 0.639058 0.927975
vt 0.360942 0.927975
vt 0.135942 0.764503
vt 0.050000 0.500000
vt 0.135942 0.235497
vt 0.360942 0.072025
vt 0.639058 0.072025
vt 0.864058 0.235497
vn -0.690311 -0.670442 0.271990
vn -0.472799 -0.877751 0.077548
vn -0.192918 -0.771298 0.606533
vn -0.134768 -0.989971 0.042360
vn 0.194664 -0.964237 0.179866
vn 0.389667 -0.810380 0.437544
vn 0.375756 -0.587166 0.716968
vn 0.158244 -0.379857 0.911410
vn -0.179786 -0.267637 0.946598
vn -0.509219 -0.293371 0.809092
vn -0.704222 -0.447229 0.551415
vn -0.916647 -0.057349 -0.395562
vn -0.541112 -0.415269 -0.731266
vn 0.042498 -0.609017 -0.792018
vn 0.611265 -0.564588 -0.554613
vn 0.947938 -0.298951 -0.109733
vn 0.923920 0.086428 0.372695
vn 0.548385 0.444348 0.708399
vn -0.035225 0.638096 0.769151
vn -0.603992 0.593666 0.531747
vn -0.940665 0.328030 0.086866
vn -0.896996 0.004348 -0.442018
vn -0.523217 -0.351898 -0.776152
vn 0.057664 -0.544740 -0.836620
vn 0.623771 -0.500518 -0.600326
vn 0.958870 -0.236124 -0.157526
vn 0.934964 0.147452 0.322646
vn 0.561185 0.503698 0.656779
vn -0.019696 0.696540 0.717247
vn -0.585802 0.652318 0.480953
vn -0.920901 0.387925 0.038153
vn -0.375756 0.587166 -0.716968
vn -0.158244 0.379857 -0.911410
vn 0.179786 0.267637 -0.946598
vn 0.509219 0.293371 -0.809092
vn 0.704222 0.447229 -0.551415
vn 0.690311 0.670442 -0.271990
vn 0.472799 0.877751 -0.077548
vn 0.134768 0.989971 -0.042360
vn -0.194664 0.964237 -0.179866
vn -0.389667 0.810380 -0.437544
vn 0.192918 0.771298 -0.606533
f 5438/5438/4902 5439/5439/4903 5428/5428/4904 5427/5427/4904
f 5439/5439/4903 5440/5440/4905 5429/5429/4904 5428/5428/4904
f 5440/5440/4905 5441/5441/4906 5430/5430/4904 5429/5429/4904
f 5441/5441/4906 5442/5442/4907 5431/5431/4904 5430/5430/4904
f 5442/5442/4907 5443/5443/4908 5432/5432/4904 5431/5431/4904
f 5443/5443/4908 5444/5444/4909 5433/5433/4904 5432/5432/4904
f 5444/5444/4909 5445/5445/4910 5434/5434/4904 5433/5433/4904
f 5445/5445/4910 5446/5446/4911 5435/5435/4904 5434/5434/4904
f 5446/5446/4911 5447/5447/4912 5436/5436/4904 5435/5435/4904
f 5447/5447/4912 5448/5448/4902 5437/5437/4904 5436/5436/4904
f 5449/5449/4913 5450/5450/4914 5439/5439/4903 5438/5438/4902
f 5450/5450/4914 5451/5451/4915 5440/5440/4905 5439/5439/4903
f 5451/5451/4915 5452/5452/4916 5441/5441/4906 5440/5440/4905
f 5452/5452/4916 5453/5453/4917 5442/5442/4907 5441/5441/4906
f 5453/5453/4917 5454/5454/4918 5443/5443/4908 5442/5442/4907
f 5454/5454/4918 5455/5455/4919 5444/5444/4909 5443/5443/4908
f 5455/5455/4919 5456/5456/4920 5445/5445/4910 5444/5444/4909
f 5456/5456/4920 5457/5457/4921 5446/5446/4911 5445/5445/4910
f 5457/5457/4921 5458/5458/4922 5447/5447/4912 5446/5446/4911
f 5458/5458/4922 5459/5459/4913 5448/5448/4902 5447/5447/4912
f 5460/5460/4923 5461/5461/4924 5450/5450/4914 5449/5449/4913
f 5461/5461/4924 5462/5462/4925 5451/5451/4915 5450/5450/4914
f 5462/5462/4925 5463/5463/4926 5452/5452/4916 5451/5451/4915
f 5463/5463/4926 5464/5464/4927 5453/5453/4917 5452/5452/4916
f 5464/5464/4927 5465/5465/4928 5454/5454/4918 5453/5453/4917
f 5465/5465/4928 5466/5466/4929 5455/5455/4919 5454/5454/4918
f 5466/5466/4929 5467/5467/4930 5456/5456/4920 5455/5455/4919
f 5467/5467/4930 5468/5468/4931 5457/5457/4921 5456/5456/4920
f 5468/5468/4931 5469/5469/4932 5458/5458/4922 5457/5457/4921
f 5469/5469/4932 5470/5470/4923 5459/5459/4913 5458/5458/4922
f 5471/5471/4933 5472/5472/4934 5461/5461/4924 5460/5460/4923
f 5472/5472/4934 5473/5473/4935 5462/5462/4925 5461/5461/4924
f 5473/5473/4935 5474/5474/4936 5463/5463/4926 5462/5462/4925
f 5474/5474/4936 5475/5475/4937 5464/5464/4927 5463/5463/4926
f 5475/5475/4937 5476/5476/4938 5465/5465/4928 5464/5464/4927
f 5476/5476/4938 5477/5477/4939 5466/5466/4929 5465/5465/4928
f 5477/5477/4939 5478/5478/4940 5467/5467/4930 5466/5466/4929
f 5478/5478/4940 5479/5479/4941 5468/5468/4931 5467/5467/4930
f 5479/5479/4941 5480/5480/4942 5469/5469/4932 5468/5468/4931
f 5480/5480/4942 5481/5481/4933 5470/5470/4923 5469/5469/4932
f 5482/5482/4943 5483/5483/4943 5472/5472/4934 5471/5471/4933
f 5483/5483/4943 5484/5484/4943 5473/5473/4935 5472/5472/4934
f 5484/5484/4943 5485/5485/4943 5474/5474/4936 5473/5473/4935
f 5485/5485/4943 5486/5486/4943 5475/5475/4937 5474/5474/4936
f 5486/5486/4943 5487/5487/4943 5476/5476/4938 5475/5475/4937
f 5487/5487/4943 5488/5488/4943 5477/5477/4939 5476/5476/4938
f 5488/5488/4943 5489/5489/4943 5478/5478/4940 5477/5477/4939
f 5489/5489/4943 5490/5490/4943 5479/5479/4941 5478/5478/4940
f 5490/5490/4943 5491/5491/4943 5480/5480/4942 5479/5479/4941
f 5491/5491/4943 5492/5492/4943 5481/5481/4933 5480/5480/4942
f 5494/5494/4904 5495/5495/4904 5493/5493/4904
f 5495/5495/4904 5496/5496/4904 5493/5493/4904
f 5496/5496/4904 5497/5497/4904 5493/5493/4904
f 5497/5497/4904 5498/5498/4904 5493/5493/4904
f 5498/5498/4904 5499/5499/4904 5493/5493/4904
f 5499/5499/4904 5500/5500/4904 5493/5493/4904
f 5500/5500/4904 5501/5501/4904 5493/5493/4904
f 5501/5501/4904 5502/5502/4904 5493/5493/4904
f 5502/5502/4904 5503/5503/4904 5493/5493/4904
f 5503/5503/4904 5494/5494/4904 5493/5493/4904
f 5506/5506/4943 5505/5505/4943 5504/5504/4943
f 5507/5507/4943 5506/5506/4943 5504/5504/4943
f 5508/5508/4943 5507/5507/4943 5504/5504/4943
f 5509/5509/4943 5508/5508/4943 5504/5504/4943
f 5510/5510/4943 5509/5509/4943 5504/5504/4943
f 5511/5511/4943 5510/5510/4943 5504/5504/4943
f 5512/5512/4943 5511/5511/4943 5504/5504/4943
f 5513/5513/4943 5512/5512/4943 5504/5504/4943
f 5514/5514/4943 5513/5513/4943 5504/5504/4943
f 5505/5505/4943 5514/5514/4943 5504/5504/4943

o Finger_Pinky_R
usemtl Skin_Tom
v 0.039561 0.061247 -0.324226
v 0.039561 0.061247 -0.324226
v 0.039561 0.061247 -0.324226
v 0.039561 0.061247 -0.324226
v 0.039561 0.061247 -0.324226
v 0.039561 0.061247 -0.324226
v 0.039561 0.061247 -0.324226
v 0.039561 0.061247 -0.324226
v 0.039561 0.061247 -0.324226
v 0.039561 0.061247 -0.324226
v 0.039561 0.061247 -0.324226
v 0.032443 0.058672 -0.328240
v 0.031794 0.057751 -0.323295
v 0.034210 0.057243 -0.318864
v 0.038767 0.057342 -0.316641
v 0.043725 0.058010 -0.317473
v 0.047190 0.058993 -0.321044
v 0.047839 0.059914 -0.325989
v 0.045424 0.060422 -0.330420
v 0.040866 0.060323 -0.332643
v 0.035908 0.059654 -0.331811
v 0.032443 0.058672 -0.328240
v 0.031558 0.056232 -0.329213
v 0.030808 0.055169 -0.323503
v 0.033598 0.054582 -0.318387
v 0.038860 0.054697 -0.315819
v 0.044585 0.055468 -0.316780
v 0.048587 0.056602 -0.320903
v 0.049336 0.057666 -0.326614
v 0.046547 0.058253 -0.331730
v 0.041284 0.058138 -0.334297
v 0.035559 0.057367 -0.333336
v 0.031558 0.056232 -0.329213
v 0.036490 0.022938 -0.334271
v 0.035865 0.022050 -0.329504
v 0.038194 0.021560 -0.325232
v 0.042587 0.021656 -0.323088
v 0.047368 0.022300 -0.323891
v 0.050709 0.023247 -0.327333
v 0.051334 0.024135 -0.332101
v 0.049005 0.024625 -0.336373
v 0.044611 0.024529 -0.338517
v 0.039831 0.023885 -0.337714
v 0.036490 0.022938 -0.334271
v 0.039561 0.061247 -0.324226
v 0.039561 0.061247 -0.324226
v 0.039561 0.061247 -0.324226
v 0.039561 0.061247 -0.324226
v 0.039561 0.061247 -0.324226
v 0.039561 0.061247 -0.324226
v 0.039561 0.061247 -0.324226
v 0.039561 0.061247 -0.324226
v 0.039561 0.061247 -0.324226
v 0.039561 0.061247 -0.324226
v 0.039561 0.061247 -0.324226
v 0.043599 0.023092 -0.330802
v 0.036490 0.022938 -0.334271
v 0.035865 0.022050 -0.329504
v 0.038194 0.021560 -0.325232
v 0.042587 0.021656 -0.323088
v 0.047368 0.022300 -0.323891
v 0.050709 0.023247 -0.327333
v 0.051334 0.024135 -0.332101
v 0.049005 0.024625 -0.336373
v 0.044611 0.024529 -0.338517
v 0.039831 0.023885 -0.337714
vt 0.000000 0.600000
vt 0.100000 0.600000
vt 0.200000 0.600000
vt 0.300000 0.600000
vt 0.400000 0.600000
vt 0.500000 0.600000
vt 0.600000 0.600000
vt 0.700000 0.600000
vt 0.800000 0.600000
vt 0.900000 0.600000
vt 1.000000 0.600000
vt 0.000000 0.625316
vt 0.100000 0.625316
vt 0.200000 0.625316
vt 0.300000 0.625316
vt 0.400000 0.625316
vt 0.500000 0.625316
vt 0.600000 0.625316
vt 0.700000 0.625316
vt 0.800000 0.625316
vt 0.900000 0.625316
vt 1.000000 0.625316
vt 0.000000 0.650633
vt 0.100000 0.650633
vt 0.200000 0.650633
vt 0.300000 0.650633
vt 0.400000 0.650633
vt 0.500000 0.650633
vt 0.600000 0.650633
vt 0.700000 0.650633
vt 0.800000 0.650633
vt 0.900000 0.650633
vt 1.000000 0.650633
vt 0.000000 1.000000
vt 0.100000 1.000000
vt 0.200000 1.000000
vt 0.300000 1.000000
vt 0.400000 1.000000
vt 0.500000 1.000000
vt 0.600000 1.000000
vt 0.700000 1.000000
vt 0.800000 1.000000
vt 0.900000 1.000000
vt 1.000000 1.000000
vt 0.500000 0.500000
vt 0.950000 0.500000
vt 0.864058 0.764503
vt 0.639058 0.927975
vt 0.360942 0.927975
vt 0.135942 0.764503
vt 0.050000 0.500000
vt 0.135942 0.235497
vt 0.360942 0.072025
vt 0.639058 0.072025
vt 0.864058 0.235497
vt 0.500000 0.500000
vt 0.950000 0.500000
vt 0.864058 0.764503
vt 0.639058 0.927975
vt 0.360942 0.927975
vt 0.135942 0.764503
vt 0.050000 0.500000
vt 0.135942 0.235497
vt 0.360942 0.072025
vt 0.639058 0.072025
vt 0.864058 0.235497
vn -0.604924 0.787763 -0.116172
vn -0.650702 0.722769 0.232792
vn -0.103739 0.980151 0.168944
vn -0.480238 0.686920 0.545447
vn -0.158644 0.693909 0.702369
vn 0.191243 0.741068 0.643618
vn 0.435777 0.810382 0.391637
vn 0.481555 0.875377 0.042673
vn 0.311091 0.911226 -0.269982
vn -0.010503 0.904236 -0.426904
vn -0.360390 0.857078 -0.368153
vn -0.897745 -0.026857 -0.439696
vn -0.976793 -0.139087 0.162883
vn -0.682442 -0.200990 0.702763
vn -0.127126 -0.188921 0.973729
vn 0.477045 -0.107489 0.872281
vn 0.899297 0.012200 0.437169
vn 0.978344 0.124430 -0.165409
vn 0.683994 0.186333 -0.705289
vn 0.128677 0.174263 -0.976255
vn -0.475493 0.092832 -0.874808
vn -0.892830 -0.064548 -0.445745
vn -0.971796 -0.176662 0.156214
vn -0.677748 -0.238501 0.695539
vn -0.123003 -0.226445 0.966226
vn 0.480546 -0.145097 0.864883
vn 0.902364 -0.025531 0.430218
vn 0.981330 0.086584 -0.171740
vn 0.687282 0.148423 -0.711065
vn 0.132537 0.136366 -0.981753
vn -0.471012 0.055018 -0.880409
vn 0.103739 -0.980151 -0.168944
vn 0.103739 -0.980151 -0.168944
vn 0.103739 -0.980151 -0.168944
vn 0.103739 -0.980151 -0.168944
vn 0.103739 -0.980151 -0.168944
vn 0.103739 -0.980151 -0.168944
vn 0.103739 -0.980151 -0.168944
vn 0.103739 -0.980151 -0.168944
vn 0.103739 -0.980151 -0.168944
vn 0.103739 -0.980151 -0.168944
vn 0.103739 -0.980151 -0.168944
f 5526/5526/4944 5527/5527/4945 5516/5516/4946 5515/5515/4946
f 5527/5527/4945 5528/5528/4947 5517/5517/4946 5516/5516/4946
f 5528/5528/4947 5529/5529/4948 5518/5518/4946 5517/5517/4946
f 5529/5529/4948 5530/5530/4949 5519/5519/4946 5518/5518/4946
f 5530/5530/4949 5531/5531/4950 5520/5520/4946 5519/5519/4946
f 5531/5531/4950 5532/5532/4951 5521/5521/4946 5520/5520/4946
f 5532/5532/4951 5533/5533/4952 5522/5522/4946 5521/5521/4946
f 5533/5533/4952 5534/5534/4953 5523/5523/4946 5522/5522/4946
f 5534/5534/4953 5535/5535/4954 5524/5524/4946 5523/5523/4946
f 5535/5535/4954 5536/5536/4944 5525/5525/4946 5524/5524/4946
f 5537/5537/4955 5538/5538/4956 5527/5527/4945 5526/5526/4944
f 5538/5538/4956 5539/5539/4957 5528/5528/4947 5527/5527/4945
f 5539/5539/4957 5540/5540/4958 5529/5529/4948 5528/5528/4947
f 5540/5540/4958 5541/5541/4959 5530/5530/4949 5529/5529/4948
f 5541/5541/4959 5542/5542/4960 5531/5531/4950 5530/5530/4949
f 5542/5542/4960 5543/5543/4961 5532/5532/4951 5531/5531/4950
f 5543/5543/4961 5544/5544/4962 5533/5533/4952 5532/5532/4951
f 5544/5544/4962 5545/5545/4963 5534/5534/4953 5533/5533/4952
f 5545/5545/4963 5546/5546/4964 5535/5535/4954 5534/5534/4953
f 5546/5546/4964 5547/5547/4955 5536/5536/4944 5535/5535/4954
f 5548/5548/4965 5549/5549/4966 5538/5538/4956 5537/5537/4955
f 5549/5549/4966 5550/5550/4967 5539/5539/4957 5538/5538/4956
f 5550/5550/4967 5551/5551/4968 5540/5540/4958 5539/5539/4957
f 5551/5551/4968 5552/5552/4969 5541/5541/4959 5540/5540/4958
f 5552/5552/4969 5553/5553/4970 5542/5542/4960 5541/5541/4959
f 5553/5553/4970 5554/5554/4971 5543/5543/4961 5542/5542/4960
f 5554/5554/4971 5555/5555/4972 5544/5544/4962 5543/5543/4961
f 5555/5555/4972 5556/5556/4973 5545/5545/4963 5544/5544/4962
f 5556/5556/4973 5557/5557/4974 5546/5546/4964 5545/5545/4963
f 5557/5557/4974 5558/5558/4965 5547/5547/4955 5546/5546/4964
f 5560/5560/4946 5561/5561/4946 5559/5559/4946
f 5561/5561/4946 5562/5562/4946 5559/5559/4946
f 5562/5562/4946 5563/5563/4946 5559/5559/4946
f 5563/5563/4946 5564/5564/4946 5559/5559/4946
f 5564/5564/4946 5565/5565/4946 5559/5559/4946
f 5565/5565/4946 5566/5566/4946 5559/5559/4946
f 5566/5566/4946 5567/5567/4946 5559/5559/4946
f 5567/5567/4946 5568/5568/4946 5559/5559/4946
f 5568/5568/4946 5569/5569/4946 5559/5559/4946
f 5569/5569/4946 5560/5560/4946 5559/5559/4946
f 5572/5572/4975 5571/5571/4976 5570/5570/4977
f 5573/5573/4978 5572/5572/4975 5570/5570/4977
f 5574/5574/4979 5573/5573/4978 5570/5570/4977
f 5575/5575/4980 5574/5574/4979 5570/5570/4977
f 5576/5576/4981 5575/5575/4980 5570/5570/4977
f 5577/5577/4982 5576/5576/4981 5570/5570/4977
f 5578/5578/4983 5577/5577/4982 5570/5570/4977
f 5579/5579/4984 5578/5578/4983 5570/5570/4977
f 5580/5580/4985 5579/5579/4984 5570/5570/4977
f 5571/5571/4976 5580/5580/4985 5570/5570/4977

o Finger_Pinky_Mid_R
usemtl Skin_Tom
v 0.042062 0.025387 -0.327753
v 0.042062 0.025387 -0.327753
v 0.042062 0.025387 -0.327753
v 0.042062 0.025387 -0.327753
v 0.042062 0.025387 -0.327753
v 0.042062 0.025387 -0.327753
v 0.042062 0.025387 -0.327753
v 0.042062 0.025387 -0.327753
v 0.042062 0.025387 -0.327753
v 0.042062 0.025387 -0.327753
v 0.042062 0.025387 -0.327753
v 0.036674 0.024106 -0.332282
v 0.036923 0.020790 -0.329660
v 0.039428 0.018791 -0.326892
v 0.043234 0.018874 -0.325036
v 0.046885 0.021006 -0.324799
v 0.048987 0.024374 -0.326274
v 0.048738 0.027690 -0.328896
v 0.046233 0.029688 -0.331663
v 0.042427 0.029605 -0.333520
v 0.038776 0.027473 -0.333756
v 0.036674 0.024106 -0.332282
v 0.036490 0.022938 -0.334271
v 0.036778 0.019109 -0.331244
v 0.039671 0.016801 -0.328048
v 0.044065 0.016897 -0.325904
v 0.048281 0.019359 -0.325631
v 0.050709 0.023247 -0.327333
v 0.050421 0.027076 -0.330361
v 0.047528 0.029384 -0.333557
v 0.043134 0.029288 -0.335701
v 0.038918 0.026826 -0.335974
v 0.036490 0.022938 -0.334271
v 0.045869 0.010691 -0.350010
v 0.046110 0.007485 -0.347475
v 0.048532 0.005553 -0.344799
v 0.052211 0.005633 -0.343004
v 0.055740 0.007694 -0.342776
v 0.057773 0.010949 -0.344201
v 0.057532 0.014155 -0.346736
v 0.055110 0.016087 -0.349412
v 0.051431 0.016007 -0.351207
v 0.047902 0.013946 -0.351435
v 0.045869 0.010691 -0.350010
v 0.042062 0.025387 -0.327753
v 0.042062 0.025387 -0.327753
v 0.042062 0.025387 -0.327753
v 0.042062 0.025387 -0.327753
v 0.042062 0.025387 -0.327753
v 0.042062 0.025387 -0.327753
v 0.042062 0.025387 -0.327753
v 0.042062 0.025387 -0.327753
v 0.042062 0.025387 -0.327753
v 0.042062 0.025387 -0.327753
v 0.042062 0.025387 -0.327753
v 0.051821 0.010820 -0.347105
v 0.045869 0.010691 -0.350010
v 0.046110 0.007485 -0.347475
v 0.048532 0.005553 -0.344799
v 0.052211 0.005633 -0.343004
v 0.055740 0.007694 -0.342776
v 0.057773 0.010949 -0.344201
v 0.057532 0.014155 -0.346736
v 0.055110 0.016087 -0.349412
v 0.051431 0.016007 -0.351207
v 0.047902 0.013946 -0.351435
vt 0.000000 0.600000
vt 0.100000 0.600000
vt 0.200000 0.600000
vt 0.300000 0.600000
vt 0.400000 0.600000
vt 0.500000 0.600000
vt 0.600000 0.600000
vt 0.700000 0.600000
vt 0.800000 0.600000
vt 0.900000 0.600000
vt 1.000000 0.600000
vt 0.000000 0.631510
vt 0.100000 0.631510
vt 0.200000 0.631510
vt 0.300000 0.631510
vt 0.400000 0.631510
vt 0.500000 0.631510
vt 0.600000 0.631510
vt 0.700000 0.631510
vt 0.800000 0.631510
vt 0.900000 0.631510
vt 1.000000 0.631510
vt 0.000000 0.663019
vt 0.100000 0.663019
vt 0.200000 0.663019
vt 0.300000 0.663019
vt 0.400000 0.663019
vt 0.500000 0.663019
vt 0.600000 0.663019
vt 0.700000 0.663019
vt 0.800000 0.663019
vt 0.900000 0.663019
vt 1.000000 0.663019
vt 0.000000 1.000000
vt 0.100000 1.000000
vt 0.200000 1.000000
vt 0.300000 1.000000
vt 0.400000 1.000000
vt 0.500000 1.000000
vt 0.600000 1.000000
vt 0.700000 1.000000
vt 0.800000 1.000000
vt 0.900000 1.000000
vt 1.000000 1.000000
vt 0.500000 0.500000
vt 0.950000 0.500000
vt 0.864058 0.764503
vt 0.639058 0.927975
vt 0.360942 0.927975
vt 0.135942 0.764503
vt 0.050000 0.500000
vt 0.135942 0.235497
vt 0.360942 0.072025
vt 0.639058 0.072025
vt 0.864058 0.235497
vt 0.500000 0.500000
vt 0.950000 0.500000
vt 0.864058 0.764503
vt 0.639058 0.927975
vt 0.360942 0.927975
vt 0.135942 0.764503
vt 0.050000 0.500000
vt 0.135942 0.235497
vt 0.360942 0.072025
vt 0.639058 0.072025
vt 0.864058 0.235497
vn -0.825027 0.443466 0.350241
vn -0.803974 0.163198 0.571832
vn -0.373719 0.557833 0.741051
vn -0.592207 -0.005697 0.805766
vn -0.270613 0.001293 0.962687
vn 0.037970 0.181497 0.982658
vn 0.215674 0.466085 0.858050
vn 0.194621 0.746353 0.636459
vn -0.017146 0.915248 0.402525
vn -0.338740 0.908259 0.245603
vn -0.647323 0.728054 0.225633
vn -0.895232 -0.024423 -0.444930
vn -0.858880 -0.508374 -0.062299
vn -0.493212 -0.800013 0.341645
vn 0.062098 -0.787944 0.612608
vn 0.594942 -0.476776 0.647092
vn 0.901790 0.014634 0.431926
vn 0.865438 0.498585 0.049295
vn 0.499770 0.790224 -0.354649
vn -0.055540 0.778155 -0.625612
vn -0.588384 0.466987 -0.660096
vn -0.875168 -0.052098 -0.481006
vn -0.838876 -0.535241 -0.099014
vn -0.473820 -0.826392 0.304254
vn 0.080563 -0.814343 0.574765
vn 0.612516 -0.503696 0.609191
vn 0.918852 -0.013107 0.394384
vn 0.882561 0.470035 0.012392
vn 0.517504 0.761187 -0.390876
vn -0.036879 0.749138 -0.661387
vn -0.568832 0.438491 -0.695813
vn 0.373719 -0.557833 -0.741051
vn 0.373719 -0.557833 -0.741051
vn 0.373719 -0.557833 -0.741051
vn 0.373719 -0.557833 -0.741051
vn 0.373719 -0.557833 -0.741051
vn 0.373719 -0.557833 -0.741051
vn 0.373719 -0.557833 -0.741051
vn 0.373719 -0.557833 -0.741051
vn 0.373719 -0.557833 -0.741051
vn 0.373719 -0.557833 -0.741051
vn 0.373719 -0.557833 -0.741051
f 5592/5592/4986 5593/5593/4987 5582/5582/4988 5581/5581/4988
f 5593/5593/4987 5594/5594/4989 5583/5583/4988 5582/5582/4988
f 5594/5594/4989 5595/5595/4990 5584/5584/4988 5583/5583/4988
f 5595/5595/4990 5596/5596/4991 5585/5585/4988 5584/5584/4988
f 5596/5596/4991 5597/5597/4992 5586/5586/4988 5585/5585/4988
f 5597/5597/4992 5598/5598/4993 5587/5587/4988 5586/5586/4988
f 5598/5598/4993 5599/5599/4994 5588/5588/4988 5587/5587/4988
f 5599/5599/4994 5600/5600/4995 5589/5589/4988 5588/5588/4988
f 5600/5600/4995 5601/5601/4996 5590/5590/4988 5589/5589/4988
f 5601/5601/4996 5602/5602/4986 5591/5591/4988 5590/5590/4988
f 5603/5603/4997 5604/5604/4998 5593/5593/4987 5592/5592/4986
f 5604/5604/4998 5605/5605/4999 5594/5594/4989 5593/5593/4987
f 5605/5605/4999 5606/5606/5000 5595/5595/4990 5594/5594/4989
f 5606/5606/5000 5607/5607/5001 5596/5596/4991 5595/5595/4990
f 5607/5607/5001 5608/5608/5002 5597/5597/4992 5596/5596/4991
f 5608/5608/5002 5609/5609/5003 5598/5598/4993 5597/5597/4992
f 5609/5609/5003 5610/5610/5004 5599/5599/4994 5598/5598/4993
f 5610/5610/5004 5611/5611/5005 5600/5600/4995 5599/5599/4994
f 5611/5611/5005 5612/5612/5006 5601/5601/4996 5600/5600/4995
f 5612/5612/5006 5613/5613/4997 5602/5602/4986 5601/5601/4996
f 5614/5614/5007 5615/5615/5008 5604/5604/4998 5603/5603/4997
f 5615/5615/5008 5616/5616/5009 5605/5605/4999 5604/5604/4998
f 5616/5616/5009 5617/5617/5010 5606/5606/5000 5605/5605/4999
f 5617/5617/5010 5618/5618/5011 5607/5607/5001 5606/5606/5000
f 5618/5618/5011 5619/5619/5012 5608/5608/5002 5607/5607/5001
f 5619/5619/5012 5620/5620/5013 5609/5609/5003 5608/5608/5002
f 5620/5620/5013 5621/5621/5014 5610/5610/5004 5609/5609/5003
f 5621/5621/5014 5622/5622/5015 5611/5611/5005 5610/5610/5004
f 5622/5622/5015 5623/5623/5016 5612/5612/5006 5611/5611/5005
f 5623/5623/5016 5624/5624/5007 5613/5613/4997 5612/5612/5006
f 5626/5626/4988 5627/5627/4988 5625/5625/4988
f 5627/5627/4988 5628/5628/4988 5625/5625/4988
f 5628/5628/4988 5629/5629/4988 5625/5625/4988
f 5629/5629/4988 5630/5630/4988 5625/5625/4988
f 5630/5630/4988 5631/5631/4988 5625/5625/4988
f 5631/5631/4988 5632/5632/4988 5625/5625/4988
f 5632/5632/4988 5633/5633/4988 5625/5625/4988
f 5633/5633/4988 5634/5634/4988 5625/5625/4988
f 5634/5634/4988 5635/5635/4988 5625/5625/4988
f 5635/5635/4988 5626/5626/4988 5625/5625/4988
f 5638/5638/5017 5637/5637/5018 5636/5636/5019
f 5639/5639/5020 5638/5638/5017 5636/5636/5019
f 5640/5640/5021 5639/5639/5020 5636/5636/5019
f 5641/5641/5022 5640/5640/5021 5636/5636/5019
f 5642/5642/5023 5641/5641/5022 5636/5636/5019
f 5643/5643/5024 5642/5642/5023 5636/5636/5019
f 5644/5644/5025 5643/5643/5024 5636/5636/5019
f 5645/5645/5026 5644/5644/5025 5636/5636/5019
f 5646/5646/5027 5645/5645/5026 5636/5636/5019
f 5637/5637/5018 5646/5646/5027 5636/5636/5019

o Finger_Pinky_Tip_R
usemtl Skin_Tom
v 0.050367 0.010010 -0.344090
v 0.050367 0.010010 -0.344090
v 0.050367 0.010010 -0.344090
v 0.050367 0.010010 -0.344090
v 0.050367 0.010010 -0.344090
v 0.050367 0.010010 -0.344090
v 0.050367 0.010010 -0.344090
v 0.050367 0.010010 -0.344090
v 0.050367 0.010010 -0.344090
v 0.050367 0.010010 -0.344090
v 0.050367 0.010010 -0.344090
v 0.045940 0.010303 -0.348113
v 0.047329 0.007048 -0.348317
v 0.050157 0.005079 -0.347483
v 0.053343 0.005148 -0.345928
v 0.055670 0.007229 -0.344248
v 0.056249 0.010527 -0.343082
v 0.054859 0.013782 -0.342878
v 0.052031 0.015751 -0.343712
v 0.048845 0.015682 -0.345267
v 0.046519 0.013601 -0.346948
v 0.045940 0.010303 -0.348113
v 0.045869 0.010691 -0.350010
v 0.047474 0.006932 -0.350246
v 0.050739 0.004658 -0.349282
v 0.054418 0.004738 -0.347487
v 0.057104 0.007141 -0.345547
v 0.057773 0.010949 -0.344201
v 0.056168 0.014708 -0.343965
v 0.052903 0.016982 -0.344929
v 0.049224 0.016902 -0.346723
v 0.046538 0.014499 -0.348664
v 0.045869 0.010691 -0.350010
v 0.054624 0.014949 -0.365204
v 0.055917 0.011921 -0.365394
v 0.058547 0.010090 -0.364618
v 0.061510 0.010154 -0.363172
v 0.063675 0.012090 -0.361609
v 0.064213 0.015158 -0.360525
v 0.062921 0.018186 -0.360335
v 0.060290 0.020017 -0.361111
v 0.057327 0.019953 -0.362557
v 0.055163 0.018017 -0.364120
v 0.054624 0.014949 -0.365204
v 0.055852 0.015290 -0.366105
v 0.056972 0.012667 -0.366270
v 0.059250 0.011081 -0.365598
v 0.061816 0.011137 -0.364346
v 0.063690 0.012813 -0.362992
v 0.064157 0.015470 -0.362053
v 0.063037 0.018092 -0.361888
v 0.060759 0.019679 -0.362561
v 0.058193 0.019623 -0.363813
v 0.056319 0.017946 -0.365167
v 0.055852 0.015290 -0.366105
v 0.060590 0.015706 -0.365294
v 0.060590 0.015706 -0.365294
v 0.060590 0.015706 -0.365294
v 0.060590 0.015706 -0.365294
v 0.060590 0.015706 -0.365294
v 0.060590 0.015706 -0.365294
v 0.060590 0.015706 -0.365294
v 0.060590 0.015706 -0.365294
v 0.060590 0.015706 -0.365294
v 0.060590 0.015706 -0.365294
v 0.060590 0.015706 -0.365294
v 0.050367 0.010010 -0.344090
v 0.050367 0.010010 -0.344090
v 0.050367 0.010010 -0.344090
v 0.050367 0.010010 -0.344090
v 0.050367 0.010010 -0.344090
v 0.050367 0.010010 -0.344090
v 0.050367 0.010010 -0.344090
v 0.050367 0.010010 -0.344090
v 0.050367 0.010010 -0.344090
v 0.050367 0.010010 -0.344090
v 0.050367 0.010010 -0.344090
v 0.060590 0.015706 -0.365294
v 0.060590 0.015706 -0.365294
v 0.060590 0.015706 -0.365294
v 0.060590 0.015706 -0.365294
v 0.060590 0.015706 -0.365294
v 0.060590 0.015706 -0.365294
v 0.060590 0.015706 -0.365294
v 0.060590 0.015706 -0.365294
v 0.060590 0.015706 -0.365294
v 0.060590 0.015706 -0.365294
v 0.060590 0.015706 -0.365294
vt 0.000000 0.600000
vt 0.100000 0.600000
vt 0.200000 0.600000
vt 0.300000 0.600000
vt 0.400000 0.600000
vt 0.500000 0.600000
vt 0.600000 0.600000
vt 0.700000 0.600000
vt 0.800000 0.600000
vt 0.900000 0.600000
vt 1.000000 0.600000
vt 0.000000 0.628444
vt 0.100000 0.628444
vt 0.200000 0.628444
vt 0.300000 0.628444
vt 0.400000 0.628444
vt 0.500000 0.628444
vt 0.600000 0.628444
vt 0.700000 0.628444
vt 0.800000 0.628444
vt 0.900000 0.628444
vt 1.000000 0.628444
vt 0.000000 0.656888
vt 0.100000 0.656888
vt 0.200000 0.656888
vt 0.300000 0.656888
vt 0.400000 0.656888
vt 0.500000 0.656888
vt 0.600000 0.656888
vt 0.700000 0.656888
vt 0.800000 0.656888
vt 0.900000 0.656888
vt 1.000000 0.656888
vt 0.000000 0.954173
vt 0.100000 0.954173
vt 0.200000 0.954173
vt 0.300000 0.954173
vt 0.400000 0.954173
vt 0.500000 0.954173
vt 0.600000 0.954173
vt 0.700000 0.954173
vt 0.800000 0.954173
vt 0.900000 0.954173
vt 1.000000 0.954173
vt 0.000000 0.977087
vt 0.100000 0.977087
vt 0.200000 0.977087
vt 0.300000 0.977087
vt 0.400000 0.977087
vt 0.500000 0.977087
vt 0.600000 0.977087
vt 0.700000 0.977087
vt 0.800000 0.977087
vt 0.900000 0.977087
vt 1.000000 0.977087
vt 0.000000 1.000000
vt 0.100000 1.000000
vt 0.200000 1.000000
vt 0.300000 1.000000
vt 0.400000 1.000000
vt 0.500000 1.000000
vt 0.600000 1.000000
vt 0.700000 1.000000
vt 0.800000 1.000000
vt 0.900000 1.000000
vt 1.000000 1.000000
vt 0.500000 0.500000
vt 0.950000 0.500000
vt 0.864058 0.764503
vt 0.639058 0.927975
vt 0.360942 0.927975
vt 0.135942 0.764503
vt 0.050000 0.500000
vt 0.135942 0.235497
vt 0.360942 0.072025
vt 0.639058 0.072025
vt 0.864058 0.235497
vt 0.500000 0.500000
vt 0.950000 0.500000
vt 0.864058 0.764503
vt 0.639058 0.927975
vt 0.360942 0.927975
vt 0.135942 0.764503
vt 0.050000 0.500000
vt 0.135942 0.235497
vt 0.360942 0.072025
vt 0.639058 0.072025
vt 0.864058 0.235497
vn -0.864463 -0.203056 0.459860
vn -0.724164 -0.531669 0.439221
vn -0.422093 -0.235199 0.875511
vn -0.438698 -0.730443 0.523448
vn -0.117104 -0.723453 0.680369
vn 0.117780 -0.513370 0.850047
vn 0.176237 -0.180438 0.967669
vn 0.035938 0.148175 0.988308
vn -0.249528 0.346949 0.904081
vn -0.571122 0.339959 0.747159
vn -0.806007 0.129876 0.577482
vn -0.890476 -0.015117 -0.454779
vn -0.648248 -0.582468 -0.490413
vn -0.155390 -0.925653 -0.344994
vn 0.399845 -0.913585 -0.074068
vn 0.805374 -0.550875 0.218881
vn 0.906300 0.023934 0.421957
vn 0.664072 0.591286 0.457590
vn 0.171214 0.934470 0.312172
vn -0.384021 0.922403 0.041246
vn -0.789550 0.559693 -0.251703
vn -0.852937 0.003577 -0.522001
vn -0.611829 -0.561152 -0.557470
vn -0.121249 -0.902750 -0.412724
vn 0.431419 -0.890738 -0.143051
vn 0.835073 -0.529705 0.148544
vn 0.935533 0.042447 0.350681
vn 0.694425 0.607176 0.386150
vn 0.203844 0.948774 0.241404
vn -0.348823 0.936762 -0.028270
vn -0.752478 0.575729 -0.319865
vn -0.176237 0.180438 -0.967669
vn -0.035938 -0.148175 -0.988308
vn 0.249528 -0.346949 -0.904081
vn 0.571122 -0.339959 -0.747159
vn 0.806007 -0.129876 -0.577482
vn 0.864463 0.203056 -0.459860
vn 0.724164 0.531669 -0.439221
vn 0.438698 0.730443 -0.523448
vn 0.117104 0.723453 -0.680369
vn -0.117780 0.513370 -0.850047
vn 0.422093 0.235199 -0.875511
f 5658/5658/5028 5659/5659/5029 5648/5648/5030 5647/5647/5030
f 5659/5659/5029 5660/5660/5031 5649/5649/5030 5648/5648/5030
f 5660/5660/5031 5661/5661/5032 5650/5650/5030 5649/5649/5030
f 5661/5661/5032 5662/5662/5033 5651/5651/5030 5650/5650/5030
f 5662/5662/5033 5663/5663/5034 5652/5652/5030 5651/5651/5030
f 5663/5663/5034 5664/5664/5035 5653/5653/5030 5652/5652/5030
f 5664/5664/5035 5665/5665/5036 5654/5654/5030 5653/5653/5030
f 5665/5665/5036 5666/5666/5037 5655/5655/5030 5654/5654/5030
f 5666/5666/5037 5667/5667/5038 5656/5656/5030 5655/5655/5030
f 5667/5667/5038 5668/5668/5028 5657/5657/5030 5656/5656/5030
f 5669/5669/5039 5670/5670/5040 5659/5659/5029 5658/5658/5028
f 5670/5670/5040 5671/5671/5041 5660/5660/5031 5659/5659/5029
f 5671/5671/5041 5672/5672/5042 5661/5661/5032 5660/5660/5031
f 5672/5672/5042 5673/5673/5043 5662/5662/5033 5661/5661/5032
f 5673/5673/5043 5674/5674/5044 5663/5663/5034 5662/5662/5033
f 5674/5674/5044 5675/5675/5045 5664/5664/5035 5663/5663/5034
f 5675/5675/5045 5676/5676/5046 5665/5665/5036 5664/5664/5035
f 5676/5676/5046 5677/5677/5047 5666/5666/5037 5665/5665/5036
f 5677/5677/5047 5678/5678/5048 5667/5667/5038 5666/5666/5037
f 5678/5678/5048 5679/5679/5039 5668/5668/5028 5667/5667/5038
f 5680/5680/5049 5681/5681/5050 5670/5670/5040 5669/5669/5039
f 5681/5681/5050 5682/5682/5051 5671/5671/5041 5670/5670/5040
f 5682/5682/5051 5683/5683/5052 5672/5672/5042 5671/5671/5041
f 5683/5683/5052 5684/5684/5053 5673/5673/5043 5672/5672/5042
f 5684/5684/5053 5685/5685/5054 5674/5674/5044 5673/5673/5043
f 5685/5685/5054 5686/5686/5055 5675/5675/5045 5674/5674/5044
f 5686/5686/5055 5687/5687/5056 5676/5676/5046 5675/5675/5045
f 5687/5687/5056 5688/5688/5057 5677/5677/5047 5676/5676/5046
f 5688/5688/5057 5689/5689/5058 5678/5678/5048 5677/5677/5047
f 5689/5689/5058 5690/5690/5049 5679/5679/5039 5678/5678/5048
f 5691/5691/5059 5692/5692/5060 5681/5681/5050 5680/5680/5049
f 5692/5692/5060 5693/5693/5061 5682/5682/5051 5681/5681/5050
f 5693/5693/5061 5694/5694/5062 5683/5683/5052 5682/5682/5051
f 5694/5694/5062 5695/5695/5063 5684/5684/5053 5683/5683/5052
f 5695/5695/5063 5696/5696/5064 5685/5685/5054 5684/5684/5053
f 5696/5696/5064 5697/5697/5065 5686/5686/5055 5685/5685/5054
f 5697/5697/5065 5698/5698/5066 5687/5687/5056 5686/5686/5055
f 5698/5698/5066 5699/5699/5067 5688/5688/5057 5687/5687/5056
f 5699/5699/5067 5700/5700/5068 5689/5689/5058 5688/5688/5057
f 5700/5700/5068 5701/5701/5059 5690/5690/5049 5689/5689/5058
f 5702/5702/5069 5703/5703/5069 5692/5692/5060 5691/5691/5059
f 5703/5703/5069 5704/5704/5069 5693/5693/5061 5692/5692/5060
f 5704/5704/5069 5705/5705/5069 5694/5694/5062 5693/5693/5061
f 5705/5705/5069 5706/5706/5069 5695/5695/5063 5694/5694/5062
f 5706/5706/5069 5707/5707/5069 5696/5696/5064 5695/5695/5063
f 5707/5707/5069 5708/5708/5069 5697/5697/5065 5696/5696/5064
f 5708/5708/5069 5709/5709/5069 5698/5698/5066 5697/5697/5065
f 5709/5709/5069 5710/5710/5069 5699/5699/5067 5698/5698/5066
f 5710/5710/5069 5711/5711/5069 5700/5700/5068 5699/5699/5067
f 5711/5711/5069 5712/5712/5069 5701/5701/5059 5700/5700/5068
f 5714/5714/5030 5715/5715/5030 5713/5713/5030
f 5715/5715/5030 5716/5716/5030 5713/5713/5030
f 5716/5716/5030 5717/5717/5030 5713/5713/5030
f 5717/5717/5030 5718/5718/5030 5713/5713/5030
f 5718/5718/5030 5719/5719/5030 5713/5713/5030
f 5719/5719/5030 5720/5720/5030 5713/5713/5030
f 5720/5720/5030 5721/5721/5030 5713/5713/5030
f 5721/5721/5030 5722/5722/5030 5713/5713/5030
f 5722/5722/5030 5723/5723/5030 5713/5713/5030
f 5723/5723/5030 5714/5714/5030 5713/5713/5030
f 5726/5726/5069 5725/5725/5069 5724/5724/5069
f 5727/5727/5069 5726/5726/5069 5724/5724/5069
f 5728/5728/5069 5727/5727/5069 5724/5724/5069
f 5729/5729/5069 5728/5728/5069 5724/5724/5069
f 5730/5730/5069 5729/5729/5069 5724/5724/5069
f 5731/5731/5069 5730/5730/5069 5724/5724/5069
f 5732/5732/5069 5731/5731/5069 5724/5724/5069
f 5733/5733/5069 5732/5732/5069 5724/5724/5069
f 5734/5734/5069 5733/5733/5069 5724/5724/5069
f 5725/5725/5069 5734/5734/5069 5724/5724/5069

o Thumb_R
usemtl Skin_Tom
v 0.095444 0.093917 -0.354404
v 0.095444 0.093917 -0.354404
v 0.095444 0.093917 -0.354404
v 0.095444 0.093917 -0.354404
v 0.095444 0.093917 -0.354404
v 0.095444 0.093917 -0.354404
v 0.095444 0.093917 -0.354404
v 0.095444 0.093917 -0.354404
v 0.095444 0.093917 -0.354404
v 0.095444 0.093917 -0.354404
v 0.095444 0.093917 -0.354404
v 0.091969 0.081551 -0.350195
v 0.091094 0.086436 -0.344020
v 0.093180 0.093492 -0.341085
v 0.097430 0.100024 -0.342510
v 0.102220 0.103536 -0.347750
v 0.105721 0.102688 -0.354805
v 0.106596 0.097803 -0.360979
v 0.104510 0.090747 -0.363915
v 0.100261 0.084216 -0.362490
v 0.095470 0.080703 -0.357249
v 0.091969 0.081551 -0.350195
v 0.094306 0.078119 -0.347934
v 0.093296 0.083760 -0.340805
v 0.095704 0.091907 -0.337415
v 0.100611 0.099449 -0.339060
v 0.106143 0.103505 -0.345112
v 0.110186 0.102525 -0.353258
v 0.111196 0.096885 -0.360387
v 0.108788 0.088737 -0.363777
v 0.103881 0.081196 -0.362132
v 0.098349 0.077140 -0.356080
v 0.094306 0.078119 -0.347934
v 0.124892 0.062938 -0.331237
v 0.123943 0.068240 -0.324535
v 0.126207 0.075898 -0.321349
v 0.130819 0.082988 -0.322896
v 0.136019 0.086800 -0.328584
v 0.139819 0.085879 -0.336241
v 0.140769 0.080577 -0.342943
v 0.138505 0.072919 -0.346129
v 0.133892 0.065830 -0.344583
v 0.128693 0.062017 -0.338894
v 0.124892 0.062938 -0.331237
v 0.095444 0.093917 -0.354404
v 0.095444 0.093917 -0.354404
v 0.095444 0.093917 -0.354404
v 0.095444 0.093917 -0.354404
v 0.095444 0.093917 -0.354404
v 0.095444 0.093917 -0.354404
v 0.095444 0.093917 -0.354404
v 0.095444 0.093917 -0.354404
v 0.095444 0.093917 -0.354404
v 0.095444 0.093917 -0.354404
v 0.095444 0.093917 -0.354404
v 0.132356 0.074409 -0.333739
v 0.124892 0.062938 -0.331237
v 0.123943 0.068240 -0.324535
v 0.126207 0.075898 -0.321349
v 0.130819 0.082988 -0.322896
v 0.136019 0.086800 -0.328584
v 0.139819 0.085879 -0.336241
v 0.140769 0.080577 -0.342943
v 0.138505 0.072919 -0.346129
v 0.133892 0.065830 -0.344583
v 0.128693 0.062017 -0.338894
vt 0.000000 0.600000
vt 0.100000 0.600000
vt 0.200000 0.600000
vt 0.300000 0.600000
vt 0.400000 0.600000
vt 0.500000 0.600000
vt 0.600000 0.600000
vt 0.700000 0.600000
vt 0.800000 0.600000
vt 0.900000 0.600000
vt 1.000000 0.600000
vt 0.000000 0.636854
vt 0.100000 0.636854
vt 0.200000 0.636854
vt 0.300000 0.636854
vt 0.400000 0.636854
vt 0.500000 0.636854
vt 0.600000 0.636854
vt 0.700000 0.636854
vt 0.800000 0.636854
vt 0.900000 0.636854
vt 1.000000 0.636854
vt 0.000000 0.673708
vt 0.100000 0.673708
vt 0.200000 0.673708
vt 0.300000 0.673708
vt 0.400000 0.673708
vt 0.500000 0.673708
vt 0.600000 0.673708
vt 0.700000 0.673708
vt 0.800000 0.673708
vt 0.900000 0.673708
vt 1.000000 0.673708
vt 0.000000 1.000000
vt 0.100000 1.000000
vt 0.200000 1.000000
vt 0.300000 1.000000
vt 0.400000 1.000000
vt 0.500000 1.000000
vt 0.600000 1.000000
vt 0.700000 1.000000
vt 0.800000 1.000000
vt 0.900000 1.000000
vt 1.000000 1.000000
vt 0.500000 0.500000
vt 0.950000 0.500000
vt 0.864058 0.764503
vt 0.639058 0.927975
vt 0.360942 0.927975
vt 0.135942 0.764503
vt 0.050000 0.500000
vt 0.135942 0.235497
vt 0.360942 0.072025
vt 0.639058 0.072025
vt 0.864058 0.235497
vt 0.500000 0.500000
vt 0.950000 0.500000
vt 0.864058 0.764503
vt 0.639058 0.927975
vt 0.360942 0.927975
vt 0.135942 0.764503
vt 0.050000 0.500000
vt 0.135942 0.235497
vt 0.360942 0.072025
vt 0.639058 0.072025
vt 0.864058 0.235497
vn -0.954214 -0.183794 -0.236001
vn -0.996602 0.052883 0.063151
vn -0.792366 0.418781 -0.443598
vn -0.895547 0.394738 0.205373
vn -0.689647 0.711195 0.136342
vn -0.457550 0.881376 -0.117574
vn -0.287909 0.840280 -0.459389
vn -0.245520 0.603603 -0.758540
vn -0.346576 0.261748 -0.900763
vn -0.552475 -0.054709 -0.831732
vn -0.784572 -0.224890 -0.577816
vn -0.555480 -0.814159 0.169079
vn -0.623717 -0.433151 0.650659
vn -0.461036 0.117174 0.879611
vn -0.129575 0.626612 0.768484
vn 0.244059 0.900574 0.359724
vn 0.517151 0.834416 -0.190536
vn 0.585389 0.453408 -0.672116
vn 0.422708 -0.096917 -0.901069
vn 0.091247 -0.606355 -0.789942
vn -0.282388 -0.880317 -0.381182
vn -0.517815 -0.834087 0.190174
vn -0.586054 -0.453072 0.671764
vn -0.423370 0.097264 0.900721
vn -0.091902 0.606712 0.789591
vn 0.281740 0.880679 0.380823
vn 0.554837 0.814520 -0.169448
vn 0.623076 0.433505 -0.651037
vn 0.460392 -0.116831 -0.879994
vn 0.128924 -0.626279 -0.768865
vn -0.244717 -0.900246 -0.360097
vn 0.792366 -0.418781 0.443598
vn 0.792366 -0.418781 0.443598
vn 0.792366 -0.418781 0.443598
vn 0.792366 -0.418781 0.443598
vn 0.792366 -0.418781 0.443598
vn 0.792366 -0.418781 0.443598
vn 0.792366 -0.418781 0.443598
vn 0.792366 -0.418781 0.443598
vn 0.792366 -0.418781 0.443598
vn 0.792366 -0.418781 0.443598
vn 0.792366 -0.418781 0.443598
f 5746/5746/5070 5747/5747/5071 5736/5736/5072 5735/5735/5072
f 5747/5747/5071 5748/5748/5073 5737/5737/5072 5736/5736/5072
f 5748/5748/5073 5749/5749/5074 5738/5738/5072 5737/5737/5072
f 5749/5749/5074 5750/5750/5075 5739/5739/5072 5738/5738/5072
f 5750/5750/5075 5751/5751/5076 5740/5740/5072 5739/5739/5072
f 5751/5751/5076 5752/5752/5077 5741/5741/5072 5740/5740/5072
f 5752/5752/5077 5753/5753/5078 5742/5742/5072 5741/5741/5072
f 5753/5753/5078 5754/5754/5079 5743/5743/5072 5742/5742/5072
f 5754/5754/5079 5755/5755/5080 5744/5744/5072 5743/5743/5072
f 5755/5755/5080 5756/5756/5070 5745/5745/5072 5744/5744/5072
f 5757/5757/5081 5758/5758/5082 5747/5747/5071 5746/5746/5070
f 5758/5758/5082 5759/5759/5083 5748/5748/5073 5747/5747/5071
f 5759/5759/5083 5760/5760/5084 5749/5749/5074 5748/5748/5073
f 5760/5760/5084 5761/5761/5085 5750/5750/5075 5749/5749/5074
f 5761/5761/5085 5762/5762/5086 5751/5751/5076 5750/5750/5075
f 5762/5762/5086 5763/5763/5087 5752/5752/5077 5751/5751/5076
f 5763/5763/5087 5764/5764/5088 5753/5753/5078 5752/5752/5077
f 5764/5764/5088 5765/5765/5089 5754/5754/5079 5753/5753/5078
f 5765/5765/5089 5766/5766/5090 5755/5755/5080 5754/5754/5079
f 5766/5766/5090 5767/5767/5081 5756/5756/5070 5755/5755/5080
f 5768/5768/5091 5769/5769/5092 5758/5758/5082 5757/5757/5081
f 5769/5769/5092 5770/5770/5093 5759/5759/5083 5758/5758/5082
f 5770/5770/5093 5771/5771/5094 5760/5760/5084 5759/5759/5083
f 5771/5771/5094 5772/5772/5095 5761/5761/5085 5760/5760/5084
f 5772/5772/5095 5773/5773/5096 5762/5762/5086 5761/5761/5085
f 5773/5773/5096 5774/5774/5097 5763/5763/5087 5762/5762/5086
f 5774/5774/5097 5775/5775/5098 5764/5764/5088 5763/5763/5087
f 5775/5775/5098 5776/5776/5099 5765/5765/5089 5764/5764/5088
f 5776/5776/5099 5777/5777/5100 5766/5766/5090 5765/5765/5089
f 5777/5777/5100 5778/5778/5091 5767/5767/5081 5766/5766/5090
f 5780/5780/5072 5781/5781/5072 5779/5779/5072
f 5781/5781/5072 5782/5782/5072 5779/5779/5072
f 5782/5782/5072 5783/5783/5072 5779/5779/5072
f 5783/5783/5072 5784/5784/5072 5779/5779/5072
f 5784/5784/5072 5785/5785/5072 5779/5779/5072
f 5785/5785/5072 5786/5786/5072 5779/5779/5072
f 5786/5786/5072 5787/5787/5072 5779/5779/5072
f 5787/5787/5072 5788/5788/5072 5779/5779/5072
f 5788/5788/5072 5789/5789/5072 5779/5779/5072
f 5789/5789/5072 5780/5780/5072 5779/5779/5072
f 5792/5792/5101 5791/5791/5102 5790/5790/5103
f 5793/5793/5104 5792/5792/5101 5790/5790/5103
f 5794/5794/5105 5793/5793/5104 5790/5790/5103
f 5795/5795/5106 5794/5794/5105 5790/5790/5103
f 5796/5796/5107 5795/5795/5106 5790/5790/5103
f 5797/5797/5108 5796/5796/5107 5790/5790/5103
f 5798/5798/5109 5797/5797/5108 5790/5790/5103
f 5799/5799/5110 5798/5798/5109 5790/5790/5103
f 5800/5800/5111 5799/5799/5110 5790/5790/5103
f 5791/5791/5102 5800/5800/5111 5790/5790/5103

o Thumb_Tip_R
usemtl Skin_Tom
v 0.125745 0.078927 -0.332745
v 0.125745 0.078927 -0.332745
v 0.125745 0.078927 -0.332745
v 0.125745 0.078927 -0.332745
v 0.125745 0.078927 -0.332745
v 0.125745 0.078927 -0.332745
v 0.125745 0.078927 -0.332745
v 0.125745 0.078927 -0.332745
v 0.125745 0.078927 -0.332745
v 0.125745 0.078927 -0.332745
v 0.125745 0.078927 -0.332745
v 0.122587 0.066734 -0.331075
v 0.125254 0.069206 -0.324578
v 0.129371 0.074529 -0.321390
v 0.133366 0.080669 -0.322729
v 0.135712 0.085280 -0.328084
v 0.135514 0.086602 -0.335409
v 0.132847 0.084129 -0.341907
v 0.128730 0.078806 -0.345095
v 0.124735 0.072667 -0.343755
v 0.122389 0.068055 -0.338400
v 0.122587 0.066734 -0.331075
v 0.124892 0.062938 -0.331237
v 0.127972 0.065793 -0.323734
v 0.132726 0.071939 -0.320053
v 0.137339 0.079028 -0.321600
v 0.140048 0.084353 -0.327783
v 0.139819 0.085879 -0.336241
v 0.136740 0.083024 -0.343744
v 0.131985 0.076878 -0.347425
v 0.127373 0.069789 -0.345879
v 0.124664 0.064464 -0.339695
v 0.124892 0.062938 -0.331237
v 0.150266 0.047359 -0.335199
v 0.153018 0.049911 -0.328495
v 0.157266 0.055403 -0.325205
v 0.161388 0.061738 -0.326587
v 0.163809 0.066497 -0.332113
v 0.163605 0.067860 -0.339671
v 0.160853 0.065309 -0.346376
v 0.156604 0.059817 -0.349666
v 0.152482 0.053481 -0.348284
v 0.150061 0.048723 -0.342758
v 0.150266 0.047359 -0.335199
v 0.154113 0.046714 -0.335943
v 0.156496 0.048924 -0.330137
v 0.160176 0.053680 -0.327288
v 0.163745 0.059166 -0.328485
v 0.165842 0.063287 -0.333270
v 0.165665 0.064468 -0.339816
v 0.163282 0.062259 -0.345622
v 0.159602 0.057502 -0.348471
v 0.156033 0.052016 -0.347274
v 0.153936 0.047895 -0.342489
v 0.154113 0.046714 -0.335943
v 0.162843 0.053572 -0.338324
v 0.162843 0.053572 -0.338324
v 0.162843 0.053572 -0.338324
v 0.162843 0.053572 -0.338324
v 0.162843 0.053572 -0.338324
v 0.162843 0.053572 -0.338324
v 0.162843 0.053572 -0.338324
v 0.162843 0.053572 -0.338324
v 0.162843 0.053572 -0.338324
v 0.162843 0.053572 -0.338324
v 0.162843 0.053572 -0.338324
v 0.125745 0.078927 -0.332745
v 0.125745 0.078927 -0.332745
v 0.125745 0.078927 -0.332745
v 0.125745 0.078927 -0.332745
v 0.125745 0.078927 -0.332745
v 0.125745 0.078927 -0.332745
v 0.125745 0.078927 -0.332745
v 0.125745 0.078927 -0.332745
v 0.125745 0.078927 -0.332745
v 0.125745 0.078927 -0.332745
v 0.125745 0.078927 -0.332745
v 0.162843 0.053572 -0.338324
v 0.162843 0.053572 -0.338324
v 0.162843 0.053572 -0.338324
v 0.162843 0.053572 -0.338324
v 0.162843 0.053572 -0.338324
v 0.162843 0.053572 -0.338324
v 0.162843 0.053572 -0.338324
v 0.162843 0.053572 -0.338324
v 0.162843 0.053572 -0.338324
v 0.162843 0.053572 -0.338324
v 0.162843 0.053572 -0.338324
vt 0.000000 0.600000
vt 0.100000 0.600000
vt 0.200000 0.600000
vt 0.300000 0.600000
vt 0.400000 0.600000
vt 0.500000 0.600000
vt 0.600000 0.600000
vt 0.700000 0.600000
vt 0.800000 0.600000
vt 0.900000 0.600000
vt 1.000000 0.600000
vt 0.000000 0.635641
vt 0.100000 0.635641
vt 0.200000 0.635641
vt 0.300000 0.635641
vt 0.400000 0.635641
vt 0.500000 0.635641
vt 0.600000 0.635641
vt 0.700000 0.635641
vt 0.800000 0.635641
vt 0.900000 0.635641
vt 1.000000 0.635641
vt 0.000000 0.671281
vt 0.100000 0.671281
vt 0.200000 0.671281
vt 0.300000 0.671281
vt 0.400000 0.671281
vt 0.500000 0.671281
vt 0.600000 0.671281
vt 0.700000 0.671281
vt 0.800000 0.671281
vt 0.900000 0.671281
vt 1.000000 0.671281
vt 0.000000 0.936302
vt 0.100000 0.936302
vt 0.200000 0.936302
vt 0.300000 0.936302
vt 0.400000 0.936302
vt 0.500000 0.936302
vt 0.600000 0.936302
vt 0.700000 0.936302
vt 0.800000 0.936302
vt 0.900000 0.936302
vt 1.000000 0.936302
vt 0.000000 0.968151
vt 0.100000 0.968151
vt 0.200000 0.968151
vt 0.300000 0.968151
vt 0.400000 0.968151
vt 0.500000 0.968151
vt 0.600000 0.968151
vt 0.700000 0.968151
vt 0.800000 0.968151
vt 0.900000 0.968151
vt 1.000000 0.968151
vt 0.000000 1.000000
vt 0.100000 1.000000
vt 0.200000 1.000000
vt 0.300000 1.000000
vt 0.400000 1.000000
vt 0.500000 1.000000
vt 0.600000 1.000000
vt 0.700000 1.000000
vt 0.800000 1.000000
vt 0.900000 1.000000
vt 1.000000 1.000000
vt 0.500000 0.500000
vt 0.950000 0.500000
vt 0.864058 0.764503
vt 0.639058 0.927975
vt 0.360942 0.927975
vt 0.135942 0.764503
vt 0.050000 0.500000
vt 0.135942 0.235497
vt 0.360942 0.072025
vt 0.639058 0.072025
vt 0.864058 0.235497
vt 0.500000 0.500000
vt 0.950000 0.500000
vt 0.864058 0.764503
vt 0.639058 0.927975
vt 0.360942 0.927975
vt 0.135942 0.764503
vt 0.050000 0.500000
vt 0.135942 0.235497
vt 0.360942 0.072025
vt 0.639058 0.072025
vt 0.864058 0.235497
vn -0.975334 -0.073141 0.208265
vn -0.837864 0.054312 0.543171
vn -0.819311 0.559954 0.123208
vn -0.625649 0.328663 0.707491
vn -0.419750 0.645119 0.638460
vn -0.298812 0.882805 0.362446
vn -0.309029 0.950932 -0.015123
vn -0.446499 0.823479 -0.350029
vn -0.658713 0.549128 -0.514349
vn -0.864613 0.232672 -0.445318
vn -0.985551 -0.005014 -0.169304
vn -0.545044 -0.818605 0.181144
vn -0.323689 -0.613380 0.720410
vn 0.018019 -0.171619 0.984999
vn 0.349559 0.337940 0.873845
vn 0.544294 0.720662 0.429407
vn 0.527842 0.830362 -0.178557
vn 0.306487 0.625136 -0.717823
vn -0.035221 0.183376 -0.982412
vn -0.366761 -0.326183 -0.871258
vn -0.561496 -0.708906 -0.426820
vn -0.461880 -0.870837 0.168254
vn -0.241381 -0.666405 0.705435
vn 0.099005 -0.226353 0.969001
vn 0.429263 0.281236 0.858277
vn 0.623246 0.662478 0.415557
vn 0.606857 0.771753 -0.190056
vn 0.386358 0.567322 -0.727237
vn 0.045972 0.127269 -0.990802
vn -0.284286 -0.380320 -0.880079
vn -0.478268 -0.761562 -0.437359
vn 0.309029 -0.950932 0.015123
vn 0.446499 -0.823479 0.350029
vn 0.658713 -0.549128 0.514349
vn 0.864613 -0.232672 0.445318
vn 0.985551 0.005014 0.169304
vn 0.975334 0.073141 -0.208265
vn 0.837864 -0.054312 -0.543171
vn 0.625649 -0.328663 -0.707491
vn 0.419750 -0.645119 -0.638460
vn 0.298812 -0.882805 -0.362446
vn 0.819311 -0.559954 -0.123208
f 5812/5812/5112 5813/5813/5113 5802/5802/5114 5801/5801/5114
f 5813/5813/5113 5814/5814/5115 5803/5803/5114 5802/5802/5114
f 5814/5814/5115 5815/5815/5116 5804/5804/5114 5803/5803/5114
f 5815/5815/5116 5816/5816/5117 5805/5805/5114 5804/5804/5114
f 5816/5816/5117 5817/5817/5118 5806/5806/5114 5805/5805/5114
f 5817/5817/5118 5818/5818/5119 5807/5807/5114 5806/5806/5114
f 5818/5818/5119 5819/5819/5120 5808/5808/5114 5807/5807/5114
f 5819/5819/5120 5820/5820/5121 5809/5809/5114 5808/5808/5114
f 5820/5820/5121 5821/5821/5122 5810/5810/5114 5809/5809/5114
f 5821/5821/5122 5822/5822/5112 5811/5811/5114 5810/5810/5114
f 5823/5823/5123 5824/5824/5124 5813/5813/5113 5812/5812/5112
f 5824/5824/5124 5825/5825/5125 5814/5814/5115 5813/5813/5113
f 5825/5825/5125 5826/5826/5126 5815/5815/5116 5814/5814/5115
f 5826/5826/5126 5827/5827/5127 5816/5816/5117 5815/5815/5116
f 5827/5827/5127 5828/5828/5128 5817/5817/5118 5816/5816/5117
f 5828/5828/5128 5829/5829/5129 5818/5818/5119 5817/5817/5118
f 5829/5829/5129 5830/5830/5130 5819/5819/5120 5818/5818/5119
f 5830/5830/5130 5831/5831/5131 5820/5820/5121 5819/5819/5120
f 5831/5831/5131 5832/5832/5132 5821/5821/5122 5820/5820/5121
f 5832/5832/5132 5833/5833/5123 5822/5822/5112 5821/5821/5122
f 5834/5834/5133 5835/5835/5134 5824/5824/5124 5823/5823/5123
f 5835/5835/5134 5836/5836/5135 5825/5825/5125 5824/5824/5124
f 5836/5836/5135 5837/5837/5136 5826/5826/5126 5825/5825/5125
f 5837/5837/5136 5838/5838/5137 5827/5827/5127 5826/5826/5126
f 5838/5838/5137 5839/5839/5138 5828/5828/5128 5827/5827/5127
f 5839/5839/5138 5840/5840/5139 5829/5829/5129 5828/5828/5128
f 5840/5840/5139 5841/5841/5140 5830/5830/5130 5829/5829/5129
f 5841/5841/5140 5842/5842/5141 5831/5831/5131 5830/5830/5130
f 5842/5842/5141 5843/5843/5142 5832/5832/5132 5831/5831/5131
f 5843/5843/5142 5844/5844/5133 5833/5833/5123 5832/5832/5132
f 5845/5845/5143 5846/5846/5144 5835/5835/5134 5834/5834/5133
f 5846/5846/5144 5847/5847/5145 5836/5836/5135 5835/5835/5134
f 5847/5847/5145 5848/5848/5146 5837/5837/5136 5836/5836/5135
f 5848/5848/5146 5849/5849/5147 5838/5838/5137 5837/5837/5136
f 5849/5849/5147 5850/5850/5148 5839/5839/5138 5838/5838/5137
f 5850/5850/5148 5851/5851/5149 5840/5840/5139 5839/5839/5138
f 5851/5851/5149 5852/5852/5150 5841/5841/5140 5840/5840/5139
f 5852/5852/5150 5853/5853/5151 5842/5842/5141 5841/5841/5140
f 5853/5853/5151 5854/5854/5152 5843/5843/5142 5842/5842/5141
f 5854/5854/5152 5855/5855/5143 5844/5844/5133 5843/5843/5142
f 5856/5856/5153 5857/5857/5153 5846/5846/5144 5845/5845/5143
f 5857/5857/5153 5858/5858/5153 5847/5847/5145 5846/5846/5144
f 5858/5858/5153 5859/5859/5153 5848/5848/5146 5847/5847/5145
f 5859/5859/5153 5860/5860/5153 5849/5849/5147 5848/5848/5146
f 5860/5860/5153 5861/5861/5153 5850/5850/5148 5849/5849/5147
f 5861/5861/5153 5862/5862/5153 5851/5851/5149 5850/5850/5148
f 5862/5862/5153 5863/5863/5153 5852/5852/5150 5851/5851/5149
f 5863/5863/5153 5864/5864/5153 5853/5853/5151 5852/5852/5150
f 5864/5864/5153 5865/5865/5153 5854/5854/5152 5853/5853/5151
f 5865/5865/5153 5866/5866/5153 5855/5855/5143 5854/5854/5152
f 5868/5868/5114 5869/5869/5114 5867/5867/5114
f 5869/5869/5114 5870/5870/5114 5867/5867/5114
f 5870/5870/5114 5871/5871/5114 5867/5867/5114
f 5871/5871/5114 5872/5872/5114 5867/5867/5114
f 5872/5872/5114 5873/5873/5114 5867/5867/5114
f 5873/5873/5114 5874/5874/5114 5867/5867/5114
f 5874/5874/5114 5875/5875/5114 5867/5867/5114
f 5875/5875/5114 5876/5876/5114 5867/5867/5114
f 5876/5876/5114 5877/5877/5114 5867/5867/5114
f 5877/5877/5114 5868/5868/5114 5867/5867/5114
f 5880/5880/5153 5879/5879/5153 5878/5878/5153
f 5881/5881/5153 5880/5880/5153 5878/5878/5153
f 5882/5882/5153 5881/5881/5153 5878/5878/5153
f 5883/5883/5153 5882/5882/5153 5878/5878/5153
f 5884/5884/5153 5883/5883/5153 5878/5878/5153
f 5885/5885/5153 5884/5884/5153 5878/5878/5153
f 5886/5886/5153 5885/5885/5153 5878/5878/5153
f 5887/5887/5153 5886/5886/5153 5878/5878/5153
f 5888/5888/5153 5887/5887/5153 5878/5878/5153
f 5879/5879/5153 5888/5888/5153 5878/5878/5153
